date,Q_total,Q_sensible,Q_latent,outdoor_air_flow,heating_setpoint,cooling_setpoint,humidifying_setpoint,dehumidifying_setpoint,state
2001-01-01 00:30:00,193.66902341149216,193.66902341149216,0.0,0.0,20.0,27.0,0.0,100.0,1.0
2001-01-01 01:30:00,287.05828912293873,287.05828912293873,0.0,0.0,20.0,27.0,0.0,100.0,1.0
2001-01-01 02:30:00,364.9257791950495,364.9257791950495,0.0,0.0,20.0,27.0,0.0,100.0,1.0
2001-01-01 03:30:00,428.0157448907594,428.0157448907594,0.0,0.0,20.0,27.0,0.0,100.0,1.0
2001-01-01 04:30:00,488.07398318878313,488.07398318878313,0.0,0.0,20.0,27.0,0.0,100.0,1.0
2001-01-01 05:30:00,540.3539927949923,540.3539927949923,0.0,0.0,20.0,27.0,0.0,100.0,1.0
2001-01-01 06:30:00,589.4954131937357,589.4954131937357,0.0,0.0,20.0,27.0,0.0,100.0,1.0
2001-01-01 07:30:00,634.0811570613769,634.0811570613769,0.0,0.0,20.0,27.0,0.0,100.0,1.0
2001-01-01 08:30:00,606.7775829200564,606.7775829200564,0.0,0.0,20.0,27.0,0.0,100.0,1.0
2001-01-01 09:30:00,0.0,0.0,0.0,0.0,20.0,27.0,0.0,100.0,3.0
2001-01-01 10:30:00,0.0,0.0,0.0,0.0,20.0,27.0,0.0,100.0,3.0
2001-01-01 11:30:00,-1531.333308464692,-1531.333308464692,0.0,0.0,20.0,27.0,0.0,100.0,-1.0
2001-01-01 12:30:00,-2980.947276274189,-2980.947276274189,0.0,0.0,20.0,27.0,0.0,100.0,-1.0
2001-01-01 13:30:00,-2821.3759014530033,-2821.3759014530033,0.0,0.0,20.0,27.0,0.0,100.0,-1.0
2001-01-01 14:30:00,-2667.9441486827263,-2667.9441486827263,0.0,0.0,20.0,27.0,0.0,100.0,-1.0
2001-01-01 15:30:00,-2225.6272278608676,-2225.6272278608676,0.0,0.0,20.0,27.0,0.0,100.0,-1.0
2001-01-01 16:30:00,-1218.9273398810428,-1218.9273398810428,0.0,0.0,20.0,27.0,0.0,100.0,-1.0
2001-01-01 17:30:00,-321.9687795039208,-321.9687795039208,0.0,0.0,20.0,27.0,0.0,100.0,-1.0
2001-01-01 18:30:00,0.0,0.0,0.0,0.0,20.0,27.0,0.0,100.0,3.0
2001-01-01 19:30:00,0.0,0.0,0.0,0.0,20.0,27.0,0.0,100.0,3.0
2001-01-01 20:30:00,0.0,0.0,0.0,0.0,20.0,27.0,0.0,100.0,3.0
2001-01-01 21:30:00,0.0,0.0,0.0,0.0,20.0,27.0,0.0,100.0,3.0
2001-01-01 22:30:00,0.0,0.0,0.0,0.0,20.0,27.0,0.0,100.0,3.0
2001-01-01 23:30:00,0.0,0.0,0.0,0.0,20.0,27.0,0.0,100.0,3.0
2001-01-02 00:30:00,217.74005444258637,217.74005444258637,0.0,0.0,20.0,27.0,0.0,100.0,1.0
2001-01-02 01:30:00,388.10037889354044,388.10037889354044,0.0,0.0,20.0,27.0,0.0,100.0,1.0
2001-01-02 02:30:00,506.656214818413,506.656214818413,0.0,0.0,20.0,27.0,0.0,100.0,1.0
2001-01-02 03:30:00,599.3337067076591,599.3337067076591,0.0,0.0,20.0,27.0,0.0,100.0,1.0
2001-01-02 04:30:00,670.8091731516015,670.8091731516015,0.0,0.0,20.0,27.0,0.0,100.0,1.0
2001-01-02 05:30:00,731.3717153583866,731.3717153583866,0.0,0.0,20.0,27.0,0.0,100.0,1.0
2001-01-02 06:30:00,790.425394448207,790.425394448207,0.0,0.0,20.0,27.0,0.0,100.0,1.0
2001-01-02 07:30:00,840.3935527961057,840.3935527961057,0.0,0.0,20.0,27.0,0.0,100.0,1.0
2001-01-02 08:30:00,811.0810188827718,811.0810188827718,0.0,0.0,20.0,27.0,0.0,100.0,1.0
2001-01-02 09:30:00,0.0,0.0,0.0,0.0,20.0,27.0,0.0,100.0,3.0
2001-01-02 10:30:00,-378.6885497218982,-378.6885497218982,0.0,0.0,20.0,27.0,0.0,100.0,-1.0
2001-01-02 11:30:00,-1971.3772834180263,-1971.3772834180263,0.0,0.0,20.0,27.0,0.0,100.0,-1.0
2001-01-02 12:30:00,-1666.3313528776134,-1666.3313528776134,0.0,0.0,20.0,27.0,0.0,100.0,-1.0
2001-01-02 13:30:00,-1227.1749127001412,-1227.1749127001412,0.0,0.0,20.0,27.0,0.0,100.0,-1.0
2001-01-02 14:30:00,-575.4333753469355,-575.4333753469355,0.0,0.0,20.0,27.0,0.0,100.0,-1.0
2001-01-02 15:30:00,-753.7728356778507,-753.7728356778507,0.0,0.0,20.0,27.0,0.0,100.0,-1.0
2001-01-02 16:30:00,-681.6728387320536,-681.6728387320536,0.0,0.0,20.0,27.0,0.0,100.0,-1.0
2001-01-02 17:30:00,0.0,0.0,0.0,0.0,20.0,27.0,0.0,100.0,3.0
2001-01-02 18:30:00,0.0,0.0,0.0,0.0,20.0,27.0,0.0,100.0,3.0
2001-01-02 19:30:00,0.0,0.0,0.0,0.0,20.0,27.0,0.0,100.0,3.0
2001-01-02 20:30:00,0.0,0.0,0.0,0.0,20.0,27.0,0.0,100.0,3.0
2001-01-02 21:30:00,0.0,0.0,0.0,0.0,20.0,27.0,0.0,100.0,3.0
2001-01-02 22:30:00,130.39224112253578,130.39224112253578,0.0,0.0,20.0,27.0,0.0,100.0,1.0
2001-01-02 23:30:00,361.0997471030332,361.0997471030332,0.0,0.0,20.0,27.0,0.0,100.0,1.0
2001-01-03 00:30:00,485.71597551760624,485.71597551760624,0.0,0.0,20.0,27.0,0.0,100.0,1.0
2001-01-03 01:30:00,566.2100948323223,566.2100948323223,0.0,0.0,20.0,27.0,0.0,100.0,1.0
2001-01-03 02:30:00,615.6173257700266,615.6173257700266,0.0,0.0,20.0,27.0,0.0,100.0,1.0
2001-01-03 03:30:00,648.2495868280485,648.2495868280485,0.0,0.0,20.0,27.0,0.0,100.0,1.0
2001-01-03 04:30:00,671.1928102042039,671.1928102042039,0.0,0.0,20.0,27.0,0.0,100.0,1.0
2001-01-03 05:30:00,691.5857948052535,691.5857948052535,0.0,0.0,20.0,27.0,0.0,100.0,1.0
2001-01-03 06:30:00,706.5872154640456,706.5872154640456,0.0,0.0,20.0,27.0,0.0,100.0,1.0
2001-01-03 07:30:00,717.9206569806802,717.9206569806802,0.0,0.0,20.0,27.0,0.0,100.0,1.0
2001-01-03 08:30:00,682.1557745421705,682.1557745421705,0.0,0.0,20.0,27.0,0.0,100.0,1.0
2001-01-03 09:30:00,127.78300883605334,127.78300883605334,0.0,0.0,20.0,27.0,0.0,100.0,1.0
2001-01-03 10:30:00,0.0,0.0,0.0,0.0,20.0,27.0,0.0,100.0,3.0
2001-01-03 11:30:00,-387.94422674811267,-387.94422674811267,0.0,0.0,20.0,27.0,0.0,100.0,-1.0
2001-01-03 12:30:00,-1479.1169941010512,-1479.1169941010512,0.0,0.0,20.0,27.0,0.0,100.0,-1.0
2001-01-03 13:30:00,-957.575054645361,-957.575054645361,0.0,0.0,20.0,27.0,0.0,100.0,-1.0
2001-01-03 14:30:00,-1164.1128684657442,-1164.1128684657442,0.0,0.0,20.0,27.0,0.0,100.0,-1.0
2001-01-03 15:30:00,-881.3220367248259,-881.3220367248259,0.0,0.0,20.0,27.0,0.0,100.0,-1.0
2001-01-03 16:30:00,-865.9038746627402,-865.9038746627402,0.0,0.0,20.0,27.0,0.0,100.0,-1.0
2001-01-03 17:30:00,-71.98246321196075,-71.98246321196075,0.0,0.0,20.0,27.0,0.0,100.0,-1.0
2001-01-03 18:30:00,0.0,0.0,0.0,0.0,20.0,27.0,0.0,100.0,3.0
2001-01-03 19:30:00,0.0,0.0,0.0,0.0,20.0,27.0,0.0,100.0,3.0
2001-01-03 20:30:00,0.0,0.0,0.0,0.0,20.0,27.0,0.0,100.0,3.0
2001-01-03 21:30:00,0.0,0.0,0.0,0.0,20.0,27.0,0.0,100.0,3.0
2001-01-03 22:30:00,0.0,0.0,0.0,0.0,20.0,27.0,0.0,100.0,3.0
2001-01-03 23:30:00,168.43268766237452,168.43268766237452,0.0,0.0,20.0,27.0,0.0,100.0,1.0
2001-01-04 00:30:00,385.84590538112843,385.84590538112843,0.0,0.0,20.0,27.0,0.0,100.0,1.0
2001-01-04 01:30:00,528.8875361269975,528.8875361269975,0.0,0.0,20.0,27.0,0.0,100.0,1.0
2001-01-04 02:30:00,633.4241059910546,633.4241059910546,0.0,0.0,20.0,27.0,0.0,100.0,1.0
2001-01-04 03:30:00,717.1441969237676,717.1441969237676,0.0,0.0,20.0,27.0,0.0,100.0,1.0
2001-01-04 04:30:00,797.3453343221399,797.3453343221399,0.0,0.0,20.0,27.0,0.0,100.0,1.0
2001-01-04 05:30:00,865.2385438742858,865.2385438742858,0.0,0.0,20.0,27.0,0.0,100.0,1.0
2001-01-04 06:30:00,932.8494473890314,932.8494473890314,0.0,0.0,20.0,27.0,0.0,100.0,1.0
2001-01-04 07:30:00,991.5731186442699,991.5731186442699,0.0,0.0,20.0,27.0,0.0,100.0,1.0
2001-01-04 08:30:00,955.1213052074818,955.1213052074818,0.0,0.0,20.0,27.0,0.0,100.0,1.0
2001-01-04 09:30:00,0.0,0.0,0.0,0.0,20.0,27.0,0.0,100.0,3.0
2001-01-04 10:30:00,0.0,0.0,0.0,0.0,20.0,27.0,0.0,100.0,3.0
2001-01-04 11:30:00,-590.0466199357752,-590.0466199357752,0.0,0.0,20.0,27.0,0.0,100.0,-1.0
2001-01-04 12:30:00,-2268.212702434591,-2268.212702434591,0.0,0.0,20.0,27.0,0.0,100.0,-1.0
2001-01-04 13:30:00,-2278.260344346082,-2278.260344346082,0.0,0.0,20.0,27.0,0.0,100.0,-1.0
2001-01-04 14:30:00,-2718.1857509613556,-2718.1857509613556,0.0,0.0,20.0,27.0,0.0,100.0,-1.0
2001-01-04 15:30:00,-2788.1476350266284,-2788.1476350266284,0.0,0.0,20.0,27.0,0.0,100.0,-1.0
2001-01-04 16:30:00,-2000.6568744212482,-2000.6568744212482,0.0,0.0,20.0,27.0,0.0,100.0,-1.0
2001-01-04 17:30:00,-601.1591015936292,-601.1591015936292,0.0,0.0,20.0,27.0,0.0,100.0,-1.0
2001-01-04 18:30:00,0.0,0.0,0.0,0.0,20.0,27.0,0.0,100.0,3.0
2001-01-04 19:30:00,0.0,0.0,0.0,0.0,20.0,27.0,0.0,100.0,3.0
2001-01-04 20:30:00,0.0,0.0,0.0,0.0,20.0,27.0,0.0,100.0,3.0
2001-01-04 21:30:00,0.0,0.0,0.0,0.0,20.0,27.0,0.0,100.0,3.0
2001-01-04 22:30:00,183.4337809910612,183.4337809910612,0.0,0.0,20.0,27.0,0.0,100.0,1.0
2001-01-04 23:30:00,508.59143441901324,508.59143441901324,0.0,0.0,20.0,27.0,0.0,100.0,1.0
2001-01-05 00:30:00,693.4258624665417,693.4258624665417,0.0,0.0,20.0,27.0,0.0,100.0,1.0
2001-01-05 01:30:00,814.6640820525199,814.6640820525199,0.0,0.0,20.0,27.0,0.0,100.0,1.0
2001-01-05 02:30:00,900.5503541001817,900.5503541001817,0.0,0.0,20.0,27.0,0.0,100.0,1.0
2001-01-05 03:30:00,970.8764808369751,970.8764808369751,0.0,0.0,20.0,27.0,0.0,100.0,1.0
2001-01-05 04:30:00,1026.230719616141,1026.230719616141,0.0,0.0,20.0,27.0,0.0,100.0,1.0
2001-01-05 05:30:00,1078.6202940572848,1078.6202940572848,0.0,0.0,20.0,27.0,0.0,100.0,1.0
2001-01-05 06:30:00,1122.7577266089465,1122.7577266089465,0.0,0.0,20.0,27.0,0.0,100.0,1.0
2001-01-05 07:30:00,1162.4100161964989,1162.4100161964989,0.0,0.0,20.0,27.0,0.0,100.0,1.0
2001-01-05 08:30:00,1111.7295099722696,1111.7295099722696,0.0,0.0,20.0,27.0,0.0,100.0,1.0
2001-01-05 09:30:00,0.0,0.0,0.0,0.0,20.0,27.0,0.0,100.0,3.0
2001-01-05 10:30:00,-517.3130014093103,-517.3130014093103,0.0,0.0,20.0,27.0,0.0,100.0,-1.0
2001-01-05 11:30:00,-2403.632013507432,-2403.632013507432,0.0,0.0,20.0,27.0,0.0,100.0,-1.0
2001-01-05 12:30:00,-3360.6731172130358,-3360.6731172130358,0.0,0.0,20.0,27.0,0.0,100.0,-1.0
2001-01-05 13:30:00,-3845.3412218597705,-3845.3412218597705,0.0,0.0,20.0,27.0,0.0,100.0,-1.0
2001-01-05 14:30:00,-3931.0599632607873,-3931.0599632607873,0.0,0.0,20.0,27.0,0.0,100.0,-1.0
2001-01-05 15:30:00,-3371.7438035312452,-3371.7438035312452,0.0,0.0,20.0,27.0,0.0,100.0,-1.0
2001-01-05 16:30:00,-2386.662469154112,-2386.662469154112,0.0,0.0,20.0,27.0,0.0,100.0,-1.0
2001-01-05 17:30:00,-817.0409280701597,-817.0409280701597,0.0,0.0,20.0,27.0,0.0,100.0,-1.0
2001-01-05 18:30:00,0.0,0.0,0.0,0.0,20.0,27.0,0.0,100.0,3.0
2001-01-05 19:30:00,0.0,0.0,0.0,0.0,20.0,27.0,0.0,100.0,3.0
2001-01-05 20:30:00,0.0,0.0,0.0,0.0,20.0,27.0,0.0,100.0,3.0
2001-01-05 21:30:00,0.0,0.0,0.0,0.0,20.0,27.0,0.0,100.0,3.0
2001-01-05 22:30:00,115.64127090736201,115.64127090736201,0.0,0.0,20.0,27.0,0.0,100.0,1.0
2001-01-05 23:30:00,468.55525432139893,468.55525432139893,0.0,0.0,20.0,27.0,0.0,100.0,1.0
2001-01-06 00:30:00,659.0291582739392,659.0291582739392,0.0,0.0,20.0,27.0,0.0,100.0,1.0
2001-01-06 01:30:00,790.0396715785,790.0396715785,0.0,0.0,20.0,27.0,0.0,100.0,1.0
2001-01-06 02:30:00,875.3305284598318,875.3305284598318,0.0,0.0,20.0,27.0,0.0,100.0,1.0
2001-01-06 03:30:00,945.6182636661251,945.6182636661251,0.0,0.0,20.0,27.0,0.0,100.0,1.0
2001-01-06 04:30:00,1006.0964841628056,1006.0964841628056,0.0,0.0,20.0,27.0,0.0,100.0,1.0
2001-01-06 05:30:00,1055.0120288906892,1055.0120288906892,0.0,0.0,20.0,27.0,0.0,100.0,1.0
2001-01-06 06:30:00,1103.1246554036052,1103.1246554036052,0.0,0.0,20.0,27.0,0.0,100.0,1.0
2001-01-06 07:30:00,1144.3918429456244,1144.3918429456244,0.0,0.0,20.0,27.0,0.0,100.0,1.0
2001-01-06 08:30:00,1105.752074212227,1105.752074212227,0.0,0.0,20.0,27.0,0.0,100.0,1.0
2001-01-06 09:30:00,86.97389648790522,86.97389648790522,0.0,0.0,20.0,27.0,0.0,100.0,1.0
2001-01-06 10:30:00,0.0,0.0,0.0,0.0,20.0,27.0,0.0,100.0,3.0
2001-01-06 11:30:00,-1130.3182129279985,-1130.3182129279985,0.0,0.0,20.0,27.0,0.0,100.0,-1.0
2001-01-06 12:30:00,-2472.563993498822,-2472.563993498822,0.0,0.0,20.0,27.0,0.0,100.0,-1.0
2001-01-06 13:30:00,-2064.7290733631244,-2064.7290733631244,0.0,0.0,20.0,27.0,0.0,100.0,-1.0
2001-01-06 14:30:00,-2353.8494299258173,-2353.8494299258173,0.0,0.0,20.0,27.0,0.0,100.0,-1.0
2001-01-06 15:30:00,-2379.3194764281006,-2379.3194764281006,0.0,0.0,20.0,27.0,0.0,100.0,-1.0
2001-01-06 16:30:00,-1759.4318389625396,-1759.4318389625396,0.0,0.0,20.0,27.0,0.0,100.0,-1.0
2001-01-06 17:30:00,-416.92163718773463,-416.92163718773463,0.0,0.0,20.0,27.0,0.0,100.0,-1.0
2001-01-06 18:30:00,0.0,0.0,0.0,0.0,20.0,27.0,0.0,100.0,3.0
2001-01-06 19:30:00,0.0,0.0,0.0,0.0,20.0,27.0,0.0,100.0,3.0
2001-01-06 20:30:00,0.0,0.0,0.0,0.0,20.0,27.0,0.0,100.0,3.0
2001-01-06 21:30:00,0.0,0.0,0.0,0.0,20.0,27.0,0.0,100.0,3.0
2001-01-06 22:30:00,366.7897814063881,366.7897814063881,0.0,0.0,20.0,27.0,0.0,100.0,1.0
2001-01-06 23:30:00,615.102725120255,615.102725120255,0.0,0.0,20.0,27.0,0.0,100.0,1.0
2001-01-07 00:30:00,763.2974349316464,763.2974349316464,0.0,0.0,20.0,27.0,0.0,100.0,1.0
2001-01-07 01:30:00,861.0449752387722,861.0449752387722,0.0,0.0,20.0,27.0,0.0,100.0,1.0
2001-01-07 02:30:00,929.4971815413119,929.4971815413119,0.0,0.0,20.0,27.0,0.0,100.0,1.0
2001-01-07 03:30:00,986.5840529481729,986.5840529481729,0.0,0.0,20.0,27.0,0.0,100.0,1.0
2001-01-07 04:30:00,1029.2475208437318,1029.2475208437318,0.0,0.0,20.0,27.0,0.0,100.0,1.0
2001-01-07 05:30:00,1065.9561317091247,1065.9561317091247,0.0,0.0,20.0,27.0,0.0,100.0,1.0
2001-01-07 06:30:00,1098.0349860197148,1098.0349860197148,0.0,0.0,20.0,27.0,0.0,100.0,1.0
2001-01-07 07:30:00,1127.9837958846902,1127.9837958846902,0.0,0.0,20.0,27.0,0.0,100.0,1.0
2001-01-07 08:30:00,1100.9118322144113,1100.9118322144113,0.0,0.0,20.0,27.0,0.0,100.0,1.0
2001-01-07 09:30:00,0.0,0.0,0.0,0.0,20.0,27.0,0.0,100.0,3.0
2001-01-07 10:30:00,0.0,0.0,0.0,0.0,20.0,27.0,0.0,100.0,3.0
2001-01-07 11:30:00,-1028.5142829209553,-1028.5142829209553,0.0,0.0,20.0,27.0,0.0,100.0,-1.0
2001-01-07 12:30:00,-1271.8747643570905,-1271.8747643570905,0.0,0.0,20.0,27.0,0.0,100.0,-1.0
2001-01-07 13:30:00,-1986.771311180476,-1986.771311180476,0.0,0.0,20.0,27.0,0.0,100.0,-1.0
2001-01-07 14:30:00,-1946.0434588267262,-1946.0434588267262,0.0,0.0,20.0,27.0,0.0,100.0,-1.0
2001-01-07 15:30:00,-1899.8775340805123,-1899.8775340805123,0.0,0.0,20.0,27.0,0.0,100.0,-1.0
2001-01-07 16:30:00,-1372.1996579535653,-1372.1996579535653,0.0,0.0,20.0,27.0,0.0,100.0,-1.0
2001-01-07 17:30:00,-240.03980283081182,-240.03980283081182,0.0,0.0,20.0,27.0,0.0,100.0,-1.0
2001-01-07 18:30:00,0.0,0.0,0.0,0.0,20.0,27.0,0.0,100.0,3.0
2001-01-07 19:30:00,0.0,0.0,0.0,0.0,20.0,27.0,0.0,100.0,3.0
2001-01-07 20:30:00,0.0,0.0,0.0,0.0,20.0,27.0,0.0,100.0,3.0
2001-01-07 21:30:00,0.0,0.0,0.0,0.0,20.0,27.0,0.0,100.0,3.0
2001-01-07 22:30:00,353.1650482359082,353.1650482359082,0.0,0.0,20.0,27.0,0.0,100.0,1.0
2001-01-07 23:30:00,592.594414593772,592.594414593772,0.0,0.0,20.0,27.0,0.0,100.0,1.0
2001-01-08 00:30:00,740.8757489450982,740.8757489450982,0.0,0.0,20.0,27.0,0.0,100.0,1.0
2001-01-08 01:30:00,847.5967081529343,847.5967081529343,0.0,0.0,20.0,27.0,0.0,100.0,1.0
2001-01-08 02:30:00,924.2314266341218,924.2314266341218,0.0,0.0,20.0,27.0,0.0,100.0,1.0
2001-01-08 03:30:00,989.135920075757,989.135920075757,0.0,0.0,20.0,27.0,0.0,100.0,1.0
2001-01-08 04:30:00,1045.866494200991,1045.866494200991,0.0,0.0,20.0,27.0,0.0,100.0,1.0
2001-01-08 05:30:00,1092.582621318661,1092.582621318661,0.0,0.0,20.0,27.0,0.0,100.0,1.0
2001-01-08 06:30:00,1139.907341615919,1139.907341615919,0.0,0.0,20.0,27.0,0.0,100.0,1.0
2001-01-08 07:30:00,1181.1000540351588,1181.1000540351588,0.0,0.0,20.0,27.0,0.0,100.0,1.0
2001-01-08 08:30:00,1147.5327386099225,1147.5327386099225,0.0,0.0,20.0,27.0,0.0,100.0,1.0
2001-01-08 09:30:00,0.0,0.0,0.0,0.0,20.0,27.0,0.0,100.0,3.0
2001-01-08 10:30:00,0.0,0.0,0.0,0.0,20.0,27.0,0.0,100.0,3.0
2001-01-08 11:30:00,-807.7065735801762,-807.7065735801762,0.0,0.0,20.0,27.0,0.0,100.0,-1.0
2001-01-08 12:30:00,-1328.5606972922824,-1328.5606972922824,0.0,0.0,20.0,27.0,0.0,100.0,-1.0
2001-01-08 13:30:00,-2159.7004241221193,-2159.7004241221193,0.0,0.0,20.0,27.0,0.0,100.0,-1.0
2001-01-08 14:30:00,-2008.0949264244146,-2008.0949264244146,0.0,0.0,20.0,27.0,0.0,100.0,-1.0
2001-01-08 15:30:00,-1245.980364047672,-1245.980364047672,0.0,0.0,20.0,27.0,0.0,100.0,-1.0
2001-01-08 16:30:00,-385.18728635788193,-385.18728635788193,0.0,0.0,20.0,27.0,0.0,100.0,-1.0
2001-01-08 17:30:00,0.0,0.0,0.0,0.0,20.0,27.0,0.0,100.0,3.0
2001-01-08 18:30:00,0.0,0.0,0.0,0.0,20.0,27.0,0.0,100.0,3.0
2001-01-08 19:30:00,0.0,0.0,0.0,0.0,20.0,27.0,0.0,100.0,3.0
2001-01-08 20:30:00,0.0,0.0,0.0,0.0,20.0,27.0,0.0,100.0,3.0
2001-01-08 21:30:00,428.86184067434715,428.86184067434715,0.0,0.0,20.0,27.0,0.0,100.0,1.0
2001-01-08 22:30:00,660.329412507851,660.329412507851,0.0,0.0,20.0,27.0,0.0,100.0,1.0
2001-01-08 23:30:00,804.0347086871425,804.0347086871425,0.0,0.0,20.0,27.0,0.0,100.0,1.0
2001-01-09 00:30:00,904.2851665256603,904.2851665256603,0.0,0.0,20.0,27.0,0.0,100.0,1.0
2001-01-09 01:30:00,978.5637814361999,978.5637814361999,0.0,0.0,20.0,27.0,0.0,100.0,1.0
2001-01-09 02:30:00,1034.6367248446186,1034.6367248446186,0.0,0.0,20.0,27.0,0.0,100.0,1.0
2001-01-09 03:30:00,1083.626107153461,1083.626107153461,0.0,0.0,20.0,27.0,0.0,100.0,1.0
2001-01-09 04:30:00,1122.1346585592391,1122.1346585592391,0.0,0.0,20.0,27.0,0.0,100.0,1.0
2001-01-09 05:30:00,1160.8839477083839,1160.8839477083839,0.0,0.0,20.0,27.0,0.0,100.0,1.0
2001-01-09 06:30:00,1196.127456774333,1196.127456774333,0.0,0.0,20.0,27.0,0.0,100.0,1.0
2001-01-09 07:30:00,1232.878819052591,1232.878819052591,0.0,0.0,20.0,27.0,0.0,100.0,1.0
2001-01-09 08:30:00,1209.747324478907,1209.747324478907,0.0,0.0,20.0,27.0,0.0,100.0,1.0
2001-01-09 09:30:00,155.47513627854096,155.47513627854096,0.0,0.0,20.0,27.0,0.0,100.0,1.0
2001-01-09 10:30:00,0.0,0.0,0.0,0.0,20.0,27.0,0.0,100.0,3.0
2001-01-09 11:30:00,-287.5214369495143,-287.5214369495143,0.0,0.0,20.0,27.0,0.0,100.0,-1.0
2001-01-09 12:30:00,-1615.9571243053151,-1615.9571243053151,0.0,0.0,20.0,27.0,0.0,100.0,-1.0
2001-01-09 13:30:00,-2733.2812669830464,-2733.2812669830464,0.0,0.0,20.0,27.0,0.0,100.0,-1.0
2001-01-09 14:30:00,-2372.404807418444,-2372.404807418444,0.0,0.0,20.0,27.0,0.0,100.0,-1.0
2001-01-09 15:30:00,-1077.6807014647084,-1077.6807014647084,0.0,0.0,20.0,27.0,0.0,100.0,-1.0
2001-01-09 16:30:00,-17.58706990258088,-17.58706990258088,0.0,0.0,20.0,27.0,0.0,100.0,-1.0
2001-01-09 17:30:00,0.0,0.0,0.0,0.0,20.0,27.0,0.0,100.0,3.0
2001-01-09 18:30:00,0.0,0.0,0.0,0.0,20.0,27.0,0.0,100.0,3.0
2001-01-09 19:30:00,0.0,0.0,0.0,0.0,20.0,27.0,0.0,100.0,3.0
2001-01-09 20:30:00,239.37751253426723,239.37751253426723,0.0,0.0,20.0,27.0,0.0,100.0,1.0
2001-01-09 21:30:00,571.5714994022583,571.5714994022583,0.0,0.0,20.0,27.0,0.0,100.0,1.0
2001-01-09 22:30:00,750.7014121411676,750.7014121411676,0.0,0.0,20.0,27.0,0.0,100.0,1.0
2001-01-09 23:30:00,862.5615875481062,862.5615875481062,0.0,0.0,20.0,27.0,0.0,100.0,1.0
2001-01-10 00:30:00,938.2090309392788,938.2090309392788,0.0,0.0,20.0,27.0,0.0,100.0,1.0
2001-01-10 01:30:00,995.0849333313199,995.0849333313199,0.0,0.0,20.0,27.0,0.0,100.0,1.0
2001-01-10 02:30:00,1048.049125153957,1048.049125153957,0.0,0.0,20.0,27.0,0.0,100.0,1.0
2001-01-10 03:30:00,1088.9638251796114,1088.9638251796114,0.0,0.0,20.0,27.0,0.0,100.0,1.0
2001-01-10 04:30:00,1123.9777127044545,1123.9777127044545,0.0,0.0,20.0,27.0,0.0,100.0,1.0
2001-01-10 05:30:00,1163.9359455412541,1163.9359455412541,0.0,0.0,20.0,27.0,0.0,100.0,1.0
2001-01-10 06:30:00,1197.1629703160988,1197.1629703160988,0.0,0.0,20.0,27.0,0.0,100.0,1.0
2001-01-10 07:30:00,1232.4966034279196,1232.4966034279196,0.0,0.0,20.0,27.0,0.0,100.0,1.0
2001-01-10 08:30:00,1200.8889426143996,1200.8889426143996,0.0,0.0,20.0,27.0,0.0,100.0,1.0
2001-01-10 09:30:00,0.0,0.0,0.0,0.0,20.0,27.0,0.0,100.0,3.0
2001-01-10 10:30:00,0.0,0.0,0.0,0.0,20.0,27.0,0.0,100.0,3.0
2001-01-10 11:30:00,-685.9410170144793,-685.9410170144793,0.0,0.0,20.0,27.0,0.0,100.0,-1.0
2001-01-10 12:30:00,-932.8489542671769,-932.8489542671769,0.0,0.0,20.0,27.0,0.0,100.0,-1.0
2001-01-10 13:30:00,-1597.4179407886704,-1597.4179407886704,0.0,0.0,20.0,27.0,0.0,100.0,-1.0
2001-01-10 14:30:00,-1610.9474434134181,-1610.9474434134181,0.0,0.0,20.0,27.0,0.0,100.0,-1.0
2001-01-10 15:30:00,-1991.9004957687457,-1991.9004957687457,0.0,0.0,20.0,27.0,0.0,100.0,-1.0
2001-01-10 16:30:00,-938.2161306241296,-938.2161306241296,0.0,0.0,20.0,27.0,0.0,100.0,-1.0
2001-01-10 17:30:00,0.0,0.0,0.0,0.0,20.0,27.0,0.0,100.0,3.0
2001-01-10 18:30:00,0.0,0.0,0.0,0.0,20.0,27.0,0.0,100.0,3.0
2001-01-10 19:30:00,0.0,0.0,0.0,0.0,20.0,27.0,0.0,100.0,3.0
2001-01-10 20:30:00,0.0,0.0,0.0,0.0,20.0,27.0,0.0,100.0,3.0
2001-01-10 21:30:00,257.9101763255694,257.9101763255694,0.0,0.0,20.0,27.0,0.0,100.0,1.0
2001-01-10 22:30:00,574.6901482562589,574.6901482562589,0.0,0.0,20.0,27.0,0.0,100.0,1.0
2001-01-10 23:30:00,755.7656865563804,755.7656865563804,0.0,0.0,20.0,27.0,0.0,100.0,1.0
2001-01-11 00:30:00,877.5943227769649,877.5943227769649,0.0,0.0,20.0,27.0,0.0,100.0,1.0
2001-01-11 01:30:00,958.8322614743956,958.8322614743956,0.0,0.0,20.0,27.0,0.0,100.0,1.0
2001-01-11 02:30:00,1017.5432053215409,1017.5432053215409,0.0,0.0,20.0,27.0,0.0,100.0,1.0
2001-01-11 03:30:00,1063.1231473055695,1063.1231473055695,0.0,0.0,20.0,27.0,0.0,100.0,1.0
2001-01-11 04:30:00,1101.5507650927939,1101.5507650927939,0.0,0.0,20.0,27.0,0.0,100.0,1.0
2001-01-11 05:30:00,1134.67985831248,1134.67985831248,0.0,0.0,20.0,27.0,0.0,100.0,1.0
2001-01-11 06:30:00,1165.2559476347888,1165.2559476347888,0.0,0.0,20.0,27.0,0.0,100.0,1.0
2001-01-11 07:30:00,1200.7726466670465,1200.7726466670465,0.0,0.0,20.0,27.0,0.0,100.0,1.0
2001-01-11 08:30:00,1153.144885586129,1153.144885586129,0.0,0.0,20.0,27.0,0.0,100.0,1.0
2001-01-11 09:30:00,163.3718511368661,163.3718511368661,0.0,0.0,20.0,27.0,0.0,100.0,1.0
2001-01-11 10:30:00,0.0,0.0,0.0,0.0,20.0,27.0,0.0,100.0,3.0
2001-01-11 11:30:00,-1489.3056605903394,-1489.3056605903394,0.0,0.0,20.0,27.0,0.0,100.0,-1.0
2001-01-11 12:30:00,-2823.6819131928723,-2823.6819131928723,0.0,0.0,20.0,27.0,0.0,100.0,-1.0
2001-01-11 13:30:00,-3333.2402181212665,-3333.2402181212665,0.0,0.0,20.0,27.0,0.0,100.0,-1.0
2001-01-11 14:30:00,-3231.03908121706,-3231.03908121706,0.0,0.0,20.0,27.0,0.0,100.0,-1.0
2001-01-11 15:30:00,-2865.4993360882445,-2865.4993360882445,0.0,0.0,20.0,27.0,0.0,100.0,-1.0
2001-01-11 16:30:00,-1805.2746606825085,-1805.2746606825085,0.0,0.0,20.0,27.0,0.0,100.0,-1.0
2001-01-11 17:30:00,-530.4143052111749,-530.4143052111749,0.0,0.0,20.0,27.0,0.0,100.0,-1.0
2001-01-11 18:30:00,0.0,0.0,0.0,0.0,20.0,27.0,0.0,100.0,3.0
2001-01-11 19:30:00,0.0,0.0,0.0,0.0,20.0,27.0,0.0,100.0,3.0
2001-01-11 20:30:00,0.0,0.0,0.0,0.0,20.0,27.0,0.0,100.0,3.0
2001-01-11 21:30:00,0.0,0.0,0.0,0.0,20.0,27.0,0.0,100.0,3.0
2001-01-11 22:30:00,363.08203054320984,363.08203054320984,0.0,0.0,20.0,27.0,0.0,100.0,1.0
2001-01-11 23:30:00,658.5872248750438,658.5872248750438,0.0,0.0,20.0,27.0,0.0,100.0,1.0
2001-01-12 00:30:00,842.5127219915157,842.5127219915157,0.0,0.0,20.0,27.0,0.0,100.0,1.0
2001-01-12 01:30:00,981.6918360793698,981.6918360793698,0.0,0.0,20.0,27.0,0.0,100.0,1.0
2001-01-12 02:30:00,1098.7809263207992,1098.7809263207992,0.0,0.0,20.0,27.0,0.0,100.0,1.0
2001-01-12 03:30:00,1201.052995363597,1201.052995363597,0.0,0.0,20.0,27.0,0.0,100.0,1.0
2001-01-12 04:30:00,1295.074064755051,1295.074064755051,0.0,0.0,20.0,27.0,0.0,100.0,1.0
2001-01-12 05:30:00,1383.6451761445132,1383.6451761445132,0.0,0.0,20.0,27.0,0.0,100.0,1.0
2001-01-12 06:30:00,1475.9262963810115,1475.9262963810115,0.0,0.0,20.0,27.0,0.0,100.0,1.0
2001-01-12 07:30:00,1563.344806223573,1563.344806223573,0.0,0.0,20.0,27.0,0.0,100.0,1.0
2001-01-12 08:30:00,1546.9366201073353,1546.9366201073353,0.0,0.0,20.0,27.0,0.0,100.0,1.0
2001-01-12 09:30:00,396.53054129028897,396.53054129028897,0.0,0.0,20.0,27.0,0.0,100.0,1.0
2001-01-12 10:30:00,0.0,0.0,0.0,0.0,20.0,27.0,0.0,100.0,3.0
2001-01-12 11:30:00,-518.8723926766806,-518.8723926766806,0.0,0.0,20.0,27.0,0.0,100.0,-1.0
2001-01-12 12:30:00,-1458.9322778532505,-1458.9322778532505,0.0,0.0,20.0,27.0,0.0,100.0,-1.0
2001-01-12 13:30:00,-2275.1782008905748,-2275.1782008905748,0.0,0.0,20.0,27.0,0.0,100.0,-1.0
2001-01-12 14:30:00,-2648.0207203722266,-2648.0207203722266,0.0,0.0,20.0,27.0,0.0,100.0,-1.0
2001-01-12 15:30:00,-2434.8110315237036,-2434.8110315237036,0.0,0.0,20.0,27.0,0.0,100.0,-1.0
2001-01-12 16:30:00,-1405.0032437085274,-1405.0032437085274,0.0,0.0,20.0,27.0,0.0,100.0,-1.0
2001-01-12 17:30:00,-26.6553749654895,-26.6553749654895,0.0,0.0,20.0,27.0,0.0,100.0,-1.0
2001-01-12 18:30:00,0.0,0.0,0.0,0.0,20.0,27.0,0.0,100.0,3.0
2001-01-12 19:30:00,0.0,0.0,0.0,0.0,20.0,27.0,0.0,100.0,3.0
2001-01-12 20:30:00,294.6190782155036,294.6190782155036,0.0,0.0,20.0,27.0,0.0,100.0,1.0
2001-01-12 21:30:00,808.907794752181,808.907794752181,0.0,0.0,20.0,27.0,0.0,100.0,1.0
2001-01-12 22:30:00,1085.849758409322,1085.849758409322,0.0,0.0,20.0,27.0,0.0,100.0,1.0
2001-01-12 23:30:00,1257.3667008017346,1257.3667008017346,0.0,0.0,20.0,27.0,0.0,100.0,1.0
2001-01-13 00:30:00,1373.9128402064953,1373.9128402064953,0.0,0.0,20.0,27.0,0.0,100.0,1.0
2001-01-13 01:30:00,1437.8762722783085,1437.8762722783085,0.0,0.0,20.0,27.0,0.0,100.0,1.0
2001-01-13 02:30:00,1469.9591567576772,1469.9591567576772,0.0,0.0,20.0,27.0,0.0,100.0,1.0
2001-01-13 03:30:00,1489.8206349723014,1489.8206349723014,0.0,0.0,20.0,27.0,0.0,100.0,1.0
2001-01-13 04:30:00,1496.5792250354507,1496.5792250354507,0.0,0.0,20.0,27.0,0.0,100.0,1.0
2001-01-13 05:30:00,1501.7213948949402,1501.7213948949402,0.0,0.0,20.0,27.0,0.0,100.0,1.0
2001-01-13 06:30:00,1499.3540070381687,1499.3540070381687,0.0,0.0,20.0,27.0,0.0,100.0,1.0
2001-01-13 07:30:00,1493.6216640030307,1493.6216640030307,0.0,0.0,20.0,27.0,0.0,100.0,1.0
2001-01-13 08:30:00,1427.4929040351772,1427.4929040351772,0.0,0.0,20.0,27.0,0.0,100.0,1.0
2001-01-13 09:30:00,0.0,0.0,0.0,0.0,20.0,27.0,0.0,100.0,3.0
2001-01-13 10:30:00,0.0,0.0,0.0,0.0,20.0,27.0,0.0,100.0,3.0
2001-01-13 11:30:00,-1423.584389481056,-1423.584389481056,0.0,0.0,20.0,27.0,0.0,100.0,-1.0
2001-01-13 12:30:00,-2731.020190813745,-2731.020190813745,0.0,0.0,20.0,27.0,0.0,100.0,-1.0
2001-01-13 13:30:00,-3133.2049038997166,-3133.2049038997166,0.0,0.0,20.0,27.0,0.0,100.0,-1.0
2001-01-13 14:30:00,-3030.4785014480995,-3030.4785014480995,0.0,0.0,20.0,27.0,0.0,100.0,-1.0
2001-01-13 15:30:00,-2743.434237224704,-2743.434237224704,0.0,0.0,20.0,27.0,0.0,100.0,-1.0
2001-01-13 16:30:00,-1718.0272426449183,-1718.0272426449183,0.0,0.0,20.0,27.0,0.0,100.0,-1.0
2001-01-13 17:30:00,-383.06145751642816,-383.06145751642816,0.0,0.0,20.0,27.0,0.0,100.0,-1.0
2001-01-13 18:30:00,0.0,0.0,0.0,0.0,20.0,27.0,0.0,100.0,3.0
2001-01-13 19:30:00,0.0,0.0,0.0,0.0,20.0,27.0,0.0,100.0,3.0
2001-01-13 20:30:00,0.0,0.0,0.0,0.0,20.0,27.0,0.0,100.0,3.0
2001-01-13 21:30:00,177.7525503902998,177.7525503902998,0.0,0.0,20.0,27.0,0.0,100.0,1.0
2001-01-13 22:30:00,572.640620043825,572.640620043825,0.0,0.0,20.0,27.0,0.0,100.0,1.0
2001-01-13 23:30:00,786.9679193740085,786.9679193740085,0.0,0.0,20.0,27.0,0.0,100.0,1.0
2001-01-14 00:30:00,919.3941463251476,919.3941463251476,0.0,0.0,20.0,27.0,0.0,100.0,1.0
2001-01-14 01:30:00,1018.4454622560725,1018.4454622560725,0.0,0.0,20.0,27.0,0.0,100.0,1.0
2001-01-14 02:30:00,1092.8565563354605,1092.8565563354605,0.0,0.0,20.0,27.0,0.0,100.0,1.0
2001-01-14 03:30:00,1155.1929716075883,1155.1929716075883,0.0,0.0,20.0,27.0,0.0,100.0,1.0
2001-01-14 04:30:00,1205.464794515694,1205.464794515694,0.0,0.0,20.0,27.0,0.0,100.0,1.0
2001-01-14 05:30:00,1251.4701110355827,1251.4701110355827,0.0,0.0,20.0,27.0,0.0,100.0,1.0
2001-01-14 06:30:00,1296.5960490291227,1296.5960490291227,0.0,0.0,20.0,27.0,0.0,100.0,1.0
2001-01-14 07:30:00,1338.0123244220886,1338.0123244220886,0.0,0.0,20.0,27.0,0.0,100.0,1.0
2001-01-14 08:30:00,1285.246239339548,1285.246239339548,0.0,0.0,20.0,27.0,0.0,100.0,1.0
2001-01-14 09:30:00,284.0891799794026,284.0891799794026,0.0,0.0,20.0,27.0,0.0,100.0,1.0
2001-01-14 10:30:00,182.39980613878197,182.39980613878197,0.0,0.0,20.0,27.0,0.0,100.0,1.0
2001-01-14 11:30:00,0.0,0.0,0.0,0.0,20.0,27.0,0.0,100.0,3.0
2001-01-14 12:30:00,-1082.14334701612,-1082.14334701612,0.0,0.0,20.0,27.0,0.0,100.0,-1.0
2001-01-14 13:30:00,-2035.194776252788,-2035.194776252788,0.0,0.0,20.0,27.0,0.0,100.0,-1.0
2001-01-14 14:30:00,-2650.3084656228084,-2650.3084656228084,0.0,0.0,20.0,27.0,0.0,100.0,-1.0
2001-01-14 15:30:00,-2498.4135206454257,-2498.4135206454257,0.0,0.0,20.0,27.0,0.0,100.0,-1.0
2001-01-14 16:30:00,-1651.2633140849275,-1651.2633140849275,0.0,0.0,20.0,27.0,0.0,100.0,-1.0
2001-01-14 17:30:00,-354.0580678676206,-354.0580678676206,0.0,0.0,20.0,27.0,0.0,100.0,-1.0
2001-01-14 18:30:00,0.0,0.0,0.0,0.0,20.0,27.0,0.0,100.0,3.0
2001-01-14 19:30:00,0.0,0.0,0.0,0.0,20.0,27.0,0.0,100.0,3.0
2001-01-14 20:30:00,0.0,0.0,0.0,0.0,20.0,27.0,0.0,100.0,3.0
2001-01-14 21:30:00,230.33451863505434,230.33451863505434,0.0,0.0,20.0,27.0,0.0,100.0,1.0
2001-01-14 22:30:00,620.1050472720844,620.1050472720844,0.0,0.0,20.0,27.0,0.0,100.0,1.0
2001-01-14 23:30:00,838.3038351532778,838.3038351532778,0.0,0.0,20.0,27.0,0.0,100.0,1.0
2001-01-15 00:30:00,979.4489010226735,979.4489010226735,0.0,0.0,20.0,27.0,0.0,100.0,1.0
2001-01-15 01:30:00,1079.2172820678834,1079.2172820678834,0.0,0.0,20.0,27.0,0.0,100.0,1.0
2001-01-15 02:30:00,1156.9898438658574,1156.9898438658574,0.0,0.0,20.0,27.0,0.0,100.0,1.0
2001-01-15 03:30:00,1221.30817994065,1221.30817994065,0.0,0.0,20.0,27.0,0.0,100.0,1.0
2001-01-15 04:30:00,1275.0384390538748,1275.0384390538748,0.0,0.0,20.0,27.0,0.0,100.0,1.0
2001-01-15 05:30:00,1325.0749591706444,1325.0749591706444,0.0,0.0,20.0,27.0,0.0,100.0,1.0
2001-01-15 06:30:00,1373.0377449755388,1373.0377449755388,0.0,0.0,20.0,27.0,0.0,100.0,1.0
2001-01-15 07:30:00,1416.6116567074223,1416.6116567074223,0.0,0.0,20.0,27.0,0.0,100.0,1.0
2001-01-15 08:30:00,1358.6346887973486,1358.6346887973486,0.0,0.0,20.0,27.0,0.0,100.0,1.0
2001-01-15 09:30:00,1121.0531479557558,1121.0531479557558,0.0,0.0,20.0,27.0,0.0,100.0,1.0
2001-01-15 10:30:00,337.80512183760766,337.80512183760766,0.0,0.0,20.0,27.0,0.0,100.0,1.0
2001-01-15 11:30:00,0.0,0.0,0.0,0.0,20.0,27.0,0.0,100.0,3.0
2001-01-15 12:30:00,0.0,0.0,0.0,0.0,20.0,27.0,0.0,100.0,3.0
2001-01-15 13:30:00,-100.09380575186424,-100.09380575186424,0.0,0.0,20.0,27.0,0.0,100.0,-1.0
2001-01-15 14:30:00,-197.09657292137763,-197.09657292137763,0.0,0.0,20.0,27.0,0.0,100.0,-1.0
2001-01-15 15:30:00,-157.74031173690946,-157.74031173690946,0.0,0.0,20.0,27.0,0.0,100.0,-1.0
2001-01-15 16:30:00,0.0,0.0,0.0,0.0,20.0,27.0,0.0,100.0,3.0
2001-01-15 17:30:00,0.0,0.0,0.0,0.0,20.0,27.0,0.0,100.0,3.0
2001-01-15 18:30:00,0.0,0.0,0.0,0.0,20.0,27.0,0.0,100.0,3.0
2001-01-15 19:30:00,376.445028768223,376.445028768223,0.0,0.0,20.0,27.0,0.0,100.0,1.0
2001-01-15 20:30:00,723.2249380494422,723.2249380494422,0.0,0.0,20.0,27.0,0.0,100.0,1.0
2001-01-15 21:30:00,914.7584969544396,914.7584969544396,0.0,0.0,20.0,27.0,0.0,100.0,1.0
2001-01-15 22:30:00,1033.853255146205,1033.853255146205,0.0,0.0,20.0,27.0,0.0,100.0,1.0
2001-01-15 23:30:00,1111.0738052452343,1111.0738052452343,0.0,0.0,20.0,27.0,0.0,100.0,1.0
2001-01-16 00:30:00,1158.9530455642707,1158.9530455642707,0.0,0.0,20.0,27.0,0.0,100.0,1.0
2001-01-16 01:30:00,1196.0669974153998,1196.0669974153998,0.0,0.0,20.0,27.0,0.0,100.0,1.0
2001-01-16 02:30:00,1220.536172084032,1220.536172084032,0.0,0.0,20.0,27.0,0.0,100.0,1.0
2001-01-16 03:30:00,1237.960757122878,1237.960757122878,0.0,0.0,20.0,27.0,0.0,100.0,1.0
2001-01-16 04:30:00,1252.382233537267,1252.382233537267,0.0,0.0,20.0,27.0,0.0,100.0,1.0
2001-01-16 05:30:00,1264.0481073037954,1264.0481073037954,0.0,0.0,20.0,27.0,0.0,100.0,1.0
2001-01-16 06:30:00,1274.5839355547969,1274.5839355547969,0.0,0.0,20.0,27.0,0.0,100.0,1.0
2001-01-16 07:30:00,1283.9628068890352,1283.9628068890352,0.0,0.0,20.0,27.0,0.0,100.0,1.0
2001-01-16 08:30:00,1223.7471448259566,1223.7471448259566,0.0,0.0,20.0,27.0,0.0,100.0,1.0
2001-01-16 09:30:00,848.6355069517413,848.6355069517413,0.0,0.0,20.0,27.0,0.0,100.0,1.0
2001-01-16 10:30:00,327.3713730814634,327.3713730814634,0.0,0.0,20.0,27.0,0.0,100.0,1.0
2001-01-16 11:30:00,0.0,0.0,0.0,0.0,20.0,27.0,0.0,100.0,3.0
2001-01-16 12:30:00,-396.6447764368595,-396.6447764368595,0.0,0.0,20.0,27.0,0.0,100.0,-1.0
2001-01-16 13:30:00,-1077.0911560436116,-1077.0911560436116,0.0,0.0,20.0,27.0,0.0,100.0,-1.0
2001-01-16 14:30:00,-1590.5165833488982,-1590.5165833488982,0.0,0.0,20.0,27.0,0.0,100.0,-1.0
2001-01-16 15:30:00,-1424.0587918822594,-1424.0587918822594,0.0,0.0,20.0,27.0,0.0,100.0,-1.0
2001-01-16 16:30:00,-1057.820019428479,-1057.820019428479,0.0,0.0,20.0,27.0,0.0,100.0,-1.0
2001-01-16 17:30:00,-117.18241896452582,-117.18241896452582,0.0,0.0,20.0,27.0,0.0,100.0,-1.0
2001-01-16 18:30:00,0.0,0.0,0.0,0.0,20.0,27.0,0.0,100.0,3.0
2001-01-16 19:30:00,0.0,0.0,0.0,0.0,20.0,27.0,0.0,100.0,3.0
2001-01-16 20:30:00,0.0,0.0,0.0,0.0,20.0,27.0,0.0,100.0,3.0
2001-01-16 21:30:00,185.0037981412952,185.0037981412952,0.0,0.0,20.0,27.0,0.0,100.0,1.0
2001-01-16 22:30:00,544.514287193183,544.514287193183,0.0,0.0,20.0,27.0,0.0,100.0,1.0
2001-01-16 23:30:00,737.3330108871542,737.3330108871542,0.0,0.0,20.0,27.0,0.0,100.0,1.0
2001-01-17 00:30:00,864.5206219026168,864.5206219026168,0.0,0.0,20.0,27.0,0.0,100.0,1.0
2001-01-17 01:30:00,950.2757791117783,950.2757791117783,0.0,0.0,20.0,27.0,0.0,100.0,1.0
2001-01-17 02:30:00,1016.5676507937578,1016.5676507937578,0.0,0.0,20.0,27.0,0.0,100.0,1.0
2001-01-17 03:30:00,1065.622592131981,1065.622592131981,0.0,0.0,20.0,27.0,0.0,100.0,1.0
2001-01-17 04:30:00,1110.0570168817976,1110.0570168817976,0.0,0.0,20.0,27.0,0.0,100.0,1.0
2001-01-17 05:30:00,1152.235686801312,1152.235686801312,0.0,0.0,20.0,27.0,0.0,100.0,1.0
2001-01-17 06:30:00,1187.0521545758847,1187.0521545758847,0.0,0.0,20.0,27.0,0.0,100.0,1.0
2001-01-17 07:30:00,1217.9043490498589,1217.9043490498589,0.0,0.0,20.0,27.0,0.0,100.0,1.0
2001-01-17 08:30:00,1186.8329080572576,1186.8329080572576,0.0,0.0,20.0,27.0,0.0,100.0,1.0
2001-01-17 09:30:00,58.81710989252588,58.81710989252588,0.0,0.0,20.0,27.0,0.0,100.0,1.0
2001-01-17 10:30:00,0.0,0.0,0.0,0.0,20.0,27.0,0.0,100.0,3.0
2001-01-17 11:30:00,-894.1312787863635,-894.1312787863635,0.0,0.0,20.0,27.0,0.0,100.0,-1.0
2001-01-17 12:30:00,-2149.8806808073105,-2149.8806808073105,0.0,0.0,20.0,27.0,0.0,100.0,-1.0
2001-01-17 13:30:00,-3052.701001931043,-3052.701001931043,0.0,0.0,20.0,27.0,0.0,100.0,-1.0
2001-01-17 14:30:00,-3294.7092186022574,-3294.7092186022574,0.0,0.0,20.0,27.0,0.0,100.0,-1.0
2001-01-17 15:30:00,-2352.233162616386,-2352.233162616386,0.0,0.0,20.0,27.0,0.0,100.0,-1.0
2001-01-17 16:30:00,-1091.7867571766956,-1091.7867571766956,0.0,0.0,20.0,27.0,0.0,100.0,-1.0
2001-01-17 17:30:00,-83.49985255409865,-83.49985255409865,0.0,0.0,20.0,27.0,0.0,100.0,-1.0
2001-01-17 18:30:00,0.0,0.0,0.0,0.0,20.0,27.0,0.0,100.0,3.0
2001-01-17 19:30:00,0.0,0.0,0.0,0.0,20.0,27.0,0.0,100.0,3.0
2001-01-17 20:30:00,0.0,0.0,0.0,0.0,20.0,27.0,0.0,100.0,3.0
2001-01-17 21:30:00,20.04598281051949,20.04598281051949,0.0,0.0,20.0,27.0,0.0,100.0,1.0
2001-01-17 22:30:00,409.51745377830775,409.51745377830775,0.0,0.0,20.0,27.0,0.0,100.0,1.0
2001-01-17 23:30:00,603.4337979674528,603.4337979674528,0.0,0.0,20.0,27.0,0.0,100.0,1.0
2001-01-18 00:30:00,728.4195364066736,728.4195364066736,0.0,0.0,20.0,27.0,0.0,100.0,1.0
2001-01-18 01:30:00,817.7324160775188,817.7324160775188,0.0,0.0,20.0,27.0,0.0,100.0,1.0
2001-01-18 02:30:00,880.8737302334848,880.8737302334848,0.0,0.0,20.0,27.0,0.0,100.0,1.0
2001-01-18 03:30:00,933.8249028782229,933.8249028782229,0.0,0.0,20.0,27.0,0.0,100.0,1.0
2001-01-18 04:30:00,975.0793212358694,975.0793212358694,0.0,0.0,20.0,27.0,0.0,100.0,1.0
2001-01-18 05:30:00,1015.1120190137099,1015.1120190137099,0.0,0.0,20.0,27.0,0.0,100.0,1.0
2001-01-18 06:30:00,1048.2319271728247,1048.2319271728247,0.0,0.0,20.0,27.0,0.0,100.0,1.0
2001-01-18 07:30:00,1086.5408000231319,1086.5408000231319,0.0,0.0,20.0,27.0,0.0,100.0,1.0
2001-01-18 08:30:00,1047.8768340905972,1047.8768340905972,0.0,0.0,20.0,27.0,0.0,100.0,1.0
2001-01-18 09:30:00,427.5162113344213,427.5162113344213,0.0,0.0,20.0,27.0,0.0,100.0,1.0
2001-01-18 10:30:00,0.0,0.0,0.0,0.0,20.0,27.0,0.0,100.0,3.0
2001-01-18 11:30:00,0.0,0.0,0.0,0.0,20.0,27.0,0.0,100.0,3.0
2001-01-18 12:30:00,-1665.2405927959526,-1665.2405927959526,0.0,0.0,20.0,27.0,0.0,100.0,-1.0
2001-01-18 13:30:00,-2779.146160794334,-2779.146160794334,0.0,0.0,20.0,27.0,0.0,100.0,-1.0
2001-01-18 14:30:00,-3117.7076612165865,-3117.7076612165865,0.0,0.0,20.0,27.0,0.0,100.0,-1.0
2001-01-18 15:30:00,-2730.376270944128,-2730.376270944128,0.0,0.0,20.0,27.0,0.0,100.0,-1.0
2001-01-18 16:30:00,-2050.3451084352973,-2050.3451084352973,0.0,0.0,20.0,27.0,0.0,100.0,-1.0
2001-01-18 17:30:00,-763.6353909187046,-763.6353909187046,0.0,0.0,20.0,27.0,0.0,100.0,-1.0
2001-01-18 18:30:00,0.0,0.0,0.0,0.0,20.0,27.0,0.0,100.0,3.0
2001-01-18 19:30:00,0.0,0.0,0.0,0.0,20.0,27.0,0.0,100.0,3.0
2001-01-18 20:30:00,0.0,0.0,0.0,0.0,20.0,27.0,0.0,100.0,3.0
2001-01-18 21:30:00,0.0,0.0,0.0,0.0,20.0,27.0,0.0,100.0,3.0
2001-01-18 22:30:00,0.0,0.0,0.0,0.0,20.0,27.0,0.0,100.0,3.0
2001-01-18 23:30:00,352.1281032369134,352.1281032369134,0.0,0.0,20.0,27.0,0.0,100.0,1.0
2001-01-19 00:30:00,546.4939011391889,546.4939011391889,0.0,0.0,20.0,27.0,0.0,100.0,1.0
2001-01-19 01:30:00,674.3801819377913,674.3801819377913,0.0,0.0,20.0,27.0,0.0,100.0,1.0
2001-01-19 02:30:00,759.4658409253389,759.4658409253389,0.0,0.0,20.0,27.0,0.0,100.0,1.0
2001-01-19 03:30:00,825.1770226122217,825.1770226122217,0.0,0.0,20.0,27.0,0.0,100.0,1.0
2001-01-19 04:30:00,878.767769688061,878.767769688061,0.0,0.0,20.0,27.0,0.0,100.0,1.0
2001-01-19 05:30:00,920.28232172146,920.28232172146,0.0,0.0,20.0,27.0,0.0,100.0,1.0
2001-01-19 06:30:00,959.90301517226,959.90301517226,0.0,0.0,20.0,27.0,0.0,100.0,1.0
2001-01-19 07:30:00,993.8336572916678,993.8336572916678,0.0,0.0,20.0,27.0,0.0,100.0,1.0
2001-01-19 08:30:00,898.8421926005803,898.8421926005803,0.0,0.0,20.0,27.0,0.0,100.0,1.0
2001-01-19 09:30:00,0.0,0.0,0.0,0.0,20.0,27.0,0.0,100.0,3.0
2001-01-19 10:30:00,0.0,0.0,0.0,0.0,20.0,27.0,0.0,100.0,3.0
2001-01-19 11:30:00,-375.4886145736955,-375.4886145736955,0.0,0.0,20.0,27.0,0.0,100.0,-1.0
2001-01-19 12:30:00,-1733.494081597867,-1733.494081597867,0.0,0.0,20.0,27.0,0.0,100.0,-1.0
2001-01-19 13:30:00,-2724.241066918298,-2724.241066918298,0.0,0.0,20.0,27.0,0.0,100.0,-1.0
2001-01-19 14:30:00,-3397.727047684294,-3397.727047684294,0.0,0.0,20.0,27.0,0.0,100.0,-1.0
2001-01-19 15:30:00,-3408.1557419646915,-3408.1557419646915,0.0,0.0,20.0,27.0,0.0,100.0,-1.0
2001-01-19 16:30:00,-2652.1992418364835,-2652.1992418364835,0.0,0.0,20.0,27.0,0.0,100.0,-1.0
2001-01-19 17:30:00,-1174.269966091787,-1174.269966091787,0.0,0.0,20.0,27.0,0.0,100.0,-1.0
2001-01-19 18:30:00,-199.43170144597116,-199.43170144597116,0.0,0.0,20.0,27.0,0.0,100.0,-1.0
2001-01-19 19:30:00,0.0,0.0,0.0,0.0,20.0,27.0,0.0,100.0,3.0
2001-01-19 20:30:00,0.0,0.0,0.0,0.0,20.0,27.0,0.0,100.0,3.0
2001-01-19 21:30:00,0.0,0.0,0.0,0.0,20.0,27.0,0.0,100.0,3.0
2001-01-19 22:30:00,0.0,0.0,0.0,0.0,20.0,27.0,0.0,100.0,3.0
2001-01-19 23:30:00,116.5390842457291,116.5390842457291,0.0,0.0,20.0,27.0,0.0,100.0,1.0
2001-01-20 00:30:00,419.761895188728,419.761895188728,0.0,0.0,20.0,27.0,0.0,100.0,1.0
2001-01-20 01:30:00,587.2201783628643,587.2201783628643,0.0,0.0,20.0,27.0,0.0,100.0,1.0
2001-01-20 02:30:00,708.0719685634231,708.0719685634231,0.0,0.0,20.0,27.0,0.0,100.0,1.0
2001-01-20 03:30:00,796.6289097008448,796.6289097008448,0.0,0.0,20.0,27.0,0.0,100.0,1.0
2001-01-20 04:30:00,871.8226824872154,871.8226824872154,0.0,0.0,20.0,27.0,0.0,100.0,1.0
2001-01-20 05:30:00,935.8400259342316,935.8400259342316,0.0,0.0,20.0,27.0,0.0,100.0,1.0
2001-01-20 06:30:00,991.3325824948652,991.3325824948652,0.0,0.0,20.0,27.0,0.0,100.0,1.0
2001-01-20 07:30:00,1047.1056260376345,1047.1056260376345,0.0,0.0,20.0,27.0,0.0,100.0,1.0
2001-01-20 08:30:00,985.3796347000698,985.3796347000698,0.0,0.0,20.0,27.0,0.0,100.0,1.0
2001-01-20 09:30:00,653.2165764964548,653.2165764964548,0.0,0.0,20.0,27.0,0.0,100.0,1.0
2001-01-20 10:30:00,0.0,0.0,0.0,0.0,20.0,27.0,0.0,100.0,3.0
2001-01-20 11:30:00,-582.7861551571541,-582.7861551571541,0.0,0.0,20.0,27.0,0.0,100.0,-1.0
2001-01-20 12:30:00,-2382.5202574776695,-2382.5202574776695,0.0,0.0,20.0,27.0,0.0,100.0,-1.0
2001-01-20 13:30:00,-3403.021160252726,-3403.021160252726,0.0,0.0,20.0,27.0,0.0,100.0,-1.0
2001-01-20 14:30:00,-3806.4056578515983,-3806.4056578515983,0.0,0.0,20.0,27.0,0.0,100.0,-1.0
2001-01-20 15:30:00,-3620.513910735849,-3620.513910735849,0.0,0.0,20.0,27.0,0.0,100.0,-1.0
2001-01-20 16:30:00,-2568.596782692134,-2568.596782692134,0.0,0.0,20.0,27.0,0.0,100.0,-1.0
2001-01-20 17:30:00,-1118.8560843404111,-1118.8560843404111,0.0,0.0,20.0,27.0,0.0,100.0,-1.0
2001-01-20 18:30:00,-150.39955726844073,-150.39955726844073,0.0,0.0,20.0,27.0,0.0,100.0,-1.0
2001-01-20 19:30:00,0.0,0.0,0.0,0.0,20.0,27.0,0.0,100.0,3.0
2001-01-20 20:30:00,0.0,0.0,0.0,0.0,20.0,27.0,0.0,100.0,3.0
2001-01-20 21:30:00,0.0,0.0,0.0,0.0,20.0,27.0,0.0,100.0,3.0
2001-01-20 22:30:00,0.0,0.0,0.0,0.0,20.0,27.0,0.0,100.0,3.0
2001-01-20 23:30:00,142.24171383207067,142.24171383207067,0.0,0.0,20.0,27.0,0.0,100.0,1.0
2001-01-21 00:30:00,416.7094074946617,416.7094074946617,0.0,0.0,20.0,27.0,0.0,100.0,1.0
2001-01-21 01:30:00,568.369456603783,568.369456603783,0.0,0.0,20.0,27.0,0.0,100.0,1.0
2001-01-21 02:30:00,666.9530884450305,666.9530884450305,0.0,0.0,20.0,27.0,0.0,100.0,1.0
2001-01-21 03:30:00,735.7429777522839,735.7429777522839,0.0,0.0,20.0,27.0,0.0,100.0,1.0
2001-01-21 04:30:00,792.0243548998196,792.0243548998196,0.0,0.0,20.0,27.0,0.0,100.0,1.0
2001-01-21 05:30:00,832.838569110354,832.838569110354,0.0,0.0,20.0,27.0,0.0,100.0,1.0
2001-01-21 06:30:00,871.8803777550111,871.8803777550111,0.0,0.0,20.0,27.0,0.0,100.0,1.0
2001-01-21 07:30:00,905.0871100478971,905.0871100478971,0.0,0.0,20.0,27.0,0.0,100.0,1.0
2001-01-21 08:30:00,828.9966801115315,828.9966801115315,0.0,0.0,20.0,27.0,0.0,100.0,1.0
2001-01-21 09:30:00,0.0,0.0,0.0,0.0,20.0,27.0,0.0,100.0,3.0
2001-01-21 10:30:00,0.0,0.0,0.0,0.0,20.0,27.0,0.0,100.0,3.0
2001-01-21 11:30:00,-1100.0391909605269,-1100.0391909605269,0.0,0.0,20.0,27.0,0.0,100.0,-1.0
2001-01-21 12:30:00,-2704.133493251894,-2704.133493251894,0.0,0.0,20.0,27.0,0.0,100.0,-1.0
2001-01-21 13:30:00,-3613.5953483224503,-3613.5953483224503,0.0,0.0,20.0,27.0,0.0,100.0,-1.0
2001-01-21 14:30:00,-4000.8527244519746,-4000.8527244519746,0.0,0.0,20.0,27.0,0.0,100.0,-1.0
2001-01-21 15:30:00,-3764.2319509704057,-3764.2319509704057,0.0,0.0,20.0,27.0,0.0,100.0,-1.0
2001-01-21 16:30:00,-2409.037152838114,-2409.037152838114,0.0,0.0,20.0,27.0,0.0,100.0,-1.0
2001-01-21 17:30:00,-1068.1969563303783,-1068.1969563303783,0.0,0.0,20.0,27.0,0.0,100.0,-1.0
2001-01-21 18:30:00,-180.49155844463348,-180.49155844463348,0.0,0.0,20.0,27.0,0.0,100.0,-1.0
2001-01-21 19:30:00,0.0,0.0,0.0,0.0,20.0,27.0,0.0,100.0,3.0
2001-01-21 20:30:00,0.0,0.0,0.0,0.0,20.0,27.0,0.0,100.0,3.0
2001-01-21 21:30:00,0.0,0.0,0.0,0.0,20.0,27.0,0.0,100.0,3.0
2001-01-21 22:30:00,0.0,0.0,0.0,0.0,20.0,27.0,0.0,100.0,3.0
2001-01-21 23:30:00,0.0,0.0,0.0,0.0,20.0,27.0,0.0,100.0,3.0
2001-01-22 00:30:00,173.50641333316344,173.50641333316344,0.0,0.0,20.0,27.0,0.0,100.0,1.0
2001-01-22 01:30:00,377.6821995558603,377.6821995558603,0.0,0.0,20.0,27.0,0.0,100.0,1.0
2001-01-22 02:30:00,499.6474585002961,499.6474585002961,0.0,0.0,20.0,27.0,0.0,100.0,1.0
2001-01-22 03:30:00,590.5229702799115,590.5229702799115,0.0,0.0,20.0,27.0,0.0,100.0,1.0
2001-01-22 04:30:00,657.8866482882531,657.8866482882531,0.0,0.0,20.0,27.0,0.0,100.0,1.0
2001-01-22 05:30:00,712.116759673916,712.116759673916,0.0,0.0,20.0,27.0,0.0,100.0,1.0
2001-01-22 06:30:00,758.2681508863006,758.2681508863006,0.0,0.0,20.0,27.0,0.0,100.0,1.0
2001-01-22 07:30:00,796.6372086279271,796.6372086279271,0.0,0.0,20.0,27.0,0.0,100.0,1.0
2001-01-22 08:30:00,722.9674598160309,722.9674598160309,0.0,0.0,20.0,27.0,0.0,100.0,1.0
2001-01-22 09:30:00,0.0,0.0,0.0,0.0,20.0,27.0,0.0,100.0,3.0
2001-01-22 10:30:00,-32.17273047453091,-32.17273047453091,0.0,0.0,20.0,27.0,0.0,100.0,-1.0
2001-01-22 11:30:00,-2015.6384520526854,-2015.6384520526854,0.0,0.0,20.0,27.0,0.0,100.0,-1.0
2001-01-22 12:30:00,-2920.74835471198,-2920.74835471198,0.0,0.0,20.0,27.0,0.0,100.0,-1.0
2001-01-22 13:30:00,-2346.198618173289,-2346.198618173289,0.0,0.0,20.0,27.0,0.0,100.0,-1.0
2001-01-22 14:30:00,-2536.9774280516967,-2536.9774280516967,0.0,0.0,20.0,27.0,0.0,100.0,-1.0
2001-01-22 15:30:00,-1816.4852603945064,-1816.4852603945064,0.0,0.0,20.0,27.0,0.0,100.0,-1.0
2001-01-22 16:30:00,-1299.436090781851,-1299.436090781851,0.0,0.0,20.0,27.0,0.0,100.0,-1.0
2001-01-22 17:30:00,-444.8609708957838,-444.8609708957838,0.0,0.0,20.0,27.0,0.0,100.0,-1.0
2001-01-22 18:30:00,0.0,0.0,0.0,0.0,20.0,27.0,0.0,100.0,3.0
2001-01-22 19:30:00,0.0,0.0,0.0,0.0,20.0,27.0,0.0,100.0,3.0
2001-01-22 20:30:00,0.0,0.0,0.0,0.0,20.0,27.0,0.0,100.0,3.0
2001-01-22 21:30:00,0.0,0.0,0.0,0.0,20.0,27.0,0.0,100.0,3.0
2001-01-22 22:30:00,0.0,0.0,0.0,0.0,20.0,27.0,0.0,100.0,3.0
2001-01-22 23:30:00,0.0,0.0,0.0,0.0,20.0,27.0,0.0,100.0,3.0
2001-01-23 00:30:00,183.80920288901325,183.80920288901325,0.0,0.0,20.0,27.0,0.0,100.0,1.0
2001-01-23 01:30:00,346.82858706271145,346.82858706271145,0.0,0.0,20.0,27.0,0.0,100.0,1.0
2001-01-23 02:30:00,451.1725544594965,451.1725544594965,0.0,0.0,20.0,27.0,0.0,100.0,1.0
2001-01-23 03:30:00,522.0736456019613,522.0736456019613,0.0,0.0,20.0,27.0,0.0,100.0,1.0
2001-01-23 04:30:00,579.7935785808659,579.7935785808659,0.0,0.0,20.0,27.0,0.0,100.0,1.0
2001-01-23 05:30:00,623.5338364929785,623.5338364929785,0.0,0.0,20.0,27.0,0.0,100.0,1.0
2001-01-23 06:30:00,664.8353697834691,664.8353697834691,0.0,0.0,20.0,27.0,0.0,100.0,1.0
2001-01-23 07:30:00,699.3813867595254,699.3813867595254,0.0,0.0,20.0,27.0,0.0,100.0,1.0
2001-01-23 08:30:00,709.7637159139113,709.7637159139113,0.0,0.0,20.0,27.0,0.0,100.0,1.0
2001-01-23 09:30:00,600.8097261546591,600.8097261546591,0.0,0.0,20.0,27.0,0.0,100.0,1.0
2001-01-23 10:30:00,522.7876643559594,522.7876643559594,0.0,0.0,20.0,27.0,0.0,100.0,1.0
2001-01-23 11:30:00,451.1048817925084,451.1048817925084,0.0,0.0,20.0,27.0,0.0,100.0,1.0
2001-01-23 12:30:00,406.28942146272675,406.28942146272675,0.0,0.0,20.0,27.0,0.0,100.0,1.0
2001-01-23 13:30:00,333.41026337788935,333.41026337788935,0.0,0.0,20.0,27.0,0.0,100.0,1.0
2001-01-23 14:30:00,380.63839811518756,380.63839811518756,0.0,0.0,20.0,27.0,0.0,100.0,1.0
2001-01-23 15:30:00,433.0005510274477,433.0005510274477,0.0,0.0,20.0,27.0,0.0,100.0,1.0
2001-01-23 16:30:00,522.2302680552693,522.2302680552693,0.0,0.0,20.0,27.0,0.0,100.0,1.0
2001-01-23 17:30:00,591.7337388005762,591.7337388005762,0.0,0.0,20.0,27.0,0.0,100.0,1.0
2001-01-23 18:30:00,636.2007078676643,636.2007078676643,0.0,0.0,20.0,27.0,0.0,100.0,1.0
2001-01-23 19:30:00,665.8223880055193,665.8223880055193,0.0,0.0,20.0,27.0,0.0,100.0,1.0
2001-01-23 20:30:00,686.6788539478475,686.6788539478475,0.0,0.0,20.0,27.0,0.0,100.0,1.0
2001-01-23 21:30:00,707.7341663456691,707.7341663456691,0.0,0.0,20.0,27.0,0.0,100.0,1.0
2001-01-23 22:30:00,723.0418022930735,723.0418022930735,0.0,0.0,20.0,27.0,0.0,100.0,1.0
2001-01-23 23:30:00,735.5374065198439,735.5374065198439,0.0,0.0,20.0,27.0,0.0,100.0,1.0
2001-01-24 00:30:00,747.0365404546947,747.0365404546947,0.0,0.0,20.0,27.0,0.0,100.0,1.0
2001-01-24 01:30:00,785.6642549101834,785.6642549101834,0.0,0.0,20.0,27.0,0.0,100.0,1.0
2001-01-24 02:30:00,830.9344418087421,830.9344418087421,0.0,0.0,20.0,27.0,0.0,100.0,1.0
2001-01-24 03:30:00,884.4609526083277,884.4609526083277,0.0,0.0,20.0,27.0,0.0,100.0,1.0
2001-01-24 04:30:00,942.5801672736543,942.5801672736543,0.0,0.0,20.0,27.0,0.0,100.0,1.0
2001-01-24 05:30:00,1002.7110197609272,1002.7110197609272,0.0,0.0,20.0,27.0,0.0,100.0,1.0
2001-01-24 06:30:00,1064.4041896358212,1064.4041896358212,0.0,0.0,20.0,27.0,0.0,100.0,1.0
2001-01-24 07:30:00,1127.0857502341587,1127.0857502341587,0.0,0.0,20.0,27.0,0.0,100.0,1.0
2001-01-24 08:30:00,1080.2541291218877,1080.2541291218877,0.0,0.0,20.0,27.0,0.0,100.0,1.0
2001-01-24 09:30:00,83.25444912901185,83.25444912901185,0.0,0.0,20.0,27.0,0.0,100.0,1.0
2001-01-24 10:30:00,0.0,0.0,0.0,0.0,20.0,27.0,0.0,100.0,3.0
2001-01-24 11:30:00,0.0,0.0,0.0,0.0,20.0,27.0,0.0,100.0,3.0
2001-01-24 12:30:00,0.0,0.0,0.0,0.0,20.0,27.0,0.0,100.0,3.0
2001-01-24 13:30:00,0.0,0.0,0.0,0.0,20.0,27.0,0.0,100.0,3.0
2001-01-24 14:30:00,0.0,0.0,0.0,0.0,20.0,27.0,0.0,100.0,3.0
2001-01-24 15:30:00,0.0,0.0,0.0,0.0,20.0,27.0,0.0,100.0,3.0
2001-01-24 16:30:00,0.0,0.0,0.0,0.0,20.0,27.0,0.0,100.0,3.0
2001-01-24 17:30:00,0.0,0.0,0.0,0.0,20.0,27.0,0.0,100.0,3.0
2001-01-24 18:30:00,0.0,0.0,0.0,0.0,20.0,27.0,0.0,100.0,3.0
2001-01-24 19:30:00,0.0,0.0,0.0,0.0,20.0,27.0,0.0,100.0,3.0
2001-01-24 20:30:00,434.5982164517227,434.5982164517227,0.0,0.0,20.0,27.0,0.0,100.0,1.0
2001-01-24 21:30:00,684.6616567588189,684.6616567588189,0.0,0.0,20.0,27.0,0.0,100.0,1.0
2001-01-24 22:30:00,842.4261756265387,842.4261756265387,0.0,0.0,20.0,27.0,0.0,100.0,1.0
2001-01-24 23:30:00,954.6382055058893,954.6382055058893,0.0,0.0,20.0,27.0,0.0,100.0,1.0
2001-01-25 00:30:00,1037.0329731290558,1037.0329731290558,0.0,0.0,20.0,27.0,0.0,100.0,1.0
2001-01-25 01:30:00,1095.5612766595514,1095.5612766595514,0.0,0.0,20.0,27.0,0.0,100.0,1.0
2001-01-25 02:30:00,1140.7514264915853,1140.7514264915853,0.0,0.0,20.0,27.0,0.0,100.0,1.0
2001-01-25 03:30:00,1181.810171404819,1181.810171404819,0.0,0.0,20.0,27.0,0.0,100.0,1.0
2001-01-25 04:30:00,1217.2592637224807,1217.2592637224807,0.0,0.0,20.0,27.0,0.0,100.0,1.0
2001-01-25 05:30:00,1249.612836799748,1249.612836799748,0.0,0.0,20.0,27.0,0.0,100.0,1.0
2001-01-25 06:30:00,1284.6844708898861,1284.6844708898861,0.0,0.0,20.0,27.0,0.0,100.0,1.0
2001-01-25 07:30:00,1316.6984193560365,1316.6984193560365,0.0,0.0,20.0,27.0,0.0,100.0,1.0
2001-01-25 08:30:00,1228.4369751609547,1228.4369751609547,0.0,0.0,20.0,27.0,0.0,100.0,1.0
2001-01-25 09:30:00,0.0,0.0,0.0,0.0,20.0,27.0,0.0,100.0,3.0
2001-01-25 10:30:00,0.0,0.0,0.0,0.0,20.0,27.0,0.0,100.0,3.0
2001-01-25 11:30:00,-1714.0061008260009,-1714.0061008260009,0.0,0.0,20.0,27.0,0.0,100.0,-1.0
2001-01-25 12:30:00,-2974.859777141909,-2974.859777141909,0.0,0.0,20.0,27.0,0.0,100.0,-1.0
2001-01-25 13:30:00,-3513.6956258189884,-3513.6956258189884,0.0,0.0,20.0,27.0,0.0,100.0,-1.0
2001-01-25 14:30:00,-3307.9844936877007,-3307.9844936877007,0.0,0.0,20.0,27.0,0.0,100.0,-1.0
2001-01-25 15:30:00,-2552.018689890442,-2552.018689890442,0.0,0.0,20.0,27.0,0.0,100.0,-1.0
2001-01-25 16:30:00,-1878.260388002177,-1878.260388002177,0.0,0.0,20.0,27.0,0.0,100.0,-1.0
2001-01-25 17:30:00,-659.5248316214356,-659.5248316214356,0.0,0.0,20.0,27.0,0.0,100.0,-1.0
2001-01-25 18:30:00,0.0,0.0,0.0,0.0,20.0,27.0,0.0,100.0,3.0
2001-01-25 19:30:00,0.0,0.0,0.0,0.0,20.0,27.0,0.0,100.0,3.0
2001-01-25 20:30:00,0.0,0.0,0.0,0.0,20.0,27.0,0.0,100.0,3.0
2001-01-25 21:30:00,0.0,0.0,0.0,0.0,20.0,27.0,0.0,100.0,3.0
2001-01-25 22:30:00,212.1165884049833,212.1165884049833,0.0,0.0,20.0,27.0,0.0,100.0,1.0
2001-01-25 23:30:00,504.709282799462,504.709282799462,0.0,0.0,20.0,27.0,0.0,100.0,1.0
2001-01-26 00:30:00,665.8432085086779,665.8432085086779,0.0,0.0,20.0,27.0,0.0,100.0,1.0
2001-01-26 01:30:00,768.0021678504345,768.0021678504345,0.0,0.0,20.0,27.0,0.0,100.0,1.0
2001-01-26 02:30:00,835.2779547347618,835.2779547347618,0.0,0.0,20.0,27.0,0.0,100.0,1.0
2001-01-26 03:30:00,882.1749419117104,882.1749419117104,0.0,0.0,20.0,27.0,0.0,100.0,1.0
2001-01-26 04:30:00,921.5887855764677,921.5887855764677,0.0,0.0,20.0,27.0,0.0,100.0,1.0
2001-01-26 05:30:00,952.0030963873833,952.0030963873833,0.0,0.0,20.0,27.0,0.0,100.0,1.0
2001-01-26 06:30:00,976.66548109612,976.66548109612,0.0,0.0,20.0,27.0,0.0,100.0,1.0
2001-01-26 07:30:00,998.4865523480248,998.4865523480248,0.0,0.0,20.0,27.0,0.0,100.0,1.0
2001-01-26 08:30:00,891.6971004147435,891.6971004147435,0.0,0.0,20.0,27.0,0.0,100.0,1.0
2001-01-26 09:30:00,0.0,0.0,0.0,0.0,20.0,27.0,0.0,100.0,3.0
2001-01-26 10:30:00,-216.86169244215944,-216.86169244215944,0.0,0.0,20.0,27.0,0.0,100.0,-1.0
2001-01-26 11:30:00,-2239.8746146074436,-2239.8746146074436,0.0,0.0,20.0,27.0,0.0,100.0,-1.0
2001-01-26 12:30:00,-3182.0689119983917,-3182.0689119983917,0.0,0.0,20.0,27.0,0.0,100.0,-1.0
2001-01-26 13:30:00,-3371.0803448688193,-3371.0803448688193,0.0,0.0,20.0,27.0,0.0,100.0,-1.0
2001-01-26 14:30:00,-3670.934600639698,-3670.934600639698,0.0,0.0,20.0,27.0,0.0,100.0,-1.0
2001-01-26 15:30:00,-3509.885966741681,-3509.885966741681,0.0,0.0,20.0,27.0,0.0,100.0,-1.0
2001-01-26 16:30:00,-2866.768135771842,-2866.768135771842,0.0,0.0,20.0,27.0,0.0,100.0,-1.0
2001-01-26 17:30:00,-1525.1786823905832,-1525.1786823905832,0.0,0.0,20.0,27.0,0.0,100.0,-1.0
2001-01-26 18:30:00,-430.5506246324012,-430.5506246324012,0.0,0.0,20.0,27.0,0.0,100.0,-1.0
2001-01-26 19:30:00,0.0,0.0,0.0,0.0,20.0,27.0,0.0,100.0,3.0
2001-01-26 20:30:00,0.0,0.0,0.0,0.0,20.0,27.0,0.0,100.0,3.0
2001-01-26 21:30:00,0.0,0.0,0.0,0.0,20.0,27.0,0.0,100.0,3.0
2001-01-26 22:30:00,0.0,0.0,0.0,0.0,20.0,27.0,0.0,100.0,3.0
2001-01-26 23:30:00,0.0,0.0,0.0,0.0,20.0,27.0,0.0,100.0,3.0
2001-01-27 00:30:00,271.84126974190076,271.84126974190076,0.0,0.0,20.0,27.0,0.0,100.0,1.0
2001-01-27 01:30:00,498.43896867751755,498.43896867751755,0.0,0.0,20.0,27.0,0.0,100.0,1.0
2001-01-27 02:30:00,645.0749997484681,645.0749997484681,0.0,0.0,20.0,27.0,0.0,100.0,1.0
2001-01-27 03:30:00,757.5696413028672,757.5696413028672,0.0,0.0,20.0,27.0,0.0,100.0,1.0
2001-01-27 04:30:00,845.1067175498483,845.1067175498483,0.0,0.0,20.0,27.0,0.0,100.0,1.0
2001-01-27 05:30:00,923.1773078309252,923.1773078309252,0.0,0.0,20.0,27.0,0.0,100.0,1.0
2001-01-27 06:30:00,990.5119847643336,990.5119847643336,0.0,0.0,20.0,27.0,0.0,100.0,1.0
2001-01-27 07:30:00,1056.712957591637,1056.712957591637,0.0,0.0,20.0,27.0,0.0,100.0,1.0
2001-01-27 08:30:00,946.5757304696472,946.5757304696472,0.0,0.0,20.0,27.0,0.0,100.0,1.0
2001-01-27 09:30:00,0.0,0.0,0.0,0.0,20.0,27.0,0.0,100.0,3.0
2001-01-27 10:30:00,-345.2777397321179,-345.2777397321179,0.0,0.0,20.0,27.0,0.0,100.0,-1.0
2001-01-27 11:30:00,-2249.894185206894,-2249.894185206894,0.0,0.0,20.0,27.0,0.0,100.0,-1.0
2001-01-27 12:30:00,-3397.932293341156,-3397.932293341156,0.0,0.0,20.0,27.0,0.0,100.0,-1.0
2001-01-27 13:30:00,-4012.9148161754883,-4012.9148161754883,0.0,0.0,20.0,27.0,0.0,100.0,-1.0
2001-01-27 14:30:00,-4199.776864840677,-4199.776864840677,0.0,0.0,20.0,27.0,0.0,100.0,-1.0
2001-01-27 15:30:00,-3930.9825938339627,-3930.9825938339627,0.0,0.0,20.0,27.0,0.0,100.0,-1.0
2001-01-27 16:30:00,-3115.8220772548584,-3115.8220772548584,0.0,0.0,20.0,27.0,0.0,100.0,-1.0
2001-01-27 17:30:00,-1591.2212805998415,-1591.2212805998415,0.0,0.0,20.0,27.0,0.0,100.0,-1.0
2001-01-27 18:30:00,-451.4130707061622,-451.4130707061622,0.0,0.0,20.0,27.0,0.0,100.0,-1.0
2001-01-27 19:30:00,0.0,0.0,0.0,0.0,20.0,27.0,0.0,100.0,3.0
2001-01-27 20:30:00,0.0,0.0,0.0,0.0,20.0,27.0,0.0,100.0,3.0
2001-01-27 21:30:00,0.0,0.0,0.0,0.0,20.0,27.0,0.0,100.0,3.0
2001-01-27 22:30:00,0.0,0.0,0.0,0.0,20.0,27.0,0.0,100.0,3.0
2001-01-27 23:30:00,12.964383617577369,12.964383617577369,0.0,0.0,20.0,27.0,0.0,100.0,1.0
2001-01-28 00:30:00,376.11278262862197,376.11278262862197,0.0,0.0,20.0,27.0,0.0,100.0,1.0
2001-01-28 01:30:00,569.9288767240942,569.9288767240942,0.0,0.0,20.0,27.0,0.0,100.0,1.0
2001-01-28 02:30:00,702.8670257451295,702.8670257451295,0.0,0.0,20.0,27.0,0.0,100.0,1.0
2001-01-28 03:30:00,803.4465438398174,803.4465438398174,0.0,0.0,20.0,27.0,0.0,100.0,1.0
2001-01-28 04:30:00,884.8324619736923,884.8324619736923,0.0,0.0,20.0,27.0,0.0,100.0,1.0
2001-01-28 05:30:00,947.3596573062932,947.3596573062932,0.0,0.0,20.0,27.0,0.0,100.0,1.0
2001-01-28 06:30:00,1007.2345207622693,1007.2345207622693,0.0,0.0,20.0,27.0,0.0,100.0,1.0
2001-01-28 07:30:00,1064.9357540769906,1064.9357540769906,0.0,0.0,20.0,27.0,0.0,100.0,1.0
2001-01-28 08:30:00,1012.0976063883791,1012.0976063883791,0.0,0.0,20.0,27.0,0.0,100.0,1.0
2001-01-28 09:30:00,488.6796216062103,488.6796216062103,0.0,0.0,20.0,27.0,0.0,100.0,1.0
2001-01-28 10:30:00,0.0,0.0,0.0,0.0,20.0,27.0,0.0,100.0,3.0
2001-01-28 11:30:00,0.0,0.0,0.0,0.0,20.0,27.0,0.0,100.0,3.0
2001-01-28 12:30:00,-1516.4645592189745,-1516.4645592189745,0.0,0.0,20.0,27.0,0.0,100.0,-1.0
2001-01-28 13:30:00,-2377.0354080606257,-2377.0354080606257,0.0,0.0,20.0,27.0,0.0,100.0,-1.0
2001-01-28 14:30:00,-2900.6826293741424,-2900.6826293741424,0.0,0.0,20.0,27.0,0.0,100.0,-1.0
2001-01-28 15:30:00,-2289.12906895574,-2289.12906895574,0.0,0.0,20.0,27.0,0.0,100.0,-1.0
2001-01-28 16:30:00,-1394.9243067380294,-1394.9243067380294,0.0,0.0,20.0,27.0,0.0,100.0,-1.0
2001-01-28 17:30:00,-386.46905113699086,-386.46905113699086,0.0,0.0,20.0,27.0,0.0,100.0,-1.0
2001-01-28 18:30:00,0.0,0.0,0.0,0.0,20.0,27.0,0.0,100.0,3.0
2001-01-28 19:30:00,0.0,0.0,0.0,0.0,20.0,27.0,0.0,100.0,3.0
2001-01-28 20:30:00,0.0,0.0,0.0,0.0,20.0,27.0,0.0,100.0,3.0
2001-01-28 21:30:00,0.0,0.0,0.0,0.0,20.0,27.0,0.0,100.0,3.0
2001-01-28 22:30:00,135.39951384196775,135.39951384196775,0.0,0.0,20.0,27.0,0.0,100.0,1.0
2001-01-28 23:30:00,442.55299799418117,442.55299799418117,0.0,0.0,20.0,27.0,0.0,100.0,1.0
2001-01-29 00:30:00,612.5938404222125,612.5938404222125,0.0,0.0,20.0,27.0,0.0,100.0,1.0
2001-01-29 01:30:00,731.2487564799885,731.2487564799885,0.0,0.0,20.0,27.0,0.0,100.0,1.0
2001-01-29 02:30:00,814.9660740761065,814.9660740761065,0.0,0.0,20.0,27.0,0.0,100.0,1.0
2001-01-29 03:30:00,883.3172341186128,883.3172341186128,0.0,0.0,20.0,27.0,0.0,100.0,1.0
2001-01-29 04:30:00,937.6301353813878,937.6301353813878,0.0,0.0,20.0,27.0,0.0,100.0,1.0
2001-01-29 05:30:00,988.7383565543842,988.7383565543842,0.0,0.0,20.0,27.0,0.0,100.0,1.0
2001-01-29 06:30:00,1035.3467846029262,1035.3467846029262,0.0,0.0,20.0,27.0,0.0,100.0,1.0
2001-01-29 07:30:00,1082.129026508227,1082.129026508227,0.0,0.0,20.0,27.0,0.0,100.0,1.0
2001-01-29 08:30:00,946.1169659505231,946.1169659505231,0.0,0.0,20.0,27.0,0.0,100.0,1.0
2001-01-29 09:30:00,0.0,0.0,0.0,0.0,20.0,27.0,0.0,100.0,3.0
2001-01-29 10:30:00,0.0,0.0,0.0,0.0,20.0,27.0,0.0,100.0,3.0
2001-01-29 11:30:00,-953.7148594816108,-953.7148594816108,0.0,0.0,20.0,27.0,0.0,100.0,-1.0
2001-01-29 12:30:00,-2557.350957893793,-2557.350957893793,0.0,0.0,20.0,27.0,0.0,100.0,-1.0
2001-01-29 13:30:00,-3482.440417849818,-3482.440417849818,0.0,0.0,20.0,27.0,0.0,100.0,-1.0
2001-01-29 14:30:00,-3843.45694782434,-3843.45694782434,0.0,0.0,20.0,27.0,0.0,100.0,-1.0
2001-01-29 15:30:00,-3663.9115811355396,-3663.9115811355396,0.0,0.0,20.0,27.0,0.0,100.0,-1.0
2001-01-29 16:30:00,-2860.106270455838,-2860.106270455838,0.0,0.0,20.0,27.0,0.0,100.0,-1.0
2001-01-29 17:30:00,-1559.8719041314862,-1559.8719041314862,0.0,0.0,20.0,27.0,0.0,100.0,-1.0
2001-01-29 18:30:00,-417.0899840421398,-417.0899840421398,0.0,0.0,20.0,27.0,0.0,100.0,-1.0
2001-01-29 19:30:00,0.0,0.0,0.0,0.0,20.0,27.0,0.0,100.0,3.0
2001-01-29 20:30:00,0.0,0.0,0.0,0.0,20.0,27.0,0.0,100.0,3.0
2001-01-29 21:30:00,0.0,0.0,0.0,0.0,20.0,27.0,0.0,100.0,3.0
2001-01-29 22:30:00,0.0,0.0,0.0,0.0,20.0,27.0,0.0,100.0,3.0
2001-01-29 23:30:00,35.01526436554195,35.01526436554195,0.0,0.0,20.0,27.0,0.0,100.0,1.0
2001-01-30 00:30:00,376.8740524599634,376.8740524599634,0.0,0.0,20.0,27.0,0.0,100.0,1.0
2001-01-30 01:30:00,561.2301707944098,561.2301707944098,0.0,0.0,20.0,27.0,0.0,100.0,1.0
2001-01-30 02:30:00,687.7825944180777,687.7825944180777,0.0,0.0,20.0,27.0,0.0,100.0,1.0
2001-01-30 03:30:00,780.5546324008337,780.5546324008337,0.0,0.0,20.0,27.0,0.0,100.0,1.0
2001-01-30 04:30:00,853.562197838055,853.562197838055,0.0,0.0,20.0,27.0,0.0,100.0,1.0
2001-01-30 05:30:00,914.4663112513226,914.4663112513226,0.0,0.0,20.0,27.0,0.0,100.0,1.0
2001-01-30 06:30:00,965.8091748119132,965.8091748119132,0.0,0.0,20.0,27.0,0.0,100.0,1.0
2001-01-30 07:30:00,1014.23094618509,1014.23094618509,0.0,0.0,20.0,27.0,0.0,100.0,1.0
2001-01-30 08:30:00,948.8879641204576,948.8879641204576,0.0,0.0,20.0,27.0,0.0,100.0,1.0
2001-01-30 09:30:00,343.670465172012,343.670465172012,0.0,0.0,20.0,27.0,0.0,100.0,1.0
2001-01-30 10:30:00,0.0,0.0,0.0,0.0,20.0,27.0,0.0,100.0,3.0
2001-01-30 11:30:00,-469.7252901261445,-469.7252901261445,0.0,0.0,20.0,27.0,0.0,100.0,-1.0
2001-01-30 12:30:00,-2010.9215875682685,-2010.9215875682685,0.0,0.0,20.0,27.0,0.0,100.0,-1.0
2001-01-30 13:30:00,-2999.0044209968464,-2999.0044209968464,0.0,0.0,20.0,27.0,0.0,100.0,-1.0
2001-01-30 14:30:00,-3241.076433144971,-3241.076433144971,0.0,0.0,20.0,27.0,0.0,100.0,-1.0
2001-01-30 15:30:00,-2918.8759265948856,-2918.8759265948856,0.0,0.0,20.0,27.0,0.0,100.0,-1.0
2001-01-30 16:30:00,-2420.856886621771,-2420.856886621771,0.0,0.0,20.0,27.0,0.0,100.0,-1.0
2001-01-30 17:30:00,-1248.5074128078822,-1248.5074128078822,0.0,0.0,20.0,27.0,0.0,100.0,-1.0
2001-01-30 18:30:00,-251.74242502559537,-251.74242502559537,0.0,0.0,20.0,27.0,0.0,100.0,-1.0
2001-01-30 19:30:00,0.0,0.0,0.0,0.0,20.0,27.0,0.0,100.0,3.0
2001-01-30 20:30:00,0.0,0.0,0.0,0.0,20.0,27.0,0.0,100.0,3.0
2001-01-30 21:30:00,0.0,0.0,0.0,0.0,20.0,27.0,0.0,100.0,3.0
2001-01-30 22:30:00,0.0,0.0,0.0,0.0,20.0,27.0,0.0,100.0,3.0
2001-01-30 23:30:00,0.0,0.0,0.0,0.0,20.0,27.0,0.0,100.0,3.0
2001-01-31 00:30:00,320.12734361963794,320.12734361963794,0.0,0.0,20.0,27.0,0.0,100.0,1.0
2001-01-31 01:30:00,493.6301400320017,493.6301400320017,0.0,0.0,20.0,27.0,0.0,100.0,1.0
2001-01-31 02:30:00,609.5861336182707,609.5861336182707,0.0,0.0,20.0,27.0,0.0,100.0,1.0
2001-01-31 03:30:00,687.4955970565989,687.4955970565989,0.0,0.0,20.0,27.0,0.0,100.0,1.0
2001-01-31 04:30:00,744.0584241495162,744.0584241495162,0.0,0.0,20.0,27.0,0.0,100.0,1.0
2001-01-31 05:30:00,792.9504138115108,792.9504138115108,0.0,0.0,20.0,27.0,0.0,100.0,1.0
2001-01-31 06:30:00,831.6915982589653,831.6915982589653,0.0,0.0,20.0,27.0,0.0,100.0,1.0
2001-01-31 07:30:00,871.6225942012807,871.6225942012807,0.0,0.0,20.0,27.0,0.0,100.0,1.0
2001-01-31 08:30:00,744.2336951263123,744.2336951263123,0.0,0.0,20.0,27.0,0.0,100.0,1.0
2001-01-31 09:30:00,0.0,0.0,0.0,0.0,20.0,27.0,0.0,100.0,3.0
2001-01-31 10:30:00,-354.91059023472644,-354.91059023472644,0.0,0.0,20.0,27.0,0.0,100.0,-1.0
2001-01-31 11:30:00,-2066.9665802771187,-2066.9665802771187,0.0,0.0,20.0,27.0,0.0,100.0,-1.0
2001-01-31 12:30:00,-2982.0459011551293,-2982.0459011551293,0.0,0.0,20.0,27.0,0.0,100.0,-1.0
2001-01-31 13:30:00,-3316.10109357244,-3316.10109357244,0.0,0.0,20.0,27.0,0.0,100.0,-1.0
2001-01-31 14:30:00,-3771.2226166074297,-3771.2226166074297,0.0,0.0,20.0,27.0,0.0,100.0,-1.0
2001-01-31 15:30:00,-3718.074771187875,-3718.074771187875,0.0,0.0,20.0,27.0,0.0,100.0,-1.0
2001-01-31 16:30:00,-2894.4520278629925,-2894.4520278629925,0.0,0.0,20.0,27.0,0.0,100.0,-1.0
2001-01-31 17:30:00,-1645.670025028866,-1645.670025028866,0.0,0.0,20.0,27.0,0.0,100.0,-1.0
2001-01-31 18:30:00,-560.9081966812473,-560.9081966812473,0.0,0.0,20.0,27.0,0.0,100.0,-1.0
2001-01-31 19:30:00,0.0,0.0,0.0,0.0,20.0,27.0,0.0,100.0,3.0
2001-01-31 20:30:00,0.0,0.0,0.0,0.0,20.0,27.0,0.0,100.0,3.0
2001-01-31 21:30:00,0.0,0.0,0.0,0.0,20.0,27.0,0.0,100.0,3.0
2001-01-31 22:30:00,0.0,0.0,0.0,0.0,20.0,27.0,0.0,100.0,3.0
2001-01-31 23:30:00,0.0,0.0,0.0,0.0,20.0,27.0,0.0,100.0,3.0
2001-02-01 00:30:00,0.0,0.0,0.0,0.0,20.0,27.0,0.0,100.0,3.0
2001-02-01 01:30:00,309.2963720414109,309.2963720414109,0.0,0.0,20.0,27.0,0.0,100.0,1.0
2001-02-01 02:30:00,490.39936707407287,490.39936707407287,0.0,0.0,20.0,27.0,0.0,100.0,1.0
2001-02-01 03:30:00,616.7581206406203,616.7581206406203,0.0,0.0,20.0,27.0,0.0,100.0,1.0
2001-02-01 04:30:00,717.7938013251651,717.7938013251651,0.0,0.0,20.0,27.0,0.0,100.0,1.0
2001-02-01 05:30:00,802.8053588393341,802.8053588393341,0.0,0.0,20.0,27.0,0.0,100.0,1.0
2001-02-01 06:30:00,874.1029711149295,874.1029711149295,0.0,0.0,20.0,27.0,0.0,100.0,1.0
2001-02-01 07:30:00,942.5168218998824,942.5168218998824,0.0,0.0,20.0,27.0,0.0,100.0,1.0
2001-02-01 08:30:00,800.350650058379,800.350650058379,0.0,0.0,20.0,27.0,0.0,100.0,1.0
2001-02-01 09:30:00,0.0,0.0,0.0,0.0,20.0,27.0,0.0,100.0,3.0
2001-02-01 10:30:00,-421.0971614773416,-421.0971614773416,0.0,0.0,20.0,27.0,0.0,100.0,-1.0
2001-02-01 11:30:00,-2297.320593310452,-2297.320593310452,0.0,0.0,20.0,27.0,0.0,100.0,-1.0
2001-02-01 12:30:00,-3405.0319403026033,-3405.0319403026033,0.0,0.0,20.0,27.0,0.0,100.0,-1.0
2001-02-01 13:30:00,-3670.602600325362,-3670.602600325362,0.0,0.0,20.0,27.0,0.0,100.0,-1.0
2001-02-01 14:30:00,-3882.6321282988492,-3882.6321282988492,0.0,0.0,20.0,27.0,0.0,100.0,-1.0
2001-02-01 15:30:00,-3394.423839999962,-3394.423839999962,0.0,0.0,20.0,27.0,0.0,100.0,-1.0
2001-02-01 16:30:00,-2757.4295938963087,-2757.4295938963087,0.0,0.0,20.0,27.0,0.0,100.0,-1.0
2001-02-01 17:30:00,-1394.88932847671,-1394.88932847671,0.0,0.0,20.0,27.0,0.0,100.0,-1.0
2001-02-01 18:30:00,-387.8920555894847,-387.8920555894847,0.0,0.0,20.0,27.0,0.0,100.0,-1.0
2001-02-01 19:30:00,0.0,0.0,0.0,0.0,20.0,27.0,0.0,100.0,3.0
2001-02-01 20:30:00,0.0,0.0,0.0,0.0,20.0,27.0,0.0,100.0,3.0
2001-02-01 21:30:00,0.0,0.0,0.0,0.0,20.0,27.0,0.0,100.0,3.0
2001-02-01 22:30:00,0.0,0.0,0.0,0.0,20.0,27.0,0.0,100.0,3.0
2001-02-01 23:30:00,0.0,0.0,0.0,0.0,20.0,27.0,0.0,100.0,3.0
2001-02-02 00:30:00,179.18270163381567,179.18270163381567,0.0,0.0,20.0,27.0,0.0,100.0,1.0
2001-02-02 01:30:00,429.8406715584697,429.8406715584697,0.0,0.0,20.0,27.0,0.0,100.0,1.0
2001-02-02 02:30:00,583.2651484250227,583.2651484250227,0.0,0.0,20.0,27.0,0.0,100.0,1.0
2001-02-02 03:30:00,690.5717404636189,690.5717404636189,0.0,0.0,20.0,27.0,0.0,100.0,1.0
2001-02-02 04:30:00,776.2735583410968,776.2735583410968,0.0,0.0,20.0,27.0,0.0,100.0,1.0
2001-02-02 05:30:00,849.0565740271122,849.0565740271122,0.0,0.0,20.0,27.0,0.0,100.0,1.0
2001-02-02 06:30:00,909.0379844632753,909.0379844632753,0.0,0.0,20.0,27.0,0.0,100.0,1.0
2001-02-02 07:30:00,967.0324221046831,967.0324221046831,0.0,0.0,20.0,27.0,0.0,100.0,1.0
2001-02-02 08:30:00,870.3719928788942,870.3719928788942,0.0,0.0,20.0,27.0,0.0,100.0,1.0
2001-02-02 09:30:00,0.0,0.0,0.0,0.0,20.0,27.0,0.0,100.0,3.0
2001-02-02 10:30:00,-224.2286143431893,-224.2286143431893,0.0,0.0,20.0,27.0,0.0,100.0,-1.0
2001-02-02 11:30:00,-2044.0653484206114,-2044.0653484206114,0.0,0.0,20.0,27.0,0.0,100.0,-1.0
2001-02-02 12:30:00,-3125.5183252785546,-3125.5183252785546,0.0,0.0,20.0,27.0,0.0,100.0,-1.0
2001-02-02 13:30:00,-3777.3968963790003,-3777.3968963790003,0.0,0.0,20.0,27.0,0.0,100.0,-1.0
2001-02-02 14:30:00,-3876.213088677109,-3876.213088677109,0.0,0.0,20.0,27.0,0.0,100.0,-1.0
2001-02-02 15:30:00,-3504.787381771189,-3504.787381771189,0.0,0.0,20.0,27.0,0.0,100.0,-1.0
2001-02-02 16:30:00,-2879.0365060348277,-2879.0365060348277,0.0,0.0,20.0,27.0,0.0,100.0,-1.0
2001-02-02 17:30:00,-1644.3395977680311,-1644.3395977680311,0.0,0.0,20.0,27.0,0.0,100.0,-1.0
2001-02-02 18:30:00,-528.4926449747245,-528.4926449747245,0.0,0.0,20.0,27.0,0.0,100.0,-1.0
2001-02-02 19:30:00,0.0,0.0,0.0,0.0,20.0,27.0,0.0,100.0,3.0
2001-02-02 20:30:00,0.0,0.0,0.0,0.0,20.0,27.0,0.0,100.0,3.0
2001-02-02 21:30:00,0.0,0.0,0.0,0.0,20.0,27.0,0.0,100.0,3.0
2001-02-02 22:30:00,0.0,0.0,0.0,0.0,20.0,27.0,0.0,100.0,3.0
2001-02-02 23:30:00,0.0,0.0,0.0,0.0,20.0,27.0,0.0,100.0,3.0
2001-02-03 00:30:00,198.2492608680659,198.2492608680659,0.0,0.0,20.0,27.0,0.0,100.0,1.0
2001-02-03 01:30:00,470.9939487647871,470.9939487647871,0.0,0.0,20.0,27.0,0.0,100.0,1.0
2001-02-03 02:30:00,640.0074799836411,640.0074799836411,0.0,0.0,20.0,27.0,0.0,100.0,1.0
2001-02-03 03:30:00,764.4790128385221,764.4790128385221,0.0,0.0,20.0,27.0,0.0,100.0,1.0
2001-02-03 04:30:00,862.8959798599371,862.8959798599371,0.0,0.0,20.0,27.0,0.0,100.0,1.0
2001-02-03 05:30:00,951.0573522728837,951.0573522728837,0.0,0.0,20.0,27.0,0.0,100.0,1.0
2001-02-03 06:30:00,1028.2258807174067,1028.2258807174067,0.0,0.0,20.0,27.0,0.0,100.0,1.0
2001-02-03 07:30:00,1099.258551177335,1099.258551177335,0.0,0.0,20.0,27.0,0.0,100.0,1.0
2001-02-03 08:30:00,982.9583171975783,982.9583171975783,0.0,0.0,20.0,27.0,0.0,100.0,1.0
2001-02-03 09:30:00,0.0,0.0,0.0,0.0,20.0,27.0,0.0,100.0,3.0
2001-02-03 10:30:00,0.0,0.0,0.0,0.0,20.0,27.0,0.0,100.0,3.0
2001-02-03 11:30:00,-1252.7692421551028,-1252.7692421551028,0.0,0.0,20.0,27.0,0.0,100.0,-1.0
2001-02-03 12:30:00,-2557.763812467966,-2557.763812467966,0.0,0.0,20.0,27.0,0.0,100.0,-1.0
2001-02-03 13:30:00,-3443.6285638536983,-3443.6285638536983,0.0,0.0,20.0,27.0,0.0,100.0,-1.0
2001-02-03 14:30:00,-3797.387640757558,-3797.387640757558,0.0,0.0,20.0,27.0,0.0,100.0,-1.0
2001-02-03 15:30:00,-3624.923451160833,-3624.923451160833,0.0,0.0,20.0,27.0,0.0,100.0,-1.0
2001-02-03 16:30:00,-2634.7813336034988,-2634.7813336034988,0.0,0.0,20.0,27.0,0.0,100.0,-1.0
2001-02-03 17:30:00,-1433.269748486514,-1433.269748486514,0.0,0.0,20.0,27.0,0.0,100.0,-1.0
2001-02-03 18:30:00,-457.8365289546264,-457.8365289546264,0.0,0.0,20.0,27.0,0.0,100.0,-1.0
2001-02-03 19:30:00,0.0,0.0,0.0,0.0,20.0,27.0,0.0,100.0,3.0
2001-02-03 20:30:00,0.0,0.0,0.0,0.0,20.0,27.0,0.0,100.0,3.0
2001-02-03 21:30:00,0.0,0.0,0.0,0.0,20.0,27.0,0.0,100.0,3.0
2001-02-03 22:30:00,0.0,0.0,0.0,0.0,20.0,27.0,0.0,100.0,3.0
2001-02-03 23:30:00,96.63680440865755,96.63680440865755,0.0,0.0,20.0,27.0,0.0,100.0,1.0
2001-02-04 00:30:00,467.03878144655755,467.03878144655755,0.0,0.0,20.0,27.0,0.0,100.0,1.0
2001-02-04 01:30:00,681.5708001646653,681.5708001646653,0.0,0.0,20.0,27.0,0.0,100.0,1.0
2001-02-04 02:30:00,845.2268169050767,845.2268169050767,0.0,0.0,20.0,27.0,0.0,100.0,1.0
2001-02-04 03:30:00,974.6717836236567,974.6717836236567,0.0,0.0,20.0,27.0,0.0,100.0,1.0
2001-02-04 04:30:00,1080.0192773449817,1080.0192773449817,0.0,0.0,20.0,27.0,0.0,100.0,1.0
2001-02-04 05:30:00,1179.3324789107219,1179.3324789107219,0.0,0.0,20.0,27.0,0.0,100.0,1.0
2001-02-04 06:30:00,1270.5126636284276,1270.5126636284276,0.0,0.0,20.0,27.0,0.0,100.0,1.0
2001-02-04 07:30:00,1357.2087877837203,1357.2087877837203,0.0,0.0,20.0,27.0,0.0,100.0,1.0
2001-02-04 08:30:00,1268.2464894437035,1268.2464894437035,0.0,0.0,20.0,27.0,0.0,100.0,1.0
2001-02-04 09:30:00,756.3535819640929,756.3535819640929,0.0,0.0,20.0,27.0,0.0,100.0,1.0
2001-02-04 10:30:00,0.0,0.0,0.0,0.0,20.0,27.0,0.0,100.0,3.0
2001-02-04 11:30:00,0.0,0.0,0.0,0.0,20.0,27.0,0.0,100.0,3.0
2001-02-04 12:30:00,-1140.8667552136276,-1140.8667552136276,0.0,0.0,20.0,27.0,0.0,100.0,-1.0
2001-02-04 13:30:00,-2236.7518490313623,-2236.7518490313623,0.0,0.0,20.0,27.0,0.0,100.0,-1.0
2001-02-04 14:30:00,-2323.6010324090357,-2323.6010324090357,0.0,0.0,20.0,27.0,0.0,100.0,-1.0
2001-02-04 15:30:00,-2339.475976219902,-2339.475976219902,0.0,0.0,20.0,27.0,0.0,100.0,-1.0
2001-02-04 16:30:00,-1852.9625194860628,-1852.9625194860628,0.0,0.0,20.0,27.0,0.0,100.0,-1.0
2001-02-04 17:30:00,-838.3442296155872,-838.3442296155872,0.0,0.0,20.0,27.0,0.0,100.0,-1.0
2001-02-04 18:30:00,0.0,0.0,0.0,0.0,20.0,27.0,0.0,100.0,3.0
2001-02-04 19:30:00,0.0,0.0,0.0,0.0,20.0,27.0,0.0,100.0,3.0
2001-02-04 20:30:00,0.0,0.0,0.0,0.0,20.0,27.0,0.0,100.0,3.0
2001-02-04 21:30:00,0.0,0.0,0.0,0.0,20.0,27.0,0.0,100.0,3.0
2001-02-04 22:30:00,343.862332093644,343.862332093644,0.0,0.0,20.0,27.0,0.0,100.0,1.0
2001-02-04 23:30:00,641.5803451044076,641.5803451044076,0.0,0.0,20.0,27.0,0.0,100.0,1.0
2001-02-05 00:30:00,815.0834526299914,815.0834526299914,0.0,0.0,20.0,27.0,0.0,100.0,1.0
2001-02-05 01:30:00,918.5245486102513,918.5245486102513,0.0,0.0,20.0,27.0,0.0,100.0,1.0
2001-02-05 02:30:00,979.8766649107274,979.8766649107274,0.0,0.0,20.0,27.0,0.0,100.0,1.0
2001-02-05 03:30:00,1018.7805377575069,1018.7805377575069,0.0,0.0,20.0,27.0,0.0,100.0,1.0
2001-02-05 04:30:00,1042.4438341424702,1042.4438341424702,0.0,0.0,20.0,27.0,0.0,100.0,1.0
2001-02-05 05:30:00,1059.3081736581198,1059.3081736581198,0.0,0.0,20.0,27.0,0.0,100.0,1.0
2001-02-05 06:30:00,1068.1529718552883,1068.1529718552883,0.0,0.0,20.0,27.0,0.0,100.0,1.0
2001-02-05 07:30:00,1076.5947107086195,1076.5947107086195,0.0,0.0,20.0,27.0,0.0,100.0,1.0
2001-02-05 08:30:00,962.9793643566045,962.9793643566045,0.0,0.0,20.0,27.0,0.0,100.0,1.0
2001-02-05 09:30:00,725.5674034153981,725.5674034153981,0.0,0.0,20.0,27.0,0.0,100.0,1.0
2001-02-05 10:30:00,74.79516393466747,74.79516393466747,0.0,0.0,20.0,27.0,0.0,100.0,1.0
2001-02-05 11:30:00,0.0,0.0,0.0,0.0,20.0,27.0,0.0,100.0,3.0
2001-02-05 12:30:00,0.0,0.0,0.0,0.0,20.0,27.0,0.0,100.0,3.0
2001-02-05 13:30:00,-77.14735361774183,-77.14735361774183,0.0,0.0,20.0,27.0,0.0,100.0,-1.0
2001-02-05 14:30:00,-720.1514463249669,-720.1514463249669,0.0,0.0,20.0,27.0,0.0,100.0,-1.0
2001-02-05 15:30:00,-1315.1125166509855,-1315.1125166509855,0.0,0.0,20.0,27.0,0.0,100.0,-1.0
2001-02-05 16:30:00,-1384.9176356343187,-1384.9176356343187,0.0,0.0,20.0,27.0,0.0,100.0,-1.0
2001-02-05 17:30:00,-722.3341326421914,-722.3341326421914,0.0,0.0,20.0,27.0,0.0,100.0,-1.0
2001-02-05 18:30:00,0.0,0.0,0.0,0.0,20.0,27.0,0.0,100.0,3.0
2001-02-05 19:30:00,0.0,0.0,0.0,0.0,20.0,27.0,0.0,100.0,3.0
2001-02-05 20:30:00,0.0,0.0,0.0,0.0,20.0,27.0,0.0,100.0,3.0
2001-02-05 21:30:00,0.0,0.0,0.0,0.0,20.0,27.0,0.0,100.0,3.0
2001-02-05 22:30:00,0.0,0.0,0.0,0.0,20.0,27.0,0.0,100.0,3.0
2001-02-05 23:30:00,381.8307433543032,381.8307433543032,0.0,0.0,20.0,27.0,0.0,100.0,1.0
2001-02-06 00:30:00,603.8025679143575,603.8025679143575,0.0,0.0,20.0,27.0,0.0,100.0,1.0
2001-02-06 01:30:00,754.0497037425794,754.0497037425794,0.0,0.0,20.0,27.0,0.0,100.0,1.0
2001-02-06 02:30:00,872.2935417047829,872.2935417047829,0.0,0.0,20.0,27.0,0.0,100.0,1.0
2001-02-06 03:30:00,967.2418380439067,967.2418380439067,0.0,0.0,20.0,27.0,0.0,100.0,1.0
2001-02-06 04:30:00,1048.7836931013135,1048.7836931013135,0.0,0.0,20.0,27.0,0.0,100.0,1.0
2001-02-06 05:30:00,1122.6075152552057,1122.6075152552057,0.0,0.0,20.0,27.0,0.0,100.0,1.0
2001-02-06 06:30:00,1196.4058027387591,1196.4058027387591,0.0,0.0,20.0,27.0,0.0,100.0,1.0
2001-02-06 07:30:00,1261.774394239238,1261.774394239238,0.0,0.0,20.0,27.0,0.0,100.0,1.0
2001-02-06 08:30:00,1135.976339898919,1135.976339898919,0.0,0.0,20.0,27.0,0.0,100.0,1.0
2001-02-06 09:30:00,0.0,0.0,0.0,0.0,20.0,27.0,0.0,100.0,3.0
2001-02-06 10:30:00,0.0,0.0,0.0,0.0,20.0,27.0,0.0,100.0,3.0
2001-02-06 11:30:00,0.0,0.0,0.0,0.0,20.0,27.0,0.0,100.0,3.0
2001-02-06 12:30:00,-1007.596114973584,-1007.596114973584,0.0,0.0,20.0,27.0,0.0,100.0,-1.0
2001-02-06 13:30:00,-2130.251070224115,-2130.251070224115,0.0,0.0,20.0,27.0,0.0,100.0,-1.0
2001-02-06 14:30:00,-2788.871481279045,-2788.871481279045,0.0,0.0,20.0,27.0,0.0,100.0,-1.0
2001-02-06 15:30:00,-2706.311494358749,-2706.311494358749,0.0,0.0,20.0,27.0,0.0,100.0,-1.0
2001-02-06 16:30:00,-1787.0363251375975,-1787.0363251375975,0.0,0.0,20.0,27.0,0.0,100.0,-1.0
2001-02-06 17:30:00,-642.2738582259653,-642.2738582259653,0.0,0.0,20.0,27.0,0.0,100.0,-1.0
2001-02-06 18:30:00,0.0,0.0,0.0,0.0,20.0,27.0,0.0,100.0,3.0
2001-02-06 19:30:00,0.0,0.0,0.0,0.0,20.0,27.0,0.0,100.0,3.0
2001-02-06 20:30:00,0.0,0.0,0.0,0.0,20.0,27.0,0.0,100.0,3.0
2001-02-06 21:30:00,0.0,0.0,0.0,0.0,20.0,27.0,0.0,100.0,3.0
2001-02-06 22:30:00,217.67331452315375,217.67331452315375,0.0,0.0,20.0,27.0,0.0,100.0,1.0
2001-02-06 23:30:00,538.6944360497673,538.6944360497673,0.0,0.0,20.0,27.0,0.0,100.0,1.0
2001-02-07 00:30:00,726.1201889708782,726.1201889708782,0.0,0.0,20.0,27.0,0.0,100.0,1.0
2001-02-07 01:30:00,850.3784382769536,850.3784382769536,0.0,0.0,20.0,27.0,0.0,100.0,1.0
2001-02-07 02:30:00,937.775570673045,937.775570673045,0.0,0.0,20.0,27.0,0.0,100.0,1.0
2001-02-07 03:30:00,1003.8399075773732,1003.8399075773732,0.0,0.0,20.0,27.0,0.0,100.0,1.0
2001-02-07 04:30:00,1056.967284882383,1056.967284882383,0.0,0.0,20.0,27.0,0.0,100.0,1.0
2001-02-07 05:30:00,1102.9402551702087,1102.9402551702087,0.0,0.0,20.0,27.0,0.0,100.0,1.0
2001-02-07 06:30:00,1144.773015396573,1144.773015396573,0.0,0.0,20.0,27.0,0.0,100.0,1.0
2001-02-07 07:30:00,1183.6851643896925,1183.6851643896925,0.0,0.0,20.0,27.0,0.0,100.0,1.0
2001-02-07 08:30:00,1052.7600717342202,1052.7600717342202,0.0,0.0,20.0,27.0,0.0,100.0,1.0
2001-02-07 09:30:00,0.0,0.0,0.0,0.0,20.0,27.0,0.0,100.0,3.0
2001-02-07 10:30:00,0.0,0.0,0.0,0.0,20.0,27.0,0.0,100.0,3.0
2001-02-07 11:30:00,-1503.3401204159118,-1503.3401204159118,0.0,0.0,20.0,27.0,0.0,100.0,-1.0
2001-02-07 12:30:00,-2372.49706535484,-2372.49706535484,0.0,0.0,20.0,27.0,0.0,100.0,-1.0
2001-02-07 13:30:00,-2926.3032868720975,-2926.3032868720975,0.0,0.0,20.0,27.0,0.0,100.0,-1.0
2001-02-07 14:30:00,-3358.4343539943284,-3358.4343539943284,0.0,0.0,20.0,27.0,0.0,100.0,-1.0
2001-02-07 15:30:00,-3030.113808689349,-3030.113808689349,0.0,0.0,20.0,27.0,0.0,100.0,-1.0
2001-02-07 16:30:00,-2423.9886256727505,-2423.9886256727505,0.0,0.0,20.0,27.0,0.0,100.0,-1.0
2001-02-07 17:30:00,-1263.903828064901,-1263.903828064901,0.0,0.0,20.0,27.0,0.0,100.0,-1.0
2001-02-07 18:30:00,-297.8245724719918,-297.8245724719918,0.0,0.0,20.0,27.0,0.0,100.0,-1.0
2001-02-07 19:30:00,0.0,0.0,0.0,0.0,20.0,27.0,0.0,100.0,3.0
2001-02-07 20:30:00,0.0,0.0,0.0,0.0,20.0,27.0,0.0,100.0,3.0
2001-02-07 21:30:00,0.0,0.0,0.0,0.0,20.0,27.0,0.0,100.0,3.0
2001-02-07 22:30:00,0.0,0.0,0.0,0.0,20.0,27.0,0.0,100.0,3.0
2001-02-07 23:30:00,160.2134206856581,160.2134206856581,0.0,0.0,20.0,27.0,0.0,100.0,1.0
2001-02-08 00:30:00,470.9042880948864,470.9042880948864,0.0,0.0,20.0,27.0,0.0,100.0,1.0
2001-02-08 01:30:00,651.1145983850201,651.1145983850201,0.0,0.0,20.0,27.0,0.0,100.0,1.0
2001-02-08 02:30:00,780.684733878008,780.684733878008,0.0,0.0,20.0,27.0,0.0,100.0,1.0
2001-02-08 03:30:00,882.6177478671534,882.6177478671534,0.0,0.0,20.0,27.0,0.0,100.0,1.0
2001-02-08 04:30:00,961.1380260338356,961.1380260338356,0.0,0.0,20.0,27.0,0.0,100.0,1.0
2001-02-08 05:30:00,1033.4444282216928,1033.4444282216928,0.0,0.0,20.0,27.0,0.0,100.0,1.0
2001-02-08 06:30:00,1093.8227518059175,1093.8227518059175,0.0,0.0,20.0,27.0,0.0,100.0,1.0
2001-02-08 07:30:00,1154.8964861540762,1154.8964861540762,0.0,0.0,20.0,27.0,0.0,100.0,1.0
2001-02-08 08:30:00,1038.864703942756,1038.864703942756,0.0,0.0,20.0,27.0,0.0,100.0,1.0
2001-02-08 09:30:00,800.9145845562816,800.9145845562816,0.0,0.0,20.0,27.0,0.0,100.0,1.0
2001-02-08 10:30:00,732.3255597708021,732.3255597708021,0.0,0.0,20.0,27.0,0.0,100.0,1.0
2001-02-08 11:30:00,0.0,0.0,0.0,0.0,20.0,27.0,0.0,100.0,3.0
2001-02-08 12:30:00,0.0,0.0,0.0,0.0,20.0,27.0,0.0,100.0,3.0
2001-02-08 13:30:00,0.0,0.0,0.0,0.0,20.0,27.0,0.0,100.0,3.0
2001-02-08 14:30:00,0.0,0.0,0.0,0.0,20.0,27.0,0.0,100.0,3.0
2001-02-08 15:30:00,0.0,0.0,0.0,0.0,20.0,27.0,0.0,100.0,3.0
2001-02-08 16:30:00,0.0,0.0,0.0,0.0,20.0,27.0,0.0,100.0,3.0
2001-02-08 17:30:00,0.0,0.0,0.0,0.0,20.0,27.0,0.0,100.0,3.0
2001-02-08 18:30:00,0.0,0.0,0.0,0.0,20.0,27.0,0.0,100.0,3.0
2001-02-08 19:30:00,0.0,0.0,0.0,0.0,20.0,27.0,0.0,100.0,3.0
2001-02-08 20:30:00,98.19751960831127,98.19751960831127,0.0,0.0,20.0,27.0,0.0,100.0,1.0
2001-02-08 21:30:00,515.7665999225865,515.7665999225865,0.0,0.0,20.0,27.0,0.0,100.0,1.0
2001-02-08 22:30:00,748.383784545671,748.383784545671,0.0,0.0,20.0,27.0,0.0,100.0,1.0
2001-02-08 23:30:00,906.0627825417505,906.0627825417505,0.0,0.0,20.0,27.0,0.0,100.0,1.0
2001-02-09 00:30:00,1020.4413951076867,1020.4413951076867,0.0,0.0,20.0,27.0,0.0,100.0,1.0
2001-02-09 01:30:00,1114.7497694602807,1114.7497694602807,0.0,0.0,20.0,27.0,0.0,100.0,1.0
2001-02-09 02:30:00,1194.7643710536322,1194.7643710536322,0.0,0.0,20.0,27.0,0.0,100.0,1.0
2001-02-09 03:30:00,1264.0682396520588,1264.0682396520588,0.0,0.0,20.0,27.0,0.0,100.0,1.0
2001-02-09 04:30:00,1326.9011526287777,1326.9011526287777,0.0,0.0,20.0,27.0,0.0,100.0,1.0
2001-02-09 05:30:00,1390.4817489797051,1390.4817489797051,0.0,0.0,20.0,27.0,0.0,100.0,1.0
2001-02-09 06:30:00,1449.5003111083088,1449.5003111083088,0.0,0.0,20.0,27.0,0.0,100.0,1.0
2001-02-09 07:30:00,1506.1377095924818,1506.1377095924818,0.0,0.0,20.0,27.0,0.0,100.0,1.0
2001-02-09 08:30:00,1330.387925677689,1330.387925677689,0.0,0.0,20.0,27.0,0.0,100.0,1.0
2001-02-09 09:30:00,462.8135649729729,462.8135649729729,0.0,0.0,20.0,27.0,0.0,100.0,1.0
2001-02-09 10:30:00,0.0,0.0,0.0,0.0,20.0,27.0,0.0,100.0,3.0
2001-02-09 11:30:00,-469.97673398817915,-469.97673398817915,0.0,0.0,20.0,27.0,0.0,100.0,-1.0
2001-02-09 12:30:00,-2090.381530811709,-2090.381530811709,0.0,0.0,20.0,27.0,0.0,100.0,-1.0
2001-02-09 13:30:00,-2745.0647578897324,-2745.0647578897324,0.0,0.0,20.0,27.0,0.0,100.0,-1.0
2001-02-09 14:30:00,-3029.056624274187,-3029.056624274187,0.0,0.0,20.0,27.0,0.0,100.0,-1.0
2001-02-09 15:30:00,-2878.4337209231153,-2878.4337209231153,0.0,0.0,20.0,27.0,0.0,100.0,-1.0
2001-02-09 16:30:00,-2208.388014507823,-2208.388014507823,0.0,0.0,20.0,27.0,0.0,100.0,-1.0
2001-02-09 17:30:00,-1122.1299581588873,-1122.1299581588873,0.0,0.0,20.0,27.0,0.0,100.0,-1.0
2001-02-09 18:30:00,-103.42720822576212,-103.42720822576212,0.0,0.0,20.0,27.0,0.0,100.0,-1.0
2001-02-09 19:30:00,0.0,0.0,0.0,0.0,20.0,27.0,0.0,100.0,3.0
2001-02-09 20:30:00,0.0,0.0,0.0,0.0,20.0,27.0,0.0,100.0,3.0
2001-02-09 21:30:00,0.0,0.0,0.0,0.0,20.0,27.0,0.0,100.0,3.0
2001-02-09 22:30:00,334.4496521664187,334.4496521664187,0.0,0.0,20.0,27.0,0.0,100.0,1.0
2001-02-09 23:30:00,687.2004165715671,687.2004165715671,0.0,0.0,20.0,27.0,0.0,100.0,1.0
2001-02-10 00:30:00,897.0152661258289,897.0152661258289,0.0,0.0,20.0,27.0,0.0,100.0,1.0
2001-02-10 01:30:00,1033.338052592967,1033.338052592967,0.0,0.0,20.0,27.0,0.0,100.0,1.0
2001-02-10 02:30:00,1132.0987157150776,1132.0987157150776,0.0,0.0,20.0,27.0,0.0,100.0,1.0
2001-02-10 03:30:00,1208.8245449076567,1208.8245449076567,0.0,0.0,20.0,27.0,0.0,100.0,1.0
2001-02-10 04:30:00,1272.4463443918785,1272.4463443918785,0.0,0.0,20.0,27.0,0.0,100.0,1.0
2001-02-10 05:30:00,1327.8790534123764,1327.8790534123764,0.0,0.0,20.0,27.0,0.0,100.0,1.0
2001-02-10 06:30:00,1378.4335398029298,1378.4335398029298,0.0,0.0,20.0,27.0,0.0,100.0,1.0
2001-02-10 07:30:00,1426.6021714855506,1426.6021714855506,0.0,0.0,20.0,27.0,0.0,100.0,1.0
2001-02-10 08:30:00,1215.8458134562225,1215.8458134562225,0.0,0.0,20.0,27.0,0.0,100.0,1.0
2001-02-10 09:30:00,0.0,0.0,0.0,0.0,20.0,27.0,0.0,100.0,3.0
2001-02-10 10:30:00,0.0,0.0,0.0,0.0,20.0,27.0,0.0,100.0,3.0
2001-02-10 11:30:00,-1225.3961940481777,-1225.3961940481777,0.0,0.0,20.0,27.0,0.0,100.0,-1.0
2001-02-10 12:30:00,-2358.1326301368636,-2358.1326301368636,0.0,0.0,20.0,27.0,0.0,100.0,-1.0
2001-02-10 13:30:00,-3114.6092413327706,-3114.6092413327706,0.0,0.0,20.0,27.0,0.0,100.0,-1.0
2001-02-10 14:30:00,-3281.794639945666,-3281.794639945666,0.0,0.0,20.0,27.0,0.0,100.0,-1.0
2001-02-10 15:30:00,-3019.7209335382386,-3019.7209335382386,0.0,0.0,20.0,27.0,0.0,100.0,-1.0
2001-02-10 16:30:00,-2402.8928413922467,-2402.8928413922467,0.0,0.0,20.0,27.0,0.0,100.0,-1.0
2001-02-10 17:30:00,-1317.8118796876597,-1317.8118796876597,0.0,0.0,20.0,27.0,0.0,100.0,-1.0
2001-02-10 18:30:00,-280.788370863871,-280.788370863871,0.0,0.0,20.0,27.0,0.0,100.0,-1.0
2001-02-10 19:30:00,0.0,0.0,0.0,0.0,20.0,27.0,0.0,100.0,3.0
2001-02-10 20:30:00,0.0,0.0,0.0,0.0,20.0,27.0,0.0,100.0,3.0
2001-02-10 21:30:00,0.0,0.0,0.0,0.0,20.0,27.0,0.0,100.0,3.0
2001-02-10 22:30:00,41.773995531091714,41.773995531091714,0.0,0.0,20.0,27.0,0.0,100.0,1.0
2001-02-10 23:30:00,480.4889366516654,480.4889366516654,0.0,0.0,20.0,27.0,0.0,100.0,1.0
2001-02-11 00:30:00,715.9742333921258,715.9742333921258,0.0,0.0,20.0,27.0,0.0,100.0,1.0
2001-02-11 01:30:00,871.376026423155,871.376026423155,0.0,0.0,20.0,27.0,0.0,100.0,1.0
2001-02-11 02:30:00,985.2311338793879,985.2311338793879,0.0,0.0,20.0,27.0,0.0,100.0,1.0
2001-02-11 03:30:00,1070.0431295303051,1070.0431295303051,0.0,0.0,20.0,27.0,0.0,100.0,1.0
2001-02-11 04:30:00,1138.1469651724856,1138.1469651724856,0.0,0.0,20.0,27.0,0.0,100.0,1.0
2001-02-11 05:30:00,1200.670700186577,1200.670700186577,0.0,0.0,20.0,27.0,0.0,100.0,1.0
2001-02-11 06:30:00,1255.3397109178022,1255.3397109178022,0.0,0.0,20.0,27.0,0.0,100.0,1.0
2001-02-11 07:30:00,1309.762386124653,1309.762386124653,0.0,0.0,20.0,27.0,0.0,100.0,1.0
2001-02-11 08:30:00,1085.045429353524,1085.045429353524,0.0,0.0,20.0,27.0,0.0,100.0,1.0
2001-02-11 09:30:00,0.0,0.0,0.0,0.0,20.0,27.0,0.0,100.0,3.0
2001-02-11 10:30:00,0.0,0.0,0.0,0.0,20.0,27.0,0.0,100.0,3.0
2001-02-11 11:30:00,-1656.3938977915595,-1656.3938977915595,0.0,0.0,20.0,27.0,0.0,100.0,-1.0
2001-02-11 12:30:00,-1957.7679582827377,-1957.7679582827377,0.0,0.0,20.0,27.0,0.0,100.0,-1.0
2001-02-11 13:30:00,-2577.4128535074497,-2577.4128535074497,0.0,0.0,20.0,27.0,0.0,100.0,-1.0
2001-02-11 14:30:00,-2874.6315003698537,-2874.6315003698537,0.0,0.0,20.0,27.0,0.0,100.0,-1.0
2001-02-11 15:30:00,-2763.271214265297,-2763.271214265297,0.0,0.0,20.0,27.0,0.0,100.0,-1.0
2001-02-11 16:30:00,-2061.3360214470913,-2061.3360214470913,0.0,0.0,20.0,27.0,0.0,100.0,-1.0
2001-02-11 17:30:00,-916.3787676512902,-916.3787676512902,0.0,0.0,20.0,27.0,0.0,100.0,-1.0
2001-02-11 18:30:00,-23.180046954243153,-23.180046954243153,0.0,0.0,20.0,27.0,0.0,100.0,-1.0
2001-02-11 19:30:00,0.0,0.0,0.0,0.0,20.0,27.0,0.0,100.0,3.0
2001-02-11 20:30:00,0.0,0.0,0.0,0.0,20.0,27.0,0.0,100.0,3.0
2001-02-11 21:30:00,0.0,0.0,0.0,0.0,20.0,27.0,0.0,100.0,3.0
2001-02-11 22:30:00,72.64676018456976,72.64676018456976,0.0,0.0,20.0,27.0,0.0,100.0,1.0
2001-02-11 23:30:00,483.40702914164285,483.40702914164285,0.0,0.0,20.0,27.0,0.0,100.0,1.0
2001-02-12 00:30:00,711.6692934660196,711.6692934660196,0.0,0.0,20.0,27.0,0.0,100.0,1.0
2001-02-12 01:30:00,871.1517316892505,871.1517316892505,0.0,0.0,20.0,27.0,0.0,100.0,1.0
2001-02-12 02:30:00,994.8920482917783,994.8920482917783,0.0,0.0,20.0,27.0,0.0,100.0,1.0
2001-02-12 03:30:00,1093.9521420646506,1093.9521420646506,0.0,0.0,20.0,27.0,0.0,100.0,1.0
2001-02-12 04:30:00,1177.977431099359,1177.977431099359,0.0,0.0,20.0,27.0,0.0,100.0,1.0
2001-02-12 05:30:00,1253.2141125660764,1253.2141125660764,0.0,0.0,20.0,27.0,0.0,100.0,1.0
2001-02-12 06:30:00,1323.3117900563657,1323.3117900563657,0.0,0.0,20.0,27.0,0.0,100.0,1.0
2001-02-12 07:30:00,1396.1376946435985,1396.1376946435985,0.0,0.0,20.0,27.0,0.0,100.0,1.0
2001-02-12 08:30:00,1165.6626627724063,1165.6626627724063,0.0,0.0,20.0,27.0,0.0,100.0,1.0
2001-02-12 09:30:00,0.0,0.0,0.0,0.0,20.0,27.0,0.0,100.0,3.0
2001-02-12 10:30:00,0.0,0.0,0.0,0.0,20.0,27.0,0.0,100.0,3.0
2001-02-12 11:30:00,-487.38889284406923,-487.38889284406923,0.0,0.0,20.0,27.0,0.0,100.0,-1.0
2001-02-12 12:30:00,-1620.6130727095888,-1620.6130727095888,0.0,0.0,20.0,27.0,0.0,100.0,-1.0
2001-02-12 13:30:00,-2180.445028902627,-2180.445028902627,0.0,0.0,20.0,27.0,0.0,100.0,-1.0
2001-02-12 14:30:00,-2560.846180746178,-2560.846180746178,0.0,0.0,20.0,27.0,0.0,100.0,-1.0
2001-02-12 15:30:00,-2488.2576484357896,-2488.2576484357896,0.0,0.0,20.0,27.0,0.0,100.0,-1.0
2001-02-12 16:30:00,-1805.3449263094835,-1805.3449263094835,0.0,0.0,20.0,27.0,0.0,100.0,-1.0
2001-02-12 17:30:00,-654.3479063455698,-654.3479063455698,0.0,0.0,20.0,27.0,0.0,100.0,-1.0
2001-02-12 18:30:00,0.0,0.0,0.0,0.0,20.0,27.0,0.0,100.0,3.0
2001-02-12 19:30:00,0.0,0.0,0.0,0.0,20.0,27.0,0.0,100.0,3.0
2001-02-12 20:30:00,0.0,0.0,0.0,0.0,20.0,27.0,0.0,100.0,3.0
2001-02-12 21:30:00,0.0,0.0,0.0,0.0,20.0,27.0,0.0,100.0,3.0
2001-02-12 22:30:00,295.9230913479578,295.9230913479578,0.0,0.0,20.0,27.0,0.0,100.0,1.0
2001-02-12 23:30:00,594.5079101003485,594.5079101003485,0.0,0.0,20.0,27.0,0.0,100.0,1.0
2001-02-13 00:30:00,768.0596813561879,768.0596813561879,0.0,0.0,20.0,27.0,0.0,100.0,1.0
2001-02-13 01:30:00,880.0134099854295,880.0134099854295,0.0,0.0,20.0,27.0,0.0,100.0,1.0
2001-02-13 02:30:00,952.0327797176305,952.0327797176305,0.0,0.0,20.0,27.0,0.0,100.0,1.0
2001-02-13 03:30:00,1001.4102211941799,1001.4102211941799,0.0,0.0,20.0,27.0,0.0,100.0,1.0
2001-02-13 04:30:00,1037.777349631364,1037.777349631364,0.0,0.0,20.0,27.0,0.0,100.0,1.0
2001-02-13 05:30:00,1066.064670856229,1066.064670856229,0.0,0.0,20.0,27.0,0.0,100.0,1.0
2001-02-13 06:30:00,1092.4344083154156,1092.4344083154156,0.0,0.0,20.0,27.0,0.0,100.0,1.0
2001-02-13 07:30:00,1120.1165001688687,1120.1165001688687,0.0,0.0,20.0,27.0,0.0,100.0,1.0
2001-02-13 08:30:00,846.1189663941705,846.1189663941705,0.0,0.0,20.0,27.0,0.0,100.0,1.0
2001-02-13 09:30:00,0.0,0.0,0.0,0.0,20.0,27.0,0.0,100.0,3.0
2001-02-13 10:30:00,0.0,0.0,0.0,0.0,20.0,27.0,0.0,100.0,3.0
2001-02-13 11:30:00,-1168.9483019226745,-1168.9483019226745,0.0,0.0,20.0,27.0,0.0,100.0,-1.0
2001-02-13 12:30:00,-2380.88705465799,-2380.88705465799,0.0,0.0,20.0,27.0,0.0,100.0,-1.0
2001-02-13 13:30:00,-3184.4095147210455,-3184.4095147210455,0.0,0.0,20.0,27.0,0.0,100.0,-1.0
2001-02-13 14:30:00,-3260.0462841991402,-3260.0462841991402,0.0,0.0,20.0,27.0,0.0,100.0,-1.0
2001-02-13 15:30:00,-3059.8625477102896,-3059.8625477102896,0.0,0.0,20.0,27.0,0.0,100.0,-1.0
2001-02-13 16:30:00,-2485.825433583209,-2485.825433583209,0.0,0.0,20.0,27.0,0.0,100.0,-1.0
2001-02-13 17:30:00,-1287.2973366224169,-1287.2973366224169,0.0,0.0,20.0,27.0,0.0,100.0,-1.0
2001-02-13 18:30:00,-331.5120631136906,-331.5120631136906,0.0,0.0,20.0,27.0,0.0,100.0,-1.0
2001-02-13 19:30:00,0.0,0.0,0.0,0.0,20.0,27.0,0.0,100.0,3.0
2001-02-13 20:30:00,0.0,0.0,0.0,0.0,20.0,27.0,0.0,100.0,3.0
2001-02-13 21:30:00,0.0,0.0,0.0,0.0,20.0,27.0,0.0,100.0,3.0
2001-02-13 22:30:00,0.0,0.0,0.0,0.0,20.0,27.0,0.0,100.0,3.0
2001-02-13 23:30:00,127.00755004239,127.00755004239,0.0,0.0,20.0,27.0,0.0,100.0,1.0
2001-02-14 00:30:00,499.3763389904843,499.3763389904843,0.0,0.0,20.0,27.0,0.0,100.0,1.0
2001-02-14 01:30:00,733.4623274938585,733.4623274938585,0.0,0.0,20.0,27.0,0.0,100.0,1.0
2001-02-14 02:30:00,924.6177119029599,924.6177119029599,0.0,0.0,20.0,27.0,0.0,100.0,1.0
2001-02-14 03:30:00,1084.75056222469,1084.75056222469,0.0,0.0,20.0,27.0,0.0,100.0,1.0
2001-02-14 04:30:00,1226.753365992291,1226.753365992291,0.0,0.0,20.0,27.0,0.0,100.0,1.0
2001-02-14 05:30:00,1360.3984198176477,1360.3984198176477,0.0,0.0,20.0,27.0,0.0,100.0,1.0
2001-02-14 06:30:00,1486.2361766655185,1486.2361766655185,0.0,0.0,20.0,27.0,0.0,100.0,1.0
2001-02-14 07:30:00,1613.55491119432,1613.55491119432,0.0,0.0,20.0,27.0,0.0,100.0,1.0
2001-02-14 08:30:00,1490.8559432852526,1490.8559432852526,0.0,0.0,20.0,27.0,0.0,100.0,1.0
2001-02-14 09:30:00,660.4034229035933,660.4034229035933,0.0,0.0,20.0,27.0,0.0,100.0,1.0
2001-02-14 10:30:00,0.0,0.0,0.0,0.0,20.0,27.0,0.0,100.0,3.0
2001-02-14 11:30:00,0.0,0.0,0.0,0.0,20.0,27.0,0.0,100.0,3.0
2001-02-14 12:30:00,-1236.0906778456947,-1236.0906778456947,0.0,0.0,20.0,27.0,0.0,100.0,-1.0
2001-02-14 13:30:00,-1830.3518848862232,-1830.3518848862232,0.0,0.0,20.0,27.0,0.0,100.0,-1.0
2001-02-14 14:30:00,-1955.7184512127105,-1955.7184512127105,0.0,0.0,20.0,27.0,0.0,100.0,-1.0
2001-02-14 15:30:00,-1481.591846564871,-1481.591846564871,0.0,0.0,20.0,27.0,0.0,100.0,-1.0
2001-02-14 16:30:00,-619.2037219645108,-619.2037219645108,0.0,0.0,20.0,27.0,0.0,100.0,-1.0
2001-02-14 17:30:00,0.0,0.0,0.0,0.0,20.0,27.0,0.0,100.0,3.0
2001-02-14 18:30:00,0.0,0.0,0.0,0.0,20.0,27.0,0.0,100.0,3.0
2001-02-14 19:30:00,0.0,0.0,0.0,0.0,20.0,27.0,0.0,100.0,3.0
2001-02-14 20:30:00,268.8159713899977,268.8159713899977,0.0,0.0,20.0,27.0,0.0,100.0,1.0
2001-02-14 21:30:00,797.0461988532325,797.0461988532325,0.0,0.0,20.0,27.0,0.0,100.0,1.0
2001-02-14 22:30:00,1086.2702605137656,1086.2702605137656,0.0,0.0,20.0,27.0,0.0,100.0,1.0
2001-02-14 23:30:00,1277.5071400406614,1277.5071400406614,0.0,0.0,20.0,27.0,0.0,100.0,1.0
2001-02-15 00:30:00,1411.8271705215666,1411.8271705215666,0.0,0.0,20.0,27.0,0.0,100.0,1.0
2001-02-15 01:30:00,1490.8525628449916,1490.8525628449916,0.0,0.0,20.0,27.0,0.0,100.0,1.0
2001-02-15 02:30:00,1547.0560068630202,1547.0560068630202,0.0,0.0,20.0,27.0,0.0,100.0,1.0
2001-02-15 03:30:00,1583.3503105282398,1583.3503105282398,0.0,0.0,20.0,27.0,0.0,100.0,1.0
2001-02-15 04:30:00,1612.0472286083095,1612.0472286083095,0.0,0.0,20.0,27.0,0.0,100.0,1.0
2001-02-15 05:30:00,1636.4604462270026,1636.4604462270026,0.0,0.0,20.0,27.0,0.0,100.0,1.0
2001-02-15 06:30:00,1653.2516733639732,1653.2516733639732,0.0,0.0,20.0,27.0,0.0,100.0,1.0
2001-02-15 07:30:00,1670.5341885407252,1670.5341885407252,0.0,0.0,20.0,27.0,0.0,100.0,1.0
2001-02-15 08:30:00,1526.676298852939,1526.676298852939,0.0,0.0,20.0,27.0,0.0,100.0,1.0
2001-02-15 09:30:00,540.4219512965192,540.4219512965192,0.0,0.0,20.0,27.0,0.0,100.0,1.0
2001-02-15 10:30:00,0.0,0.0,0.0,0.0,20.0,27.0,0.0,100.0,3.0
2001-02-15 11:30:00,-66.41345024476777,-66.41345024476777,0.0,0.0,20.0,27.0,0.0,100.0,-1.0
2001-02-15 12:30:00,-1598.4873546043736,-1598.4873546043736,0.0,0.0,20.0,27.0,0.0,100.0,-1.0
2001-02-15 13:30:00,-1678.4892186697189,-1678.4892186697189,0.0,0.0,20.0,27.0,0.0,100.0,-1.0
2001-02-15 14:30:00,-1910.6369348921517,-1910.6369348921517,0.0,0.0,20.0,27.0,0.0,100.0,-1.0
2001-02-15 15:30:00,-1769.8483882390456,-1769.8483882390456,0.0,0.0,20.0,27.0,0.0,100.0,-1.0
2001-02-15 16:30:00,-979.0813382690312,-979.0813382690312,0.0,0.0,20.0,27.0,0.0,100.0,-1.0
2001-02-15 17:30:00,-131.7308337022023,-131.7308337022023,0.0,0.0,20.0,27.0,0.0,100.0,-1.0
2001-02-15 18:30:00,0.0,0.0,0.0,0.0,20.0,27.0,0.0,100.0,3.0
2001-02-15 19:30:00,0.0,0.0,0.0,0.0,20.0,27.0,0.0,100.0,3.0
2001-02-15 20:30:00,0.0,0.0,0.0,0.0,20.0,27.0,0.0,100.0,3.0
2001-02-15 21:30:00,231.57664409459812,231.57664409459812,0.0,0.0,20.0,27.0,0.0,100.0,1.0
2001-02-15 22:30:00,559.0525186666082,559.0525186666082,0.0,0.0,20.0,27.0,0.0,100.0,1.0
2001-02-15 23:30:00,726.0664900230768,726.0664900230768,0.0,0.0,20.0,27.0,0.0,100.0,1.0
2001-02-16 00:30:00,827.4507184541126,827.4507184541126,0.0,0.0,20.0,27.0,0.0,100.0,1.0
2001-02-16 01:30:00,883.2105514409941,883.2105514409941,0.0,0.0,20.0,27.0,0.0,100.0,1.0
2001-02-16 02:30:00,906.945681554158,906.945681554158,0.0,0.0,20.0,27.0,0.0,100.0,1.0
2001-02-16 03:30:00,912.3273185209309,912.3273185209309,0.0,0.0,20.0,27.0,0.0,100.0,1.0
2001-02-16 04:30:00,910.9643707766445,910.9643707766445,0.0,0.0,20.0,27.0,0.0,100.0,1.0
2001-02-16 05:30:00,901.574936951145,901.574936951145,0.0,0.0,20.0,27.0,0.0,100.0,1.0
2001-02-16 06:30:00,891.500063978825,891.500063978825,0.0,0.0,20.0,27.0,0.0,100.0,1.0
2001-02-16 07:30:00,881.5285262763737,881.5285262763737,0.0,0.0,20.0,27.0,0.0,100.0,1.0
2001-02-16 08:30:00,847.9985287882864,847.9985287882864,0.0,0.0,20.0,27.0,0.0,100.0,1.0
2001-02-16 09:30:00,616.4930278056572,616.4930278056572,0.0,0.0,20.0,27.0,0.0,100.0,1.0
2001-02-16 10:30:00,343.1817579597664,343.1817579597664,0.0,0.0,20.0,27.0,0.0,100.0,1.0
2001-02-16 11:30:00,155.23622935705316,155.23622935705316,0.0,0.0,20.0,27.0,0.0,100.0,1.0
2001-02-16 12:30:00,14.777089146507933,14.777089146507933,0.0,0.0,20.0,27.0,0.0,100.0,1.0
2001-02-16 13:30:00,0.0,0.0,0.0,0.0,20.0,27.0,0.0,100.0,3.0
2001-02-16 14:30:00,0.0,0.0,0.0,0.0,20.0,27.0,0.0,100.0,3.0
2001-02-16 15:30:00,0.0,0.0,0.0,0.0,20.0,27.0,0.0,100.0,3.0
2001-02-16 16:30:00,0.0,0.0,0.0,0.0,20.0,27.0,0.0,100.0,3.0
2001-02-16 17:30:00,157.0998963210386,157.0998963210386,0.0,0.0,20.0,27.0,0.0,100.0,1.0
2001-02-16 18:30:00,359.2747347833856,359.2747347833856,0.0,0.0,20.0,27.0,0.0,100.0,1.0
2001-02-16 19:30:00,471.8525485966002,471.8525485966002,0.0,0.0,20.0,27.0,0.0,100.0,1.0
2001-02-16 20:30:00,539.8980726942191,539.8980726942191,0.0,0.0,20.0,27.0,0.0,100.0,1.0
2001-02-16 21:30:00,582.5274236020759,582.5274236020759,0.0,0.0,20.0,27.0,0.0,100.0,1.0
2001-02-16 22:30:00,611.5492481620431,611.5492481620431,0.0,0.0,20.0,27.0,0.0,100.0,1.0
2001-02-16 23:30:00,631.8534566254884,631.8534566254884,0.0,0.0,20.0,27.0,0.0,100.0,1.0
2001-02-17 00:30:00,643.3894429072516,643.3894429072516,0.0,0.0,20.0,27.0,0.0,100.0,1.0
2001-02-17 01:30:00,659.476003158964,659.476003158964,0.0,0.0,20.0,27.0,0.0,100.0,1.0
2001-02-17 02:30:00,676.8845662681169,676.8845662681169,0.0,0.0,20.0,27.0,0.0,100.0,1.0
2001-02-17 03:30:00,694.5803229746871,694.5803229746871,0.0,0.0,20.0,27.0,0.0,100.0,1.0
2001-02-17 04:30:00,707.3991934735905,707.3991934735905,0.0,0.0,20.0,27.0,0.0,100.0,1.0
2001-02-17 05:30:00,722.8279269895529,722.8279269895529,0.0,0.0,20.0,27.0,0.0,100.0,1.0
2001-02-17 06:30:00,738.5725123839775,738.5725123839775,0.0,0.0,20.0,27.0,0.0,100.0,1.0
2001-02-17 07:30:00,750.636352503021,750.636352503021,0.0,0.0,20.0,27.0,0.0,100.0,1.0
2001-02-17 08:30:00,725.3659304922912,725.3659304922912,0.0,0.0,20.0,27.0,0.0,100.0,1.0
2001-02-17 09:30:00,573.9934086703861,573.9934086703861,0.0,0.0,20.0,27.0,0.0,100.0,1.0
2001-02-17 10:30:00,426.7845192917648,426.7845192917648,0.0,0.0,20.0,27.0,0.0,100.0,1.0
2001-02-17 11:30:00,0.0,0.0,0.0,0.0,20.0,27.0,0.0,100.0,3.0
2001-02-17 12:30:00,0.0,0.0,0.0,0.0,20.0,27.0,0.0,100.0,3.0
2001-02-17 13:30:00,0.0,0.0,0.0,0.0,20.0,27.0,0.0,100.0,3.0
2001-02-17 14:30:00,0.0,0.0,0.0,0.0,20.0,27.0,0.0,100.0,3.0
2001-02-17 15:30:00,0.0,0.0,0.0,0.0,20.0,27.0,0.0,100.0,3.0
2001-02-17 16:30:00,0.0,0.0,0.0,0.0,20.0,27.0,0.0,100.0,3.0
2001-02-17 17:30:00,0.0,0.0,0.0,0.0,20.0,27.0,0.0,100.0,3.0
2001-02-17 18:30:00,0.0,0.0,0.0,0.0,20.0,27.0,0.0,100.0,3.0
2001-02-17 19:30:00,0.0,0.0,0.0,0.0,20.0,27.0,0.0,100.0,3.0
2001-02-17 20:30:00,0.0,0.0,0.0,0.0,20.0,27.0,0.0,100.0,3.0
2001-02-17 21:30:00,115.65230903373777,115.65230903373777,0.0,0.0,20.0,27.0,0.0,100.0,1.0
2001-02-17 22:30:00,330.56408454925804,330.56408454925804,0.0,0.0,20.0,27.0,0.0,100.0,1.0
2001-02-17 23:30:00,459.3886237321849,459.3886237321849,0.0,0.0,20.0,27.0,0.0,100.0,1.0
2001-02-18 00:30:00,553.772308126795,553.772308126795,0.0,0.0,20.0,27.0,0.0,100.0,1.0
2001-02-18 01:30:00,622.4039460353506,622.4039460353506,0.0,0.0,20.0,27.0,0.0,100.0,1.0
2001-02-18 02:30:00,681.1408568724764,681.1408568724764,0.0,0.0,20.0,27.0,0.0,100.0,1.0
2001-02-18 03:30:00,734.3254171559174,734.3254171559174,0.0,0.0,20.0,27.0,0.0,100.0,1.0
2001-02-18 04:30:00,784.1354841475559,784.1354841475559,0.0,0.0,20.0,27.0,0.0,100.0,1.0
2001-02-18 05:30:00,836.4513026427167,836.4513026427167,0.0,0.0,20.0,27.0,0.0,100.0,1.0
2001-02-18 06:30:00,885.6283462223792,885.6283462223792,0.0,0.0,20.0,27.0,0.0,100.0,1.0
2001-02-18 07:30:00,932.8462504747531,932.8462504747531,0.0,0.0,20.0,27.0,0.0,100.0,1.0
2001-02-18 08:30:00,871.3124026184032,871.3124026184032,0.0,0.0,20.0,27.0,0.0,100.0,1.0
2001-02-18 09:30:00,854.8938631261917,854.8938631261917,0.0,0.0,20.0,27.0,0.0,100.0,1.0
2001-02-18 10:30:00,561.8851589242722,561.8851589242722,0.0,0.0,20.0,27.0,0.0,100.0,1.0
2001-02-18 11:30:00,0.0,0.0,0.0,0.0,20.0,27.0,0.0,100.0,3.0
2001-02-18 12:30:00,0.0,0.0,0.0,0.0,20.0,27.0,0.0,100.0,3.0
2001-02-18 13:30:00,0.0,0.0,0.0,0.0,20.0,27.0,0.0,100.0,3.0
2001-02-18 14:30:00,0.0,0.0,0.0,0.0,20.0,27.0,0.0,100.0,3.0
2001-02-18 15:30:00,0.0,0.0,0.0,0.0,20.0,27.0,0.0,100.0,3.0
2001-02-18 16:30:00,0.0,0.0,0.0,0.0,20.0,27.0,0.0,100.0,3.0
2001-02-18 17:30:00,58.001921100403706,58.001921100403706,0.0,0.0,20.0,27.0,0.0,100.0,1.0
2001-02-18 18:30:00,361.2666571795062,361.2666571795062,0.0,0.0,20.0,27.0,0.0,100.0,1.0
2001-02-18 19:30:00,548.4535135253591,548.4535135253591,0.0,0.0,20.0,27.0,0.0,100.0,1.0
2001-02-18 20:30:00,670.9364445870506,670.9364445870506,0.0,0.0,20.0,27.0,0.0,100.0,1.0
2001-02-18 21:30:00,757.0662572862984,757.0662572862984,0.0,0.0,20.0,27.0,0.0,100.0,1.0
2001-02-18 22:30:00,817.6304062857143,817.6304062857143,0.0,0.0,20.0,27.0,0.0,100.0,1.0
2001-02-18 23:30:00,872.8015888380942,872.8015888380942,0.0,0.0,20.0,27.0,0.0,100.0,1.0
2001-02-19 00:30:00,921.15818322227,921.15818322227,0.0,0.0,20.0,27.0,0.0,100.0,1.0
2001-02-19 01:30:00,968.4074223071739,968.4074223071739,0.0,0.0,20.0,27.0,0.0,100.0,1.0
2001-02-19 02:30:00,1015.3539720712615,1015.3539720712615,0.0,0.0,20.0,27.0,0.0,100.0,1.0
2001-02-19 03:30:00,1064.4101736946395,1064.4101736946395,0.0,0.0,20.0,27.0,0.0,100.0,1.0
2001-02-19 04:30:00,1107.5001637328887,1107.5001637328887,0.0,0.0,20.0,27.0,0.0,100.0,1.0
2001-02-19 05:30:00,1151.8157945458524,1151.8157945458524,0.0,0.0,20.0,27.0,0.0,100.0,1.0
2001-02-19 06:30:00,1197.0230891232895,1197.0230891232895,0.0,0.0,20.0,27.0,0.0,100.0,1.0
2001-02-19 07:30:00,1244.5593239107475,1244.5593239107475,0.0,0.0,20.0,27.0,0.0,100.0,1.0
2001-02-19 08:30:00,536.5579901944247,536.5579901944247,0.0,0.0,20.0,27.0,0.0,100.0,1.0
2001-02-19 09:30:00,0.0,0.0,0.0,0.0,20.0,27.0,0.0,100.0,3.0
2001-02-19 10:30:00,0.0,0.0,0.0,0.0,20.0,27.0,0.0,100.0,3.0
2001-02-19 11:30:00,-1223.8718808351723,-1223.8718808351723,0.0,0.0,20.0,27.0,0.0,100.0,-1.0
2001-02-19 12:30:00,-2551.1991028404072,-2551.1991028404072,0.0,0.0,20.0,27.0,0.0,100.0,-1.0
2001-02-19 13:30:00,-3237.8077151052066,-3237.8077151052066,0.0,0.0,20.0,27.0,0.0,100.0,-1.0
2001-02-19 14:30:00,-3431.216103274298,-3431.216103274298,0.0,0.0,20.0,27.0,0.0,100.0,-1.0
2001-02-19 15:30:00,-3238.115306883158,-3238.115306883158,0.0,0.0,20.0,27.0,0.0,100.0,-1.0
2001-02-19 16:30:00,-2702.3153703042435,-2702.3153703042435,0.0,0.0,20.0,27.0,0.0,100.0,-1.0
2001-02-19 17:30:00,-1736.0259884156867,-1736.0259884156867,0.0,0.0,20.0,27.0,0.0,100.0,-1.0
2001-02-19 18:30:00,-632.8277907360252,-632.8277907360252,0.0,0.0,20.0,27.0,0.0,100.0,-1.0
2001-02-19 19:30:00,0.0,0.0,0.0,0.0,20.0,27.0,0.0,100.0,3.0
2001-02-19 20:30:00,0.0,0.0,0.0,0.0,20.0,27.0,0.0,100.0,3.0
2001-02-19 21:30:00,0.0,0.0,0.0,0.0,20.0,27.0,0.0,100.0,3.0
2001-02-19 22:30:00,0.0,0.0,0.0,0.0,20.0,27.0,0.0,100.0,3.0
2001-02-19 23:30:00,0.0,0.0,0.0,0.0,20.0,27.0,0.0,100.0,3.0
2001-02-20 00:30:00,247.8656008058506,247.8656008058506,0.0,0.0,20.0,27.0,0.0,100.0,1.0
2001-02-20 01:30:00,492.03519223493186,492.03519223493186,0.0,0.0,20.0,27.0,0.0,100.0,1.0
2001-02-20 02:30:00,641.0962161732377,641.0962161732377,0.0,0.0,20.0,27.0,0.0,100.0,1.0
2001-02-20 03:30:00,746.6947809865687,746.6947809865687,0.0,0.0,20.0,27.0,0.0,100.0,1.0
2001-02-20 04:30:00,823.7631443592236,823.7631443592236,0.0,0.0,20.0,27.0,0.0,100.0,1.0
2001-02-20 05:30:00,887.2015661522892,887.2015661522892,0.0,0.0,20.0,27.0,0.0,100.0,1.0
2001-02-20 06:30:00,943.064778350812,943.064778350812,0.0,0.0,20.0,27.0,0.0,100.0,1.0
2001-02-20 07:30:00,993.9843826265269,993.9843826265269,0.0,0.0,20.0,27.0,0.0,100.0,1.0
2001-02-20 08:30:00,286.06381848400633,286.06381848400633,0.0,0.0,20.0,27.0,0.0,100.0,1.0
2001-02-20 09:30:00,0.0,0.0,0.0,0.0,20.0,27.0,0.0,100.0,3.0
2001-02-20 10:30:00,0.0,0.0,0.0,0.0,20.0,27.0,0.0,100.0,3.0
2001-02-20 11:30:00,-1044.6637040762826,-1044.6637040762826,0.0,0.0,20.0,27.0,0.0,100.0,-1.0
2001-02-20 12:30:00,-1833.7794514173702,-1833.7794514173702,0.0,0.0,20.0,27.0,0.0,100.0,-1.0
2001-02-20 13:30:00,-2046.1257440079107,-2046.1257440079107,0.0,0.0,20.0,27.0,0.0,100.0,-1.0
2001-02-20 14:30:00,-2544.114369958438,-2544.114369958438,0.0,0.0,20.0,27.0,0.0,100.0,-1.0
2001-02-20 15:30:00,-2115.3491063066713,-2115.3491063066713,0.0,0.0,20.0,27.0,0.0,100.0,-1.0
2001-02-20 16:30:00,-1281.3042997189068,-1281.3042997189068,0.0,0.0,20.0,27.0,0.0,100.0,-1.0
2001-02-20 17:30:00,-601.2797557622625,-601.2797557622625,0.0,0.0,20.0,27.0,0.0,100.0,-1.0
2001-02-20 18:30:00,0.0,0.0,0.0,0.0,20.0,27.0,0.0,100.0,3.0
2001-02-20 19:30:00,0.0,0.0,0.0,0.0,20.0,27.0,0.0,100.0,3.0
2001-02-20 20:30:00,0.0,0.0,0.0,0.0,20.0,27.0,0.0,100.0,3.0
2001-02-20 21:30:00,0.0,0.0,0.0,0.0,20.0,27.0,0.0,100.0,3.0
2001-02-20 22:30:00,0.0,0.0,0.0,0.0,20.0,27.0,0.0,100.0,3.0
2001-02-20 23:30:00,0.0,0.0,0.0,0.0,20.0,27.0,0.0,100.0,3.0
2001-02-21 00:30:00,261.2024881203579,261.2024881203579,0.0,0.0,20.0,27.0,0.0,100.0,1.0
2001-02-21 01:30:00,440.5065512518995,440.5065512518995,0.0,0.0,20.0,27.0,0.0,100.0,1.0
2001-02-21 02:30:00,560.0589735377644,560.0589735377644,0.0,0.0,20.0,27.0,0.0,100.0,1.0
2001-02-21 03:30:00,644.1723720244154,644.1723720244154,0.0,0.0,20.0,27.0,0.0,100.0,1.0
2001-02-21 04:30:00,708.0977842758803,708.0977842758803,0.0,0.0,20.0,27.0,0.0,100.0,1.0
2001-02-21 05:30:00,764.4931647140493,764.4931647140493,0.0,0.0,20.0,27.0,0.0,100.0,1.0
2001-02-21 06:30:00,814.2175084667269,814.2175084667269,0.0,0.0,20.0,27.0,0.0,100.0,1.0
2001-02-21 07:30:00,862.8204356636033,862.8204356636033,0.0,0.0,20.0,27.0,0.0,100.0,1.0
2001-02-21 08:30:00,507.2737544778074,507.2737544778074,0.0,0.0,20.0,27.0,0.0,100.0,1.0
2001-02-21 09:30:00,0.0,0.0,0.0,0.0,20.0,27.0,0.0,100.0,3.0
2001-02-21 10:30:00,0.0,0.0,0.0,0.0,20.0,27.0,0.0,100.0,3.0
2001-02-21 11:30:00,-1015.6550440506753,-1015.6550440506753,0.0,0.0,20.0,27.0,0.0,100.0,-1.0
2001-02-21 12:30:00,-2126.8817146930733,-2126.8817146930733,0.0,0.0,20.0,27.0,0.0,100.0,-1.0
2001-02-21 13:30:00,-2847.66571957165,-2847.66571957165,0.0,0.0,20.0,27.0,0.0,100.0,-1.0
2001-02-21 14:30:00,-3429.8598615636756,-3429.8598615636756,0.0,0.0,20.0,27.0,0.0,100.0,-1.0
2001-02-21 15:30:00,-3373.232965843289,-3373.232965843289,0.0,0.0,20.0,27.0,0.0,100.0,-1.0
2001-02-21 16:30:00,-2848.786210268837,-2848.786210268837,0.0,0.0,20.0,27.0,0.0,100.0,-1.0
2001-02-21 17:30:00,-1917.2238460972667,-1917.2238460972667,0.0,0.0,20.0,27.0,0.0,100.0,-1.0
2001-02-21 18:30:00,-866.6912503827598,-866.6912503827598,0.0,0.0,20.0,27.0,0.0,100.0,-1.0
2001-02-21 19:30:00,-161.9402797740513,-161.9402797740513,0.0,0.0,20.0,27.0,0.0,100.0,-1.0
2001-02-21 20:30:00,0.0,0.0,0.0,0.0,20.0,27.0,0.0,100.0,3.0
2001-02-21 21:30:00,0.0,0.0,0.0,0.0,20.0,27.0,0.0,100.0,3.0
2001-02-21 22:30:00,0.0,0.0,0.0,0.0,20.0,27.0,0.0,100.0,3.0
2001-02-21 23:30:00,0.0,0.0,0.0,0.0,20.0,27.0,0.0,100.0,3.0
2001-02-22 00:30:00,0.0,0.0,0.0,0.0,20.0,27.0,0.0,100.0,3.0
2001-02-22 01:30:00,0.0,0.0,0.0,0.0,20.0,27.0,0.0,100.0,3.0
2001-02-22 02:30:00,234.8282301331201,234.8282301331201,0.0,0.0,20.0,27.0,0.0,100.0,1.0
2001-02-22 03:30:00,426.330077525914,426.330077525914,0.0,0.0,20.0,27.0,0.0,100.0,1.0
2001-02-22 04:30:00,558.4640185179833,558.4640185179833,0.0,0.0,20.0,27.0,0.0,100.0,1.0
2001-02-22 05:30:00,661.2362294311115,661.2362294311115,0.0,0.0,20.0,27.0,0.0,100.0,1.0
2001-02-22 06:30:00,747.4236043356977,747.4236043356977,0.0,0.0,20.0,27.0,0.0,100.0,1.0
2001-02-22 07:30:00,828.0536933965732,828.0536933965732,0.0,0.0,20.0,27.0,0.0,100.0,1.0
2001-02-22 08:30:00,297.26338450571893,297.26338450571893,0.0,0.0,20.0,27.0,0.0,100.0,1.0
2001-02-22 09:30:00,0.0,0.0,0.0,0.0,20.0,27.0,0.0,100.0,3.0
2001-02-22 10:30:00,-261.50776912599304,-261.50776912599304,0.0,0.0,20.0,27.0,0.0,100.0,-1.0
2001-02-22 11:30:00,-1774.4118893188343,-1774.4118893188343,0.0,0.0,20.0,27.0,0.0,100.0,-1.0
2001-02-22 12:30:00,-2637.6217705659537,-2637.6217705659537,0.0,0.0,20.0,27.0,0.0,100.0,-1.0
2001-02-22 13:30:00,-3283.4825058186334,-3283.4825058186334,0.0,0.0,20.0,27.0,0.0,100.0,-1.0
2001-02-22 14:30:00,-3453.6362263518304,-3453.6362263518304,0.0,0.0,20.0,27.0,0.0,100.0,-1.0
2001-02-22 15:30:00,-2961.2500073868678,-2961.2500073868678,0.0,0.0,20.0,27.0,0.0,100.0,-1.0
2001-02-22 16:30:00,-2465.8775296480662,-2465.8775296480662,0.0,0.0,20.0,27.0,0.0,100.0,-1.0
2001-02-22 17:30:00,-1688.5488215776795,-1688.5488215776795,0.0,0.0,20.0,27.0,0.0,100.0,-1.0
2001-02-22 18:30:00,-744.8658652765762,-744.8658652765762,0.0,0.0,20.0,27.0,0.0,100.0,-1.0
2001-02-22 19:30:00,-101.01527866551714,-101.01527866551714,0.0,0.0,20.0,27.0,0.0,100.0,-1.0
2001-02-22 20:30:00,0.0,0.0,0.0,0.0,20.0,27.0,0.0,100.0,3.0
2001-02-22 21:30:00,0.0,0.0,0.0,0.0,20.0,27.0,0.0,100.0,3.0
2001-02-22 22:30:00,0.0,0.0,0.0,0.0,20.0,27.0,0.0,100.0,3.0
2001-02-22 23:30:00,0.0,0.0,0.0,0.0,20.0,27.0,0.0,100.0,3.0
2001-02-23 00:30:00,0.0,0.0,0.0,0.0,20.0,27.0,0.0,100.0,3.0
2001-02-23 01:30:00,0.0,0.0,0.0,0.0,20.0,27.0,0.0,100.0,3.0
2001-02-23 02:30:00,192.19053643550797,192.19053643550797,0.0,0.0,20.0,27.0,0.0,100.0,1.0
2001-02-23 03:30:00,401.12725632173715,401.12725632173715,0.0,0.0,20.0,27.0,0.0,100.0,1.0
2001-02-23 04:30:00,540.5853747699275,540.5853747699275,0.0,0.0,20.0,27.0,0.0,100.0,1.0
2001-02-23 05:30:00,651.550187227158,651.550187227158,0.0,0.0,20.0,27.0,0.0,100.0,1.0
2001-02-23 06:30:00,746.3267777017527,746.3267777017527,0.0,0.0,20.0,27.0,0.0,100.0,1.0
2001-02-23 07:30:00,836.2207492696989,836.2207492696989,0.0,0.0,20.0,27.0,0.0,100.0,1.0
2001-02-23 08:30:00,361.5141315373039,361.5141315373039,0.0,0.0,20.0,27.0,0.0,100.0,1.0
2001-02-23 09:30:00,0.0,0.0,0.0,0.0,20.0,27.0,0.0,100.0,3.0
2001-02-23 10:30:00,0.0,0.0,0.0,0.0,20.0,27.0,0.0,100.0,3.0
2001-02-23 11:30:00,0.0,0.0,0.0,0.0,20.0,27.0,0.0,100.0,3.0
2001-02-23 12:30:00,0.0,0.0,0.0,0.0,20.0,27.0,0.0,100.0,3.0
2001-02-23 13:30:00,-86.77658324650474,-86.77658324650474,0.0,0.0,20.0,27.0,0.0,100.0,-1.0
2001-02-23 14:30:00,-868.817470402134,-868.817470402134,0.0,0.0,20.0,27.0,0.0,100.0,-1.0
2001-02-23 15:30:00,-619.772927712781,-619.772927712781,0.0,0.0,20.0,27.0,0.0,100.0,-1.0
2001-02-23 16:30:00,-692.0674557742013,-692.0674557742013,0.0,0.0,20.0,27.0,0.0,100.0,-1.0
2001-02-23 17:30:00,-191.74240268420635,-191.74240268420635,0.0,0.0,20.0,27.0,0.0,100.0,-1.0
2001-02-23 18:30:00,0.0,0.0,0.0,0.0,20.0,27.0,0.0,100.0,3.0
2001-02-23 19:30:00,0.0,0.0,0.0,0.0,20.0,27.0,0.0,100.0,3.0
2001-02-23 20:30:00,0.0,0.0,0.0,0.0,20.0,27.0,0.0,100.0,3.0
2001-02-23 21:30:00,0.0,0.0,0.0,0.0,20.0,27.0,0.0,100.0,3.0
2001-02-23 22:30:00,46.07926375056741,46.07926375056741,0.0,0.0,20.0,27.0,0.0,100.0,1.0
2001-02-23 23:30:00,392.1809536914716,392.1809536914716,0.0,0.0,20.0,27.0,0.0,100.0,1.0
2001-02-24 00:30:00,588.7900409986387,588.7900409986387,0.0,0.0,20.0,27.0,0.0,100.0,1.0
2001-02-24 01:30:00,727.7423694987328,727.7423694987328,0.0,0.0,20.0,27.0,0.0,100.0,1.0
2001-02-24 02:30:00,827.266123743062,827.266123743062,0.0,0.0,20.0,27.0,0.0,100.0,1.0
2001-02-24 03:30:00,908.4780371035376,908.4780371035376,0.0,0.0,20.0,27.0,0.0,100.0,1.0
2001-02-24 04:30:00,978.5583101681441,978.5583101681441,0.0,0.0,20.0,27.0,0.0,100.0,1.0
2001-02-24 05:30:00,1046.3465289213145,1046.3465289213145,0.0,0.0,20.0,27.0,0.0,100.0,1.0
2001-02-24 06:30:00,1108.7863705466443,1108.7863705466443,0.0,0.0,20.0,27.0,0.0,100.0,1.0
2001-02-24 07:30:00,1167.5880572550468,1167.5880572550468,0.0,0.0,20.0,27.0,0.0,100.0,1.0
2001-02-24 08:30:00,333.0685860745052,333.0685860745052,0.0,0.0,20.0,27.0,0.0,100.0,1.0
2001-02-24 09:30:00,0.0,0.0,0.0,0.0,20.0,27.0,0.0,100.0,3.0
2001-02-24 10:30:00,-178.23348712745155,-178.23348712745155,0.0,0.0,20.0,27.0,0.0,100.0,-1.0
2001-02-24 11:30:00,-1689.9683376389594,-1689.9683376389594,0.0,0.0,20.0,27.0,0.0,100.0,-1.0
2001-02-24 12:30:00,-2663.175037932958,-2663.175037932958,0.0,0.0,20.0,27.0,0.0,100.0,-1.0
2001-02-24 13:30:00,-3306.1694359828625,-3306.1694359828625,0.0,0.0,20.0,27.0,0.0,100.0,-1.0
2001-02-24 14:30:00,-3491.595268433649,-3491.595268433649,0.0,0.0,20.0,27.0,0.0,100.0,-1.0
2001-02-24 15:30:00,-3302.4348635796914,-3302.4348635796914,0.0,0.0,20.0,27.0,0.0,100.0,-1.0
2001-02-24 16:30:00,-2802.717750519928,-2802.717750519928,0.0,0.0,20.0,27.0,0.0,100.0,-1.0
2001-02-24 17:30:00,-1884.9409973543325,-1884.9409973543325,0.0,0.0,20.0,27.0,0.0,100.0,-1.0
2001-02-24 18:30:00,-772.8885916030531,-772.8885916030531,0.0,0.0,20.0,27.0,0.0,100.0,-1.0
2001-02-24 19:30:00,-23.895582982910128,-23.895582982910128,0.0,0.0,20.0,27.0,0.0,100.0,-1.0
2001-02-24 20:30:00,0.0,0.0,0.0,0.0,20.0,27.0,0.0,100.0,3.0
2001-02-24 21:30:00,0.0,0.0,0.0,0.0,20.0,27.0,0.0,100.0,3.0
2001-02-24 22:30:00,0.0,0.0,0.0,0.0,20.0,27.0,0.0,100.0,3.0
2001-02-24 23:30:00,0.0,0.0,0.0,0.0,20.0,27.0,0.0,100.0,3.0
2001-02-25 00:30:00,135.5733118288772,135.5733118288772,0.0,0.0,20.0,27.0,0.0,100.0,1.0
2001-02-25 01:30:00,454.1660306660051,454.1660306660051,0.0,0.0,20.0,27.0,0.0,100.0,1.0
2001-02-25 02:30:00,646.3518826457239,646.3518826457239,0.0,0.0,20.0,27.0,0.0,100.0,1.0
2001-02-25 03:30:00,788.2251464527235,788.2251464527235,0.0,0.0,20.0,27.0,0.0,100.0,1.0
2001-02-25 04:30:00,900.53766820075,900.53766820075,0.0,0.0,20.0,27.0,0.0,100.0,1.0
2001-02-25 05:30:00,996.0687901768415,996.0687901768415,0.0,0.0,20.0,27.0,0.0,100.0,1.0
2001-02-25 06:30:00,1077.2601901534035,1077.2601901534035,0.0,0.0,20.0,27.0,0.0,100.0,1.0
2001-02-25 07:30:00,1155.2209348689994,1155.2209348689994,0.0,0.0,20.0,27.0,0.0,100.0,1.0
2001-02-25 08:30:00,455.50949237502937,455.50949237502937,0.0,0.0,20.0,27.0,0.0,100.0,1.0
2001-02-25 09:30:00,0.0,0.0,0.0,0.0,20.0,27.0,0.0,100.0,3.0
2001-02-25 10:30:00,0.0,0.0,0.0,0.0,20.0,27.0,0.0,100.0,3.0
2001-02-25 11:30:00,-1137.9722011174463,-1137.9722011174463,0.0,0.0,20.0,27.0,0.0,100.0,-1.0
2001-02-25 12:30:00,-2008.6406874872273,-2008.6406874872273,0.0,0.0,20.0,27.0,0.0,100.0,-1.0
2001-02-25 13:30:00,-2389.9578812520313,-2389.9578812520313,0.0,0.0,20.0,27.0,0.0,100.0,-1.0
2001-02-25 14:30:00,-2545.904951119527,-2545.904951119527,0.0,0.0,20.0,27.0,0.0,100.0,-1.0
2001-02-25 15:30:00,-2551.9531500599305,-2551.9531500599305,0.0,0.0,20.0,27.0,0.0,100.0,-1.0
2001-02-25 16:30:00,-2131.6157083003354,-2131.6157083003354,0.0,0.0,20.0,27.0,0.0,100.0,-1.0
2001-02-25 17:30:00,-1365.0434427092086,-1365.0434427092086,0.0,0.0,20.0,27.0,0.0,100.0,-1.0
2001-02-25 18:30:00,-410.52035611479823,-410.52035611479823,0.0,0.0,20.0,27.0,0.0,100.0,-1.0
2001-02-25 19:30:00,0.0,0.0,0.0,0.0,20.0,27.0,0.0,100.0,3.0
2001-02-25 20:30:00,0.0,0.0,0.0,0.0,20.0,27.0,0.0,100.0,3.0
2001-02-25 21:30:00,0.0,0.0,0.0,0.0,20.0,27.0,0.0,100.0,3.0
2001-02-25 22:30:00,0.0,0.0,0.0,0.0,20.0,27.0,0.0,100.0,3.0
2001-02-25 23:30:00,92.74131495379424,92.74131495379424,0.0,0.0,20.0,27.0,0.0,100.0,1.0
2001-02-26 00:30:00,465.9428935730157,465.9428935730157,0.0,0.0,20.0,27.0,0.0,100.0,1.0
2001-02-26 01:30:00,676.9103578102149,676.9103578102149,0.0,0.0,20.0,27.0,0.0,100.0,1.0
2001-02-26 02:30:00,825.4561510017029,825.4561510017029,0.0,0.0,20.0,27.0,0.0,100.0,1.0
2001-02-26 03:30:00,938.5468468281824,938.5468468281824,0.0,0.0,20.0,27.0,0.0,100.0,1.0
2001-02-26 04:30:00,1029.8091476242962,1029.8091476242962,0.0,0.0,20.0,27.0,0.0,100.0,1.0
2001-02-26 05:30:00,1108.7332202552516,1108.7332202552516,0.0,0.0,20.0,27.0,0.0,100.0,1.0
2001-02-26 06:30:00,1180.9990068369698,1180.9990068369698,0.0,0.0,20.0,27.0,0.0,100.0,1.0
2001-02-26 07:30:00,1254.001153607156,1254.001153607156,0.0,0.0,20.0,27.0,0.0,100.0,1.0
2001-02-26 08:30:00,475.6555868014548,475.6555868014548,0.0,0.0,20.0,27.0,0.0,100.0,1.0
2001-02-26 09:30:00,0.0,0.0,0.0,0.0,20.0,27.0,0.0,100.0,3.0
2001-02-26 10:30:00,0.0,0.0,0.0,0.0,20.0,27.0,0.0,100.0,3.0
2001-02-26 11:30:00,-1214.5250922711411,-1214.5250922711411,0.0,0.0,20.0,27.0,0.0,100.0,-1.0
2001-02-26 12:30:00,-2257.927421037576,-2257.927421037576,0.0,0.0,20.0,27.0,0.0,100.0,-1.0
2001-02-26 13:30:00,-2759.9673266373093,-2759.9673266373093,0.0,0.0,20.0,27.0,0.0,100.0,-1.0
2001-02-26 14:30:00,-2875.3801023534206,-2875.3801023534206,0.0,0.0,20.0,27.0,0.0,100.0,-1.0
2001-02-26 15:30:00,-2406.553818481835,-2406.553818481835,0.0,0.0,20.0,27.0,0.0,100.0,-1.0
2001-02-26 16:30:00,-1416.3748028934488,-1416.3748028934488,0.0,0.0,20.0,27.0,0.0,100.0,-1.0
2001-02-26 17:30:00,-676.9399767661953,-676.9399767661953,0.0,0.0,20.0,27.0,0.0,100.0,-1.0
2001-02-26 18:30:00,0.0,0.0,0.0,0.0,20.0,27.0,0.0,100.0,3.0
2001-02-26 19:30:00,0.0,0.0,0.0,0.0,20.0,27.0,0.0,100.0,3.0
2001-02-26 20:30:00,0.0,0.0,0.0,0.0,20.0,27.0,0.0,100.0,3.0
2001-02-26 21:30:00,0.0,0.0,0.0,0.0,20.0,27.0,0.0,100.0,3.0
2001-02-26 22:30:00,0.0,0.0,0.0,0.0,20.0,27.0,0.0,100.0,3.0
2001-02-26 23:30:00,260.72108771453077,260.72108771453077,0.0,0.0,20.0,27.0,0.0,100.0,1.0
2001-02-27 00:30:00,512.6842562108832,512.6842562108832,0.0,0.0,20.0,27.0,0.0,100.0,1.0
2001-02-27 01:30:00,662.5955009922354,662.5955009922354,0.0,0.0,20.0,27.0,0.0,100.0,1.0
2001-02-27 02:30:00,771.6261629934424,771.6261629934424,0.0,0.0,20.0,27.0,0.0,100.0,1.0
2001-02-27 03:30:00,854.4226093869083,854.4226093869083,0.0,0.0,20.0,27.0,0.0,100.0,1.0
2001-02-27 04:30:00,919.8483115997424,919.8483115997424,0.0,0.0,20.0,27.0,0.0,100.0,1.0
2001-02-27 05:30:00,977.7002660221251,977.7002660221251,0.0,0.0,20.0,27.0,0.0,100.0,1.0
2001-02-27 06:30:00,1033.78154105063,1033.78154105063,0.0,0.0,20.0,27.0,0.0,100.0,1.0
2001-02-27 07:30:00,1062.3643034370243,1062.3643034370243,0.0,0.0,20.0,27.0,0.0,100.0,1.0
2001-02-27 08:30:00,146.98678168373863,146.98678168373863,0.0,0.0,20.0,27.0,0.0,100.0,1.0
2001-02-27 09:30:00,0.0,0.0,0.0,0.0,20.0,27.0,0.0,100.0,3.0
2001-02-27 10:30:00,-317.43880237448775,-317.43880237448775,0.0,0.0,20.0,27.0,0.0,100.0,-1.0
2001-02-27 11:30:00,-1470.1798948112255,-1470.1798948112255,0.0,0.0,20.0,27.0,0.0,100.0,-1.0
2001-02-27 12:30:00,-2195.274516552793,-2195.274516552793,0.0,0.0,20.0,27.0,0.0,100.0,-1.0
2001-02-27 13:30:00,-2810.4447725620803,-2810.4447725620803,0.0,0.0,20.0,27.0,0.0,100.0,-1.0
2001-02-27 14:30:00,-2903.529874379944,-2903.529874379944,0.0,0.0,20.0,27.0,0.0,100.0,-1.0
2001-02-27 15:30:00,-2944.4148666916362,-2944.4148666916362,0.0,0.0,20.0,27.0,0.0,100.0,-1.0
2001-02-27 16:30:00,-2473.8084031136814,-2473.8084031136814,0.0,0.0,20.0,27.0,0.0,100.0,-1.0
2001-02-27 17:30:00,-1525.4479189351177,-1525.4479189351177,0.0,0.0,20.0,27.0,0.0,100.0,-1.0
2001-02-27 18:30:00,-562.325412834386,-562.325412834386,0.0,0.0,20.0,27.0,0.0,100.0,-1.0
2001-02-27 19:30:00,0.0,0.0,0.0,0.0,20.0,27.0,0.0,100.0,3.0
2001-02-27 20:30:00,0.0,0.0,0.0,0.0,20.0,27.0,0.0,100.0,3.0
2001-02-27 21:30:00,0.0,0.0,0.0,0.0,20.0,27.0,0.0,100.0,3.0
2001-02-27 22:30:00,0.0,0.0,0.0,0.0,20.0,27.0,0.0,100.0,3.0
2001-02-27 23:30:00,0.0,0.0,0.0,0.0,20.0,27.0,0.0,100.0,3.0
2001-02-28 00:30:00,0.0,0.0,0.0,0.0,20.0,27.0,0.0,100.0,3.0
2001-02-28 01:30:00,182.13108672355975,182.13108672355975,0.0,0.0,20.0,27.0,0.0,100.0,1.0
2001-02-28 02:30:00,410.10964699288706,410.10964699288706,0.0,0.0,20.0,27.0,0.0,100.0,1.0
2001-02-28 03:30:00,553.4881013187714,553.4881013187714,0.0,0.0,20.0,27.0,0.0,100.0,1.0
2001-02-28 04:30:00,662.9564555495026,662.9564555495026,0.0,0.0,20.0,27.0,0.0,100.0,1.0
2001-02-28 05:30:00,753.1629626851463,753.1629626851463,0.0,0.0,20.0,27.0,0.0,100.0,1.0
2001-02-28 06:30:00,831.6084878784895,831.6084878784895,0.0,0.0,20.0,27.0,0.0,100.0,1.0
2001-02-28 07:30:00,867.1244389722197,867.1244389722197,0.0,0.0,20.0,27.0,0.0,100.0,1.0
2001-02-28 08:30:00,720.0995938908209,720.0995938908209,0.0,0.0,20.0,27.0,0.0,100.0,1.0
2001-02-28 09:30:00,129.72544249826024,129.72544249826024,0.0,0.0,20.0,27.0,0.0,100.0,1.0
2001-02-28 10:30:00,0.0,0.0,0.0,0.0,20.0,27.0,0.0,100.0,3.0
2001-02-28 11:30:00,0.0,0.0,0.0,0.0,20.0,27.0,0.0,100.0,3.0
2001-02-28 12:30:00,-838.2931982209075,-838.2931982209075,0.0,0.0,20.0,27.0,0.0,100.0,-1.0
2001-02-28 13:30:00,-1830.001293797167,-1830.001293797167,0.0,0.0,20.0,27.0,0.0,100.0,-1.0
2001-02-28 14:30:00,-2425.4997718764853,-2425.4997718764853,0.0,0.0,20.0,27.0,0.0,100.0,-1.0
2001-02-28 15:30:00,-2536.771299388475,-2536.771299388475,0.0,0.0,20.0,27.0,0.0,100.0,-1.0
2001-02-28 16:30:00,-2314.4669213683655,-2314.4669213683655,0.0,0.0,20.0,27.0,0.0,100.0,-1.0
2001-02-28 17:30:00,-1430.0166138571667,-1430.0166138571667,0.0,0.0,20.0,27.0,0.0,100.0,-1.0
2001-02-28 18:30:00,-520.6327712777957,-520.6327712777957,0.0,0.0,20.0,27.0,0.0,100.0,-1.0
2001-02-28 19:30:00,0.0,0.0,0.0,0.0,20.0,27.0,0.0,100.0,3.0
2001-02-28 20:30:00,0.0,0.0,0.0,0.0,20.0,27.0,0.0,100.0,3.0
2001-02-28 21:30:00,0.0,0.0,0.0,0.0,20.0,27.0,0.0,100.0,3.0
2001-02-28 22:30:00,0.0,0.0,0.0,0.0,20.0,27.0,0.0,100.0,3.0
2001-02-28 23:30:00,0.0,0.0,0.0,0.0,20.0,27.0,0.0,100.0,3.0
2001-03-01 00:30:00,0.0,0.0,0.0,0.0,20.0,27.0,0.0,100.0,3.0
2001-03-01 01:30:00,56.131331447306366,56.131331447306366,0.0,0.0,20.0,27.0,0.0,100.0,1.0
2001-03-01 02:30:00,309.48895943305433,309.48895943305433,0.0,0.0,20.0,27.0,0.0,100.0,1.0
2001-03-01 03:30:00,466.57347155800016,466.57347155800016,0.0,0.0,20.0,27.0,0.0,100.0,1.0
2001-03-01 04:30:00,587.7487664035334,587.7487664035334,0.0,0.0,20.0,27.0,0.0,100.0,1.0
2001-03-01 05:30:00,683.8098479967266,683.8098479967266,0.0,0.0,20.0,27.0,0.0,100.0,1.0
2001-03-01 06:30:00,770.5977928829216,770.5977928829216,0.0,0.0,20.0,27.0,0.0,100.0,1.0
2001-03-01 07:30:00,796.488158033324,796.488158033324,0.0,0.0,20.0,27.0,0.0,100.0,1.0
2001-03-01 08:30:00,671.5937536132569,671.5937536132569,0.0,0.0,20.0,27.0,0.0,100.0,1.0
2001-03-01 09:30:00,221.60800252807348,221.60800252807348,0.0,0.0,20.0,27.0,0.0,100.0,1.0
2001-03-01 10:30:00,192.05386955215272,192.05386955215272,0.0,0.0,20.0,27.0,0.0,100.0,1.0
2001-03-01 11:30:00,103.25851890688864,103.25851890688864,0.0,0.0,20.0,27.0,0.0,100.0,1.0
2001-03-01 12:30:00,0.0,0.0,0.0,0.0,20.0,27.0,0.0,100.0,3.0
2001-03-01 13:30:00,0.0,0.0,0.0,0.0,20.0,27.0,0.0,100.0,3.0
2001-03-01 14:30:00,-708.5914548001156,-708.5914548001156,0.0,0.0,20.0,27.0,0.0,100.0,-1.0
2001-03-01 15:30:00,-768.1891248529819,-768.1891248529819,0.0,0.0,20.0,27.0,0.0,100.0,-1.0
2001-03-01 16:30:00,-439.55509340288245,-439.55509340288245,0.0,0.0,20.0,27.0,0.0,100.0,-1.0
2001-03-01 17:30:00,-39.40496603933752,-39.40496603933752,0.0,0.0,20.0,27.0,0.0,100.0,-1.0
2001-03-01 18:30:00,0.0,0.0,0.0,0.0,20.0,27.0,0.0,100.0,3.0
2001-03-01 19:30:00,0.0,0.0,0.0,0.0,20.0,27.0,0.0,100.0,3.0
2001-03-01 20:30:00,0.0,0.0,0.0,0.0,20.0,27.0,0.0,100.0,3.0
2001-03-01 21:30:00,0.0,0.0,0.0,0.0,20.0,27.0,0.0,100.0,3.0
2001-03-01 22:30:00,0.0,0.0,0.0,0.0,20.0,27.0,0.0,100.0,3.0
2001-03-01 23:30:00,266.282862457414,266.282862457414,0.0,0.0,20.0,27.0,0.0,100.0,1.0
2001-03-02 00:30:00,458.7546260594181,458.7546260594181,0.0,0.0,20.0,27.0,0.0,100.0,1.0
2001-03-02 01:30:00,589.1544205493046,589.1544205493046,0.0,0.0,20.0,27.0,0.0,100.0,1.0
2001-03-02 02:30:00,683.2081359384902,683.2081359384902,0.0,0.0,20.0,27.0,0.0,100.0,1.0
2001-03-02 03:30:00,761.8933498032729,761.8933498032729,0.0,0.0,20.0,27.0,0.0,100.0,1.0
2001-03-02 04:30:00,825.3938100234,825.3938100234,0.0,0.0,20.0,27.0,0.0,100.0,1.0
2001-03-02 05:30:00,886.1786005639979,886.1786005639979,0.0,0.0,20.0,27.0,0.0,100.0,1.0
2001-03-02 06:30:00,939.1538712103365,939.1538712103365,0.0,0.0,20.0,27.0,0.0,100.0,1.0
2001-03-02 07:30:00,942.4170306974393,942.4170306974393,0.0,0.0,20.0,27.0,0.0,100.0,1.0
2001-03-02 08:30:00,559.3514246230361,559.3514246230361,0.0,0.0,20.0,27.0,0.0,100.0,1.0
2001-03-02 09:30:00,360.05467380751725,360.05467380751725,0.0,0.0,20.0,27.0,0.0,100.0,1.0
2001-03-02 10:30:00,0.0,0.0,0.0,0.0,20.0,27.0,0.0,100.0,3.0
2001-03-02 11:30:00,0.0,0.0,0.0,0.0,20.0,27.0,0.0,100.0,3.0
2001-03-02 12:30:00,-244.94943049914036,-244.94943049914036,0.0,0.0,20.0,27.0,0.0,100.0,-1.0
2001-03-02 13:30:00,-714.0066649502105,-714.0066649502105,0.0,0.0,20.0,27.0,0.0,100.0,-1.0
2001-03-02 14:30:00,-606.6896939534809,-606.6896939534809,0.0,0.0,20.0,27.0,0.0,100.0,-1.0
2001-03-02 15:30:00,-615.0656027616451,-615.0656027616451,0.0,0.0,20.0,27.0,0.0,100.0,-1.0
2001-03-02 16:30:00,-221.0187141788674,-221.0187141788674,0.0,0.0,20.0,27.0,0.0,100.0,-1.0
2001-03-02 17:30:00,0.0,0.0,0.0,0.0,20.0,27.0,0.0,100.0,3.0
2001-03-02 18:30:00,0.0,0.0,0.0,0.0,20.0,27.0,0.0,100.0,3.0
2001-03-02 19:30:00,0.0,0.0,0.0,0.0,20.0,27.0,0.0,100.0,3.0
2001-03-02 20:30:00,0.0,0.0,0.0,0.0,20.0,27.0,0.0,100.0,3.0
2001-03-02 21:30:00,0.0,0.0,0.0,0.0,20.0,27.0,0.0,100.0,3.0
2001-03-02 22:30:00,253.45731463911397,253.45731463911397,0.0,0.0,20.0,27.0,0.0,100.0,1.0
2001-03-02 23:30:00,492.7585844494006,492.7585844494006,0.0,0.0,20.0,27.0,0.0,100.0,1.0
2001-03-03 00:30:00,644.4423486217474,644.4423486217474,0.0,0.0,20.0,27.0,0.0,100.0,1.0
2001-03-03 01:30:00,760.0322239525958,760.0322239525958,0.0,0.0,20.0,27.0,0.0,100.0,1.0
2001-03-03 02:30:00,849.8038348969167,849.8038348969167,0.0,0.0,20.0,27.0,0.0,100.0,1.0
2001-03-03 03:30:00,929.3291347852837,929.3291347852837,0.0,0.0,20.0,27.0,0.0,100.0,1.0
2001-03-03 04:30:00,1002.6497445889563,1002.6497445889563,0.0,0.0,20.0,27.0,0.0,100.0,1.0
2001-03-03 05:30:00,1066.5058427172153,1066.5058427172153,0.0,0.0,20.0,27.0,0.0,100.0,1.0
2001-03-03 06:30:00,1131.1668072001858,1131.1668072001858,0.0,0.0,20.0,27.0,0.0,100.0,1.0
2001-03-03 07:30:00,1142.9567643893988,1142.9567643893988,0.0,0.0,20.0,27.0,0.0,100.0,1.0
2001-03-03 08:30:00,878.7160327774563,878.7160327774563,0.0,0.0,20.0,27.0,0.0,100.0,1.0
2001-03-03 09:30:00,573.1694982909357,573.1694982909357,0.0,0.0,20.0,27.0,0.0,100.0,1.0
2001-03-03 10:30:00,0.0,0.0,0.0,0.0,20.0,27.0,0.0,100.0,3.0
2001-03-03 11:30:00,0.0,0.0,0.0,0.0,20.0,27.0,0.0,100.0,3.0
2001-03-03 12:30:00,0.0,0.0,0.0,0.0,20.0,27.0,0.0,100.0,3.0
2001-03-03 13:30:00,0.0,0.0,0.0,0.0,20.0,27.0,0.0,100.0,3.0
2001-03-03 14:30:00,0.0,0.0,0.0,0.0,20.0,27.0,0.0,100.0,3.0
2001-03-03 15:30:00,0.0,0.0,0.0,0.0,20.0,27.0,0.0,100.0,3.0
2001-03-03 16:30:00,-160.82656681586832,-160.82656681586832,0.0,0.0,20.0,27.0,0.0,100.0,-1.0
2001-03-03 17:30:00,-203.65847970775485,-203.65847970775485,0.0,0.0,20.0,27.0,0.0,100.0,-1.0
2001-03-03 18:30:00,0.0,0.0,0.0,0.0,20.0,27.0,0.0,100.0,3.0
2001-03-03 19:30:00,0.0,0.0,0.0,0.0,20.0,27.0,0.0,100.0,3.0
2001-03-03 20:30:00,0.0,0.0,0.0,0.0,20.0,27.0,0.0,100.0,3.0
2001-03-03 21:30:00,0.0,0.0,0.0,0.0,20.0,27.0,0.0,100.0,3.0
2001-03-03 22:30:00,428.7400911239738,428.7400911239738,0.0,0.0,20.0,27.0,0.0,100.0,1.0
2001-03-03 23:30:00,677.5075665004633,677.5075665004633,0.0,0.0,20.0,27.0,0.0,100.0,1.0
2001-03-04 00:30:00,839.7067231286792,839.7067231286792,0.0,0.0,20.0,27.0,0.0,100.0,1.0
2001-03-04 01:30:00,952.4902679967763,952.4902679967763,0.0,0.0,20.0,27.0,0.0,100.0,1.0
2001-03-04 02:30:00,1037.059236314839,1037.059236314839,0.0,0.0,20.0,27.0,0.0,100.0,1.0
2001-03-04 03:30:00,1105.2379329045962,1105.2379329045962,0.0,0.0,20.0,27.0,0.0,100.0,1.0
2001-03-04 04:30:00,1161.304955550313,1161.304955550313,0.0,0.0,20.0,27.0,0.0,100.0,1.0
2001-03-04 05:30:00,1207.9187848519969,1207.9187848519969,0.0,0.0,20.0,27.0,0.0,100.0,1.0
2001-03-04 06:30:00,1254.1511044690196,1254.1511044690196,0.0,0.0,20.0,27.0,0.0,100.0,1.0
2001-03-04 07:30:00,1235.657388862469,1235.657388862469,0.0,0.0,20.0,27.0,0.0,100.0,1.0
2001-03-04 08:30:00,577.1503625386722,577.1503625386722,0.0,0.0,20.0,27.0,0.0,100.0,1.0
2001-03-04 09:30:00,1.9176929920467956,1.9176929920467956,0.0,0.0,20.0,27.0,0.0,100.0,1.0
2001-03-04 10:30:00,0.0,0.0,0.0,0.0,20.0,27.0,0.0,100.0,3.0
2001-03-04 11:30:00,0.0,0.0,0.0,0.0,20.0,27.0,0.0,100.0,3.0
2001-03-04 12:30:00,-256.66372973478155,-256.66372973478155,0.0,0.0,20.0,27.0,0.0,100.0,-1.0
2001-03-04 13:30:00,-595.7254921641479,-595.7254921641479,0.0,0.0,20.0,27.0,0.0,100.0,-1.0
2001-03-04 14:30:00,-256.36367025903655,-256.36367025903655,0.0,0.0,20.0,27.0,0.0,100.0,-1.0
2001-03-04 15:30:00,0.0,0.0,0.0,0.0,20.0,27.0,0.0,100.0,3.0
2001-03-04 16:30:00,0.0,0.0,0.0,0.0,20.0,27.0,0.0,100.0,3.0
2001-03-04 17:30:00,0.0,0.0,0.0,0.0,20.0,27.0,0.0,100.0,3.0
2001-03-04 18:30:00,0.0,0.0,0.0,0.0,20.0,27.0,0.0,100.0,3.0
2001-03-04 19:30:00,0.0,0.0,0.0,0.0,20.0,27.0,0.0,100.0,3.0
2001-03-04 20:30:00,366.8962365327461,366.8962365327461,0.0,0.0,20.0,27.0,0.0,100.0,1.0
2001-03-04 21:30:00,648.0789951677289,648.0789951677289,0.0,0.0,20.0,27.0,0.0,100.0,1.0
2001-03-04 22:30:00,823.6284865091911,823.6284865091911,0.0,0.0,20.0,27.0,0.0,100.0,1.0
2001-03-04 23:30:00,950.0105413937499,950.0105413937499,0.0,0.0,20.0,27.0,0.0,100.0,1.0
2001-03-05 00:30:00,1044.3014498396733,1044.3014498396733,0.0,0.0,20.0,27.0,0.0,100.0,1.0
2001-03-05 01:30:00,1123.383929605201,1123.383929605201,0.0,0.0,20.0,27.0,0.0,100.0,1.0
2001-03-05 02:30:00,1199.4603768916195,1199.4603768916195,0.0,0.0,20.0,27.0,0.0,100.0,1.0
2001-03-05 03:30:00,1265.6910408941321,1265.6910408941321,0.0,0.0,20.0,27.0,0.0,100.0,1.0
2001-03-05 04:30:00,1334.843069906352,1334.843069906352,0.0,0.0,20.0,27.0,0.0,100.0,1.0
2001-03-05 05:30:00,1396.9971873042123,1396.9971873042123,0.0,0.0,20.0,27.0,0.0,100.0,1.0
2001-03-05 06:30:00,1464.7151622325273,1464.7151622325273,0.0,0.0,20.0,27.0,0.0,100.0,1.0
2001-03-05 07:30:00,1428.9924594380027,1428.9924594380027,0.0,0.0,20.0,27.0,0.0,100.0,1.0
2001-03-05 08:30:00,833.0716053438136,833.0716053438136,0.0,0.0,20.0,27.0,0.0,100.0,1.0
2001-03-05 09:30:00,0.0,0.0,0.0,0.0,20.0,27.0,0.0,100.0,3.0
2001-03-05 10:30:00,0.0,0.0,0.0,0.0,20.0,27.0,0.0,100.0,3.0
2001-03-05 11:30:00,-674.4327512937662,-674.4327512937662,0.0,0.0,20.0,27.0,0.0,100.0,-1.0
2001-03-05 12:30:00,-1890.6883780046128,-1890.6883780046128,0.0,0.0,20.0,27.0,0.0,100.0,-1.0
2001-03-05 13:30:00,-2565.8388975055323,-2565.8388975055323,0.0,0.0,20.0,27.0,0.0,100.0,-1.0
2001-03-05 14:30:00,-2760.3971455114506,-2760.3971455114506,0.0,0.0,20.0,27.0,0.0,100.0,-1.0
2001-03-05 15:30:00,-2686.3390642084223,-2686.3390642084223,0.0,0.0,20.0,27.0,0.0,100.0,-1.0
2001-03-05 16:30:00,-2090.3206987080166,-2090.3206987080166,0.0,0.0,20.0,27.0,0.0,100.0,-1.0
2001-03-05 17:30:00,-1125.9231096098765,-1125.9231096098765,0.0,0.0,20.0,27.0,0.0,100.0,-1.0
2001-03-05 18:30:00,-126.48362380039998,-126.48362380039998,0.0,0.0,20.0,27.0,0.0,100.0,-1.0
2001-03-05 19:30:00,0.0,0.0,0.0,0.0,20.0,27.0,0.0,100.0,3.0
2001-03-05 20:30:00,0.0,0.0,0.0,0.0,20.0,27.0,0.0,100.0,3.0
2001-03-05 21:30:00,0.0,0.0,0.0,0.0,20.0,27.0,0.0,100.0,3.0
2001-03-05 22:30:00,125.32415126005435,125.32415126005435,0.0,0.0,20.0,27.0,0.0,100.0,1.0
2001-03-05 23:30:00,531.6499493150641,531.6499493150641,0.0,0.0,20.0,27.0,0.0,100.0,1.0
2001-03-06 00:30:00,756.366708655104,756.366708655104,0.0,0.0,20.0,27.0,0.0,100.0,1.0
2001-03-06 01:30:00,909.5076072472284,909.5076072472284,0.0,0.0,20.0,27.0,0.0,100.0,1.0
2001-03-06 02:30:00,1026.234447408432,1026.234447408432,0.0,0.0,20.0,27.0,0.0,100.0,1.0
2001-03-06 03:30:00,1112.6048514812492,1112.6048514812492,0.0,0.0,20.0,27.0,0.0,100.0,1.0
2001-03-06 04:30:00,1185.7315769370953,1185.7315769370953,0.0,0.0,20.0,27.0,0.0,100.0,1.0
2001-03-06 05:30:00,1250.4765203008592,1250.4765203008592,0.0,0.0,20.0,27.0,0.0,100.0,1.0
2001-03-06 06:30:00,1310.7250775203502,1310.7250775203502,0.0,0.0,20.0,27.0,0.0,100.0,1.0
2001-03-06 07:30:00,1275.1767450985117,1275.1767450985117,0.0,0.0,20.0,27.0,0.0,100.0,1.0
2001-03-06 08:30:00,797.9335038461668,797.9335038461668,0.0,0.0,20.0,27.0,0.0,100.0,1.0
2001-03-06 09:30:00,0.0,0.0,0.0,0.0,20.0,27.0,0.0,100.0,3.0
2001-03-06 10:30:00,0.0,0.0,0.0,0.0,20.0,27.0,0.0,100.0,3.0
2001-03-06 11:30:00,-904.7154618619634,-904.7154618619634,0.0,0.0,20.0,27.0,0.0,100.0,-1.0
2001-03-06 12:30:00,-2135.816395645282,-2135.816395645282,0.0,0.0,20.0,27.0,0.0,100.0,-1.0
2001-03-06 13:30:00,-2885.4548427130567,-2885.4548427130567,0.0,0.0,20.0,27.0,0.0,100.0,-1.0
2001-03-06 14:30:00,-3063.0891831489234,-3063.0891831489234,0.0,0.0,20.0,27.0,0.0,100.0,-1.0
2001-03-06 15:30:00,-2919.8844715104924,-2919.8844715104924,0.0,0.0,20.0,27.0,0.0,100.0,-1.0
2001-03-06 16:30:00,-2489.8027957383338,-2489.8027957383338,0.0,0.0,20.0,27.0,0.0,100.0,-1.0
2001-03-06 17:30:00,-1577.5951113073834,-1577.5951113073834,0.0,0.0,20.0,27.0,0.0,100.0,-1.0
2001-03-06 18:30:00,-468.50053130066135,-468.50053130066135,0.0,0.0,20.0,27.0,0.0,100.0,-1.0
2001-03-06 19:30:00,0.0,0.0,0.0,0.0,20.0,27.0,0.0,100.0,3.0
2001-03-06 20:30:00,0.0,0.0,0.0,0.0,20.0,27.0,0.0,100.0,3.0
2001-03-06 21:30:00,0.0,0.0,0.0,0.0,20.0,27.0,0.0,100.0,3.0
2001-03-06 22:30:00,0.0,0.0,0.0,0.0,20.0,27.0,0.0,100.0,3.0
2001-03-06 23:30:00,188.10906107867686,188.10906107867686,0.0,0.0,20.0,27.0,0.0,100.0,1.0
2001-03-07 00:30:00,530.3962122870416,530.3962122870416,0.0,0.0,20.0,27.0,0.0,100.0,1.0
2001-03-07 01:30:00,736.6151901688627,736.6151901688627,0.0,0.0,20.0,27.0,0.0,100.0,1.0
2001-03-07 02:30:00,886.7097614244149,886.7097614244149,0.0,0.0,20.0,27.0,0.0,100.0,1.0
2001-03-07 03:30:00,999.8216374562071,999.8216374562071,0.0,0.0,20.0,27.0,0.0,100.0,1.0
2001-03-07 04:30:00,1095.6520503421598,1095.6520503421598,0.0,0.0,20.0,27.0,0.0,100.0,1.0
2001-03-07 05:30:00,1181.1537543583418,1181.1537543583418,0.0,0.0,20.0,27.0,0.0,100.0,1.0
2001-03-07 06:30:00,1256.2584754381778,1256.2584754381778,0.0,0.0,20.0,27.0,0.0,100.0,1.0
2001-03-07 07:30:00,1221.284530545856,1221.284530545856,0.0,0.0,20.0,27.0,0.0,100.0,1.0
2001-03-07 08:30:00,760.2093771345935,760.2093771345935,0.0,0.0,20.0,27.0,0.0,100.0,1.0
2001-03-07 09:30:00,0.0,0.0,0.0,0.0,20.0,27.0,0.0,100.0,3.0
2001-03-07 10:30:00,0.0,0.0,0.0,0.0,20.0,27.0,0.0,100.0,3.0
2001-03-07 11:30:00,0.0,0.0,0.0,0.0,20.0,27.0,0.0,100.0,3.0
2001-03-07 12:30:00,-574.8851723133494,-574.8851723133494,0.0,0.0,20.0,27.0,0.0,100.0,-1.0
2001-03-07 13:30:00,-1377.774116690981,-1377.774116690981,0.0,0.0,20.0,27.0,0.0,100.0,-1.0
2001-03-07 14:30:00,-1740.3470904582837,-1740.3470904582837,0.0,0.0,20.0,27.0,0.0,100.0,-1.0
2001-03-07 15:30:00,-1981.5053583095096,-1981.5053583095096,0.0,0.0,20.0,27.0,0.0,100.0,-1.0
2001-03-07 16:30:00,-1349.6835225540335,-1349.6835225540335,0.0,0.0,20.0,27.0,0.0,100.0,-1.0
2001-03-07 17:30:00,-875.6043716541308,-875.6043716541308,0.0,0.0,20.0,27.0,0.0,100.0,-1.0
2001-03-07 18:30:00,-71.36982767079644,-71.36982767079644,0.0,0.0,20.0,27.0,0.0,100.0,-1.0
2001-03-07 19:30:00,0.0,0.0,0.0,0.0,20.0,27.0,0.0,100.0,3.0
2001-03-07 20:30:00,0.0,0.0,0.0,0.0,20.0,27.0,0.0,100.0,3.0
2001-03-07 21:30:00,0.0,0.0,0.0,0.0,20.0,27.0,0.0,100.0,3.0
2001-03-07 22:30:00,90.42989898239375,90.42989898239375,0.0,0.0,20.0,27.0,0.0,100.0,1.0
2001-03-07 23:30:00,522.4085621607337,522.4085621607337,0.0,0.0,20.0,27.0,0.0,100.0,1.0
2001-03-08 00:30:00,777.5093086343695,777.5093086343695,0.0,0.0,20.0,27.0,0.0,100.0,1.0
2001-03-08 01:30:00,958.8707809773678,958.8707809773678,0.0,0.0,20.0,27.0,0.0,100.0,1.0
2001-03-08 02:30:00,1103.0676903948379,1103.0676903948379,0.0,0.0,20.0,27.0,0.0,100.0,1.0
2001-03-08 03:30:00,1229.7550000637866,1229.7550000637866,0.0,0.0,20.0,27.0,0.0,100.0,1.0
2001-03-08 04:30:00,1340.3226397865692,1340.3226397865692,0.0,0.0,20.0,27.0,0.0,100.0,1.0
2001-03-08 05:30:00,1444.7055655083159,1444.7055655083159,0.0,0.0,20.0,27.0,0.0,100.0,1.0
2001-03-08 06:30:00,1543.1232429275124,1543.1232429275124,0.0,0.0,20.0,27.0,0.0,100.0,1.0
2001-03-08 07:30:00,1514.9692592136107,1514.9692592136107,0.0,0.0,20.0,27.0,0.0,100.0,1.0
2001-03-08 08:30:00,830.3039621557709,830.3039621557709,0.0,0.0,20.0,27.0,0.0,100.0,1.0
2001-03-08 09:30:00,40.22999957871707,40.22999957871707,0.0,0.0,20.0,27.0,0.0,100.0,1.0
2001-03-08 10:30:00,0.0,0.0,0.0,0.0,20.0,27.0,0.0,100.0,3.0
2001-03-08 11:30:00,0.0,0.0,0.0,0.0,20.0,27.0,0.0,100.0,3.0
2001-03-08 12:30:00,-1158.8458423330294,-1158.8458423330294,0.0,0.0,20.0,27.0,0.0,100.0,-1.0
2001-03-08 13:30:00,-1768.0105700182494,-1768.0105700182494,0.0,0.0,20.0,27.0,0.0,100.0,-1.0
2001-03-08 14:30:00,-1969.6711579636858,-1969.6711579636858,0.0,0.0,20.0,27.0,0.0,100.0,-1.0
2001-03-08 15:30:00,-1854.1788973767789,-1854.1788973767789,0.0,0.0,20.0,27.0,0.0,100.0,-1.0
2001-03-08 16:30:00,-1324.1263004816528,-1324.1263004816528,0.0,0.0,20.0,27.0,0.0,100.0,-1.0
2001-03-08 17:30:00,-375.259592080266,-375.259592080266,0.0,0.0,20.0,27.0,0.0,100.0,-1.0
2001-03-08 18:30:00,0.0,0.0,0.0,0.0,20.0,27.0,0.0,100.0,3.0
2001-03-08 19:30:00,0.0,0.0,0.0,0.0,20.0,27.0,0.0,100.0,3.0
2001-03-08 20:30:00,0.0,0.0,0.0,0.0,20.0,27.0,0.0,100.0,3.0
2001-03-08 21:30:00,347.5818918710629,347.5818918710629,0.0,0.0,20.0,27.0,0.0,100.0,1.0
2001-03-08 22:30:00,745.7145076983652,745.7145076983652,0.0,0.0,20.0,27.0,0.0,100.0,1.0
2001-03-08 23:30:00,982.1872087802649,982.1872087802649,0.0,0.0,20.0,27.0,0.0,100.0,1.0
2001-03-09 00:30:00,1142.1005083384234,1142.1005083384234,0.0,0.0,20.0,27.0,0.0,100.0,1.0
2001-03-09 01:30:00,1243.535919680654,1243.535919680654,0.0,0.0,20.0,27.0,0.0,100.0,1.0
2001-03-09 02:30:00,1306.2496864720852,1306.2496864720852,0.0,0.0,20.0,27.0,0.0,100.0,1.0
2001-03-09 03:30:00,1354.904823105071,1354.904823105071,0.0,0.0,20.0,27.0,0.0,100.0,1.0
2001-03-09 04:30:00,1389.9532708730667,1389.9532708730667,0.0,0.0,20.0,27.0,0.0,100.0,1.0
2001-03-09 05:30:00,1422.118058862864,1422.118058862864,0.0,0.0,20.0,27.0,0.0,100.0,1.0
2001-03-09 06:30:00,1451.7669825395697,1451.7669825395697,0.0,0.0,20.0,27.0,0.0,100.0,1.0
2001-03-09 07:30:00,1384.380702743707,1384.380702743707,0.0,0.0,20.0,27.0,0.0,100.0,1.0
2001-03-09 08:30:00,1112.403633278259,1112.403633278259,0.0,0.0,20.0,27.0,0.0,100.0,1.0
2001-03-09 09:30:00,559.8050389185028,559.8050389185028,0.0,0.0,20.0,27.0,0.0,100.0,1.0
2001-03-09 10:30:00,0.0,0.0,0.0,0.0,20.0,27.0,0.0,100.0,3.0
2001-03-09 11:30:00,0.0,0.0,0.0,0.0,20.0,27.0,0.0,100.0,3.0
2001-03-09 12:30:00,0.0,0.0,0.0,0.0,20.0,27.0,0.0,100.0,3.0
2001-03-09 13:30:00,-111.23170596994441,-111.23170596994441,0.0,0.0,20.0,27.0,0.0,100.0,-1.0
2001-03-09 14:30:00,-139.03325497326387,-139.03325497326387,0.0,0.0,20.0,27.0,0.0,100.0,-1.0
2001-03-09 15:30:00,0.0,0.0,0.0,0.0,20.0,27.0,0.0,100.0,3.0
2001-03-09 16:30:00,-274.923887793866,-274.923887793866,0.0,0.0,20.0,27.0,0.0,100.0,-1.0
2001-03-09 17:30:00,0.0,0.0,0.0,0.0,20.0,27.0,0.0,100.0,3.0
2001-03-09 18:30:00,0.0,0.0,0.0,0.0,20.0,27.0,0.0,100.0,3.0
2001-03-09 19:30:00,0.0,0.0,0.0,0.0,20.0,27.0,0.0,100.0,3.0
2001-03-09 20:30:00,0.0,0.0,0.0,0.0,20.0,27.0,0.0,100.0,3.0
2001-03-09 21:30:00,412.0684006257816,412.0684006257816,0.0,0.0,20.0,27.0,0.0,100.0,1.0
2001-03-09 22:30:00,702.7630700324335,702.7630700324335,0.0,0.0,20.0,27.0,0.0,100.0,1.0
2001-03-09 23:30:00,879.2658468394111,879.2658468394111,0.0,0.0,20.0,27.0,0.0,100.0,1.0
2001-03-10 00:30:00,1001.3734005557908,1001.3734005557908,0.0,0.0,20.0,27.0,0.0,100.0,1.0
2001-03-10 01:30:00,1086.7977000874162,1086.7977000874162,0.0,0.0,20.0,27.0,0.0,100.0,1.0
2001-03-10 02:30:00,1152.1463321276024,1152.1463321276024,0.0,0.0,20.0,27.0,0.0,100.0,1.0
2001-03-10 03:30:00,1201.2345868894517,1201.2345868894517,0.0,0.0,20.0,27.0,0.0,100.0,1.0
2001-03-10 04:30:00,1244.7455999156837,1244.7455999156837,0.0,0.0,20.0,27.0,0.0,100.0,1.0
2001-03-10 05:30:00,1284.675439472413,1284.675439472413,0.0,0.0,20.0,27.0,0.0,100.0,1.0
2001-03-10 06:30:00,1322.4747260670883,1322.4747260670883,0.0,0.0,20.0,27.0,0.0,100.0,1.0
2001-03-10 07:30:00,1317.8609489443534,1317.8609489443534,0.0,0.0,20.0,27.0,0.0,100.0,1.0
2001-03-10 08:30:00,1103.2327640817093,1103.2327640817093,0.0,0.0,20.0,27.0,0.0,100.0,1.0
2001-03-10 09:30:00,915.8977886888952,915.8977886888952,0.0,0.0,20.0,27.0,0.0,100.0,1.0
2001-03-10 10:30:00,677.3834557277405,677.3834557277405,0.0,0.0,20.0,27.0,0.0,100.0,1.0
2001-03-10 11:30:00,0.0,0.0,0.0,0.0,20.0,27.0,0.0,100.0,3.0
2001-03-10 12:30:00,0.0,0.0,0.0,0.0,20.0,27.0,0.0,100.0,3.0
2001-03-10 13:30:00,0.0,0.0,0.0,0.0,20.0,27.0,0.0,100.0,3.0
2001-03-10 14:30:00,-421.5019973084318,-421.5019973084318,0.0,0.0,20.0,27.0,0.0,100.0,-1.0
2001-03-10 15:30:00,-511.80871826371094,-511.80871826371094,0.0,0.0,20.0,27.0,0.0,100.0,-1.0
2001-03-10 16:30:00,-271.1035965859146,-271.1035965859146,0.0,0.0,20.0,27.0,0.0,100.0,-1.0
2001-03-10 17:30:00,0.0,0.0,0.0,0.0,20.0,27.0,0.0,100.0,3.0
2001-03-10 18:30:00,0.0,0.0,0.0,0.0,20.0,27.0,0.0,100.0,3.0
2001-03-10 19:30:00,0.0,0.0,0.0,0.0,20.0,27.0,0.0,100.0,3.0
2001-03-10 20:30:00,0.0,0.0,0.0,0.0,20.0,27.0,0.0,100.0,3.0
2001-03-10 21:30:00,248.3628210336028,248.3628210336028,0.0,0.0,20.0,27.0,0.0,100.0,1.0
2001-03-10 22:30:00,583.4725325395448,583.4725325395448,0.0,0.0,20.0,27.0,0.0,100.0,1.0
2001-03-10 23:30:00,783.3795760266803,783.3795760266803,0.0,0.0,20.0,27.0,0.0,100.0,1.0
2001-03-11 00:30:00,922.8851032398725,922.8851032398725,0.0,0.0,20.0,27.0,0.0,100.0,1.0
2001-03-11 01:30:00,1026.8606849177904,1026.8606849177904,0.0,0.0,20.0,27.0,0.0,100.0,1.0
2001-03-11 02:30:00,1117.547961905958,1117.547961905958,0.0,0.0,20.0,27.0,0.0,100.0,1.0
2001-03-11 03:30:00,1197.5077336894992,1197.5077336894992,0.0,0.0,20.0,27.0,0.0,100.0,1.0
2001-03-11 04:30:00,1273.5126905695406,1273.5126905695406,0.0,0.0,20.0,27.0,0.0,100.0,1.0
2001-03-11 05:30:00,1344.177066669782,1344.177066669782,0.0,0.0,20.0,27.0,0.0,100.0,1.0
2001-03-11 06:30:00,1416.176754906549,1416.176754906549,0.0,0.0,20.0,27.0,0.0,100.0,1.0
2001-03-11 07:30:00,1340.5424794238106,1340.5424794238106,0.0,0.0,20.0,27.0,0.0,100.0,1.0
2001-03-11 08:30:00,718.2473344529099,718.2473344529099,0.0,0.0,20.0,27.0,0.0,100.0,1.0
2001-03-11 09:30:00,0.0,0.0,0.0,0.0,20.0,27.0,0.0,100.0,3.0
2001-03-11 10:30:00,0.0,0.0,0.0,0.0,20.0,27.0,0.0,100.0,3.0
2001-03-11 11:30:00,-893.3167278097089,-893.3167278097089,0.0,0.0,20.0,27.0,0.0,100.0,-1.0
2001-03-11 12:30:00,-1910.0581314120527,-1910.0581314120527,0.0,0.0,20.0,27.0,0.0,100.0,-1.0
2001-03-11 13:30:00,-2579.5955561729743,-2579.5955561729743,0.0,0.0,20.0,27.0,0.0,100.0,-1.0
2001-03-11 14:30:00,-2866.9362874714925,-2866.9362874714925,0.0,0.0,20.0,27.0,0.0,100.0,-1.0
2001-03-11 15:30:00,-2822.4503362218993,-2822.4503362218993,0.0,0.0,20.0,27.0,0.0,100.0,-1.0
2001-03-11 16:30:00,-2375.1637308792333,-2375.1637308792333,0.0,0.0,20.0,27.0,0.0,100.0,-1.0
2001-03-11 17:30:00,-1489.4438541605787,-1489.4438541605787,0.0,0.0,20.0,27.0,0.0,100.0,-1.0
2001-03-11 18:30:00,-458.45913428641416,-458.45913428641416,0.0,0.0,20.0,27.0,0.0,100.0,-1.0
2001-03-11 19:30:00,0.0,0.0,0.0,0.0,20.0,27.0,0.0,100.0,3.0
2001-03-11 20:30:00,0.0,0.0,0.0,0.0,20.0,27.0,0.0,100.0,3.0
2001-03-11 21:30:00,0.0,0.0,0.0,0.0,20.0,27.0,0.0,100.0,3.0
2001-03-11 22:30:00,0.0,0.0,0.0,0.0,20.0,27.0,0.0,100.0,3.0
2001-03-11 23:30:00,267.6005687630295,267.6005687630295,0.0,0.0,20.0,27.0,0.0,100.0,1.0
2001-03-12 00:30:00,595.2879331545264,595.2879331545264,0.0,0.0,20.0,27.0,0.0,100.0,1.0
2001-03-12 01:30:00,792.7527640601056,792.7527640601056,0.0,0.0,20.0,27.0,0.0,100.0,1.0
2001-03-12 02:30:00,934.0022945453766,934.0022945453766,0.0,0.0,20.0,27.0,0.0,100.0,1.0
2001-03-12 03:30:00,1041.5852144255387,1041.5852144255387,0.0,0.0,20.0,27.0,0.0,100.0,1.0
2001-03-12 04:30:00,1135.5057522113584,1135.5057522113584,0.0,0.0,20.0,27.0,0.0,100.0,1.0
2001-03-12 05:30:00,1220.5003811419556,1220.5003811419556,0.0,0.0,20.0,27.0,0.0,100.0,1.0
2001-03-12 06:30:00,1294.7021652953663,1294.7021652953663,0.0,0.0,20.0,27.0,0.0,100.0,1.0
2001-03-12 07:30:00,1212.5298329478237,1212.5298329478237,0.0,0.0,20.0,27.0,0.0,100.0,1.0
2001-03-12 08:30:00,723.5433284316696,723.5433284316696,0.0,0.0,20.0,27.0,0.0,100.0,1.0
2001-03-12 09:30:00,0.0,0.0,0.0,0.0,20.0,27.0,0.0,100.0,3.0
2001-03-12 10:30:00,0.0,0.0,0.0,0.0,20.0,27.0,0.0,100.0,3.0
2001-03-12 11:30:00,-580.4105329855893,-580.4105329855893,0.0,0.0,20.0,27.0,0.0,100.0,-1.0
2001-03-12 12:30:00,-1338.8946161210615,-1338.8946161210615,0.0,0.0,20.0,27.0,0.0,100.0,-1.0
2001-03-12 13:30:00,-1474.0992081647155,-1474.0992081647155,0.0,0.0,20.0,27.0,0.0,100.0,-1.0
2001-03-12 14:30:00,-1414.8044239739274,-1414.8044239739274,0.0,0.0,20.0,27.0,0.0,100.0,-1.0
2001-03-12 15:30:00,-1019.3244036841834,-1019.3244036841834,0.0,0.0,20.0,27.0,0.0,100.0,-1.0
2001-03-12 16:30:00,-250.0089959988818,-250.0089959988818,0.0,0.0,20.0,27.0,0.0,100.0,-1.0
2001-03-12 17:30:00,0.0,0.0,0.0,0.0,20.0,27.0,0.0,100.0,3.0
2001-03-12 18:30:00,0.0,0.0,0.0,0.0,20.0,27.0,0.0,100.0,3.0
2001-03-12 19:30:00,0.0,0.0,0.0,0.0,20.0,27.0,0.0,100.0,3.0
2001-03-12 20:30:00,0.0,0.0,0.0,0.0,20.0,27.0,0.0,100.0,3.0
2001-03-12 21:30:00,174.0952076212825,174.0952076212825,0.0,0.0,20.0,27.0,0.0,100.0,1.0
2001-03-12 22:30:00,477.49107123421345,477.49107123421345,0.0,0.0,20.0,27.0,0.0,100.0,1.0
2001-03-12 23:30:00,643.4600736287221,643.4600736287221,0.0,0.0,20.0,27.0,0.0,100.0,1.0
2001-03-13 00:30:00,751.4026389082319,751.4026389082319,0.0,0.0,20.0,27.0,0.0,100.0,1.0
2001-03-13 01:30:00,816.4889492540788,816.4889492540788,0.0,0.0,20.0,27.0,0.0,100.0,1.0
2001-03-13 02:30:00,853.1882178564665,853.1882178564665,0.0,0.0,20.0,27.0,0.0,100.0,1.0
2001-03-13 03:30:00,879.4121301230944,879.4121301230944,0.0,0.0,20.0,27.0,0.0,100.0,1.0
2001-03-13 04:30:00,893.2100397778722,893.2100397778722,0.0,0.0,20.0,27.0,0.0,100.0,1.0
2001-03-13 05:30:00,905.5604703884446,905.5604703884446,0.0,0.0,20.0,27.0,0.0,100.0,1.0
2001-03-13 06:30:00,910.7084336989628,910.7084336989628,0.0,0.0,20.0,27.0,0.0,100.0,1.0
2001-03-13 07:30:00,830.0020380076076,830.0020380076076,0.0,0.0,20.0,27.0,0.0,100.0,1.0
2001-03-13 08:30:00,801.6076647432274,801.6076647432274,0.0,0.0,20.0,27.0,0.0,100.0,1.0
2001-03-13 09:30:00,786.9247757169778,786.9247757169778,0.0,0.0,20.0,27.0,0.0,100.0,1.0
2001-03-13 10:30:00,788.5656172747822,788.5656172747822,0.0,0.0,20.0,27.0,0.0,100.0,1.0
2001-03-13 11:30:00,430.7044466069183,430.7044466069183,0.0,0.0,20.0,27.0,0.0,100.0,1.0
2001-03-13 12:30:00,0.0,0.0,0.0,0.0,20.0,27.0,0.0,100.0,3.0
2001-03-13 13:30:00,0.0,0.0,0.0,0.0,20.0,27.0,0.0,100.0,3.0
2001-03-13 14:30:00,0.0,0.0,0.0,0.0,20.0,27.0,0.0,100.0,3.0
2001-03-13 15:30:00,-51.4703585367306,-51.4703585367306,0.0,0.0,20.0,27.0,0.0,100.0,-1.0
2001-03-13 16:30:00,0.0,0.0,0.0,0.0,20.0,27.0,0.0,100.0,3.0
2001-03-13 17:30:00,0.0,0.0,0.0,0.0,20.0,27.0,0.0,100.0,3.0
2001-03-13 18:30:00,0.0,0.0,0.0,0.0,20.0,27.0,0.0,100.0,3.0
2001-03-13 19:30:00,0.0,0.0,0.0,0.0,20.0,27.0,0.0,100.0,3.0
2001-03-13 20:30:00,0.0,0.0,0.0,0.0,20.0,27.0,0.0,100.0,3.0
2001-03-13 21:30:00,174.67320188764552,174.67320188764552,0.0,0.0,20.0,27.0,0.0,100.0,1.0
2001-03-13 22:30:00,419.48927807149084,419.48927807149084,0.0,0.0,20.0,27.0,0.0,100.0,1.0
2001-03-13 23:30:00,565.9693710238962,565.9693710238962,0.0,0.0,20.0,27.0,0.0,100.0,1.0
2001-03-14 00:30:00,673.1270226224224,673.1270226224224,0.0,0.0,20.0,27.0,0.0,100.0,1.0
2001-03-14 01:30:00,769.2770907602107,769.2770907602107,0.0,0.0,20.0,27.0,0.0,100.0,1.0
2001-03-14 02:30:00,863.9210054980176,863.9210054980176,0.0,0.0,20.0,27.0,0.0,100.0,1.0
2001-03-14 03:30:00,948.1957777378575,948.1957777378575,0.0,0.0,20.0,27.0,0.0,100.0,1.0
2001-03-14 04:30:00,1032.6317885907401,1032.6317885907401,0.0,0.0,20.0,27.0,0.0,100.0,1.0
2001-03-14 05:30:00,1113.3532684256597,1113.3532684256597,0.0,0.0,20.0,27.0,0.0,100.0,1.0
2001-03-14 06:30:00,1195.1911672575534,1195.1911672575534,0.0,0.0,20.0,27.0,0.0,100.0,1.0
2001-03-14 07:30:00,1123.032129906066,1123.032129906066,0.0,0.0,20.0,27.0,0.0,100.0,1.0
2001-03-14 08:30:00,517.393370597385,517.393370597385,0.0,0.0,20.0,27.0,0.0,100.0,1.0
2001-03-14 09:30:00,0.0,0.0,0.0,0.0,20.0,27.0,0.0,100.0,3.0
2001-03-14 10:30:00,0.0,0.0,0.0,0.0,20.0,27.0,0.0,100.0,3.0
2001-03-14 11:30:00,-564.2288935391161,-564.2288935391161,0.0,0.0,20.0,27.0,0.0,100.0,-1.0
2001-03-14 12:30:00,-1623.7262758286352,-1623.7262758286352,0.0,0.0,20.0,27.0,0.0,100.0,-1.0
2001-03-14 13:30:00,-2328.1063796032277,-2328.1063796032277,0.0,0.0,20.0,27.0,0.0,100.0,-1.0
2001-03-14 14:30:00,-2574.1136299322125,-2574.1136299322125,0.0,0.0,20.0,27.0,0.0,100.0,-1.0
2001-03-14 15:30:00,-2438.710031010439,-2438.710031010439,0.0,0.0,20.0,27.0,0.0,100.0,-1.0
2001-03-14 16:30:00,-2019.5125038546512,-2019.5125038546512,0.0,0.0,20.0,27.0,0.0,100.0,-1.0
2001-03-14 17:30:00,-1368.2841517513089,-1368.2841517513089,0.0,0.0,20.0,27.0,0.0,100.0,-1.0
2001-03-14 18:30:00,-469.3908419494446,-469.3908419494446,0.0,0.0,20.0,27.0,0.0,100.0,-1.0
2001-03-14 19:30:00,0.0,0.0,0.0,0.0,20.0,27.0,0.0,100.0,3.0
2001-03-14 20:30:00,0.0,0.0,0.0,0.0,20.0,27.0,0.0,100.0,3.0
2001-03-14 21:30:00,0.0,0.0,0.0,0.0,20.0,27.0,0.0,100.0,3.0
2001-03-14 22:30:00,0.0,0.0,0.0,0.0,20.0,27.0,0.0,100.0,3.0
2001-03-14 23:30:00,61.87079137100318,61.87079137100318,0.0,0.0,20.0,27.0,0.0,100.0,1.0
2001-03-15 00:30:00,444.84717594248195,444.84717594248195,0.0,0.0,20.0,27.0,0.0,100.0,1.0
2001-03-15 01:30:00,662.8627186615886,662.8627186615886,0.0,0.0,20.0,27.0,0.0,100.0,1.0
2001-03-15 02:30:00,814.5811694859312,814.5811694859312,0.0,0.0,20.0,27.0,0.0,100.0,1.0
2001-03-15 03:30:00,934.187738413033,934.187738413033,0.0,0.0,20.0,27.0,0.0,100.0,1.0
2001-03-15 04:30:00,1034.1922059519338,1034.1922059519338,0.0,0.0,20.0,27.0,0.0,100.0,1.0
2001-03-15 05:30:00,1122.582949735046,1122.582949735046,0.0,0.0,20.0,27.0,0.0,100.0,1.0
2001-03-15 06:30:00,1204.143461902042,1204.143461902042,0.0,0.0,20.0,27.0,0.0,100.0,1.0
2001-03-15 07:30:00,1114.9848583971543,1114.9848583971543,0.0,0.0,20.0,27.0,0.0,100.0,1.0
2001-03-15 08:30:00,445.52050803207567,445.52050803207567,0.0,0.0,20.0,27.0,0.0,100.0,1.0
2001-03-15 09:30:00,0.0,0.0,0.0,0.0,20.0,27.0,0.0,100.0,3.0
2001-03-15 10:30:00,0.0,0.0,0.0,0.0,20.0,27.0,0.0,100.0,3.0
2001-03-15 11:30:00,-1239.0130210884809,-1239.0130210884809,0.0,0.0,20.0,27.0,0.0,100.0,-1.0
2001-03-15 12:30:00,-2288.564621940476,-2288.564621940476,0.0,0.0,20.0,27.0,0.0,100.0,-1.0
2001-03-15 13:30:00,-2887.3828164243196,-2887.3828164243196,0.0,0.0,20.0,27.0,0.0,100.0,-1.0
2001-03-15 14:30:00,-3090.267824717762,-3090.267824717762,0.0,0.0,20.0,27.0,0.0,100.0,-1.0
2001-03-15 15:30:00,-2966.257377271085,-2966.257377271085,0.0,0.0,20.0,27.0,0.0,100.0,-1.0
2001-03-15 16:30:00,-2508.716075269068,-2508.716075269068,0.0,0.0,20.0,27.0,0.0,100.0,-1.0
2001-03-15 17:30:00,-1703.256067838177,-1703.256067838177,0.0,0.0,20.0,27.0,0.0,100.0,-1.0
2001-03-15 18:30:00,-631.0726946251407,-631.0726946251407,0.0,0.0,20.0,27.0,0.0,100.0,-1.0
2001-03-15 19:30:00,0.0,0.0,0.0,0.0,20.0,27.0,0.0,100.0,3.0
2001-03-15 20:30:00,0.0,0.0,0.0,0.0,20.0,27.0,0.0,100.0,3.0
2001-03-15 21:30:00,0.0,0.0,0.0,0.0,20.0,27.0,0.0,100.0,3.0
2001-03-15 22:30:00,0.0,0.0,0.0,0.0,20.0,27.0,0.0,100.0,3.0
2001-03-15 23:30:00,0.0,0.0,0.0,0.0,20.0,27.0,0.0,100.0,3.0
2001-03-16 00:30:00,0.0,0.0,0.0,0.0,20.0,27.0,0.0,100.0,3.0
2001-03-16 01:30:00,143.78707941143148,143.78707941143148,0.0,0.0,20.0,27.0,0.0,100.0,1.0
2001-03-16 02:30:00,329.54289578003227,329.54289578003227,0.0,0.0,20.0,27.0,0.0,100.0,1.0
2001-03-16 03:30:00,432.93397310010187,432.93397310010187,0.0,0.0,20.0,27.0,0.0,100.0,1.0
2001-03-16 04:30:00,501.97356978640346,501.97356978640346,0.0,0.0,20.0,27.0,0.0,100.0,1.0
2001-03-16 05:30:00,548.2355713766037,548.2355713766037,0.0,0.0,20.0,27.0,0.0,100.0,1.0
2001-03-16 06:30:00,576.9528925797622,576.9528925797622,0.0,0.0,20.0,27.0,0.0,100.0,1.0
2001-03-16 07:30:00,467.14966188065046,467.14966188065046,0.0,0.0,20.0,27.0,0.0,100.0,1.0
2001-03-16 08:30:00,103.04314116396836,103.04314116396836,0.0,0.0,20.0,27.0,0.0,100.0,1.0
2001-03-16 09:30:00,0.0,0.0,0.0,0.0,20.0,27.0,0.0,100.0,3.0
2001-03-16 10:30:00,0.0,0.0,0.0,0.0,20.0,27.0,0.0,100.0,3.0
2001-03-16 11:30:00,0.0,0.0,0.0,0.0,20.0,27.0,0.0,100.0,3.0
2001-03-16 12:30:00,0.0,0.0,0.0,0.0,20.0,27.0,0.0,100.0,3.0
2001-03-16 13:30:00,0.0,0.0,0.0,0.0,20.0,27.0,0.0,100.0,3.0
2001-03-16 14:30:00,-127.81942374188475,-127.81942374188475,0.0,0.0,20.0,27.0,0.0,100.0,-1.0
2001-03-16 15:30:00,-478.59880279001754,-478.59880279001754,0.0,0.0,20.0,27.0,0.0,100.0,-1.0
2001-03-16 16:30:00,-250.13999928235535,-250.13999928235535,0.0,0.0,20.0,27.0,0.0,100.0,-1.0
2001-03-16 17:30:00,-48.05394616555441,-48.05394616555441,0.0,0.0,20.0,27.0,0.0,100.0,-1.0
2001-03-16 18:30:00,0.0,0.0,0.0,0.0,20.0,27.0,0.0,100.0,3.0
2001-03-16 19:30:00,0.0,0.0,0.0,0.0,20.0,27.0,0.0,100.0,3.0
2001-03-16 20:30:00,0.0,0.0,0.0,0.0,20.0,27.0,0.0,100.0,3.0
2001-03-16 21:30:00,0.0,0.0,0.0,0.0,20.0,27.0,0.0,100.0,3.0
2001-03-16 22:30:00,0.0,0.0,0.0,0.0,20.0,27.0,0.0,100.0,3.0
2001-03-16 23:30:00,0.0,0.0,0.0,0.0,20.0,27.0,0.0,100.0,3.0
2001-03-17 00:30:00,0.0,0.0,0.0,0.0,20.0,27.0,0.0,100.0,3.0
2001-03-17 01:30:00,190.07210597771882,190.07210597771882,0.0,0.0,20.0,27.0,0.0,100.0,1.0
2001-03-17 02:30:00,330.1867770487961,330.1867770487961,0.0,0.0,20.0,27.0,0.0,100.0,1.0
2001-03-17 03:30:00,427.92423934065755,427.92423934065755,0.0,0.0,20.0,27.0,0.0,100.0,1.0
2001-03-17 04:30:00,498.6261188640674,498.6261188640674,0.0,0.0,20.0,27.0,0.0,100.0,1.0
2001-03-17 05:30:00,559.2323417020025,559.2323417020025,0.0,0.0,20.0,27.0,0.0,100.0,1.0
2001-03-17 06:30:00,612.9069624590174,612.9069624590174,0.0,0.0,20.0,27.0,0.0,100.0,1.0
2001-03-17 07:30:00,471.69238942933225,471.69238942933225,0.0,0.0,20.0,27.0,0.0,100.0,1.0
2001-03-17 08:30:00,0.0,0.0,0.0,0.0,20.0,27.0,0.0,100.0,3.0
2001-03-17 09:30:00,0.0,0.0,0.0,0.0,20.0,27.0,0.0,100.0,3.0
2001-03-17 10:30:00,0.0,0.0,0.0,0.0,20.0,27.0,0.0,100.0,3.0
2001-03-17 11:30:00,-774.8751296732617,-774.8751296732617,0.0,0.0,20.0,27.0,0.0,100.0,-1.0
2001-03-17 12:30:00,-1863.5775190048398,-1863.5775190048398,0.0,0.0,20.0,27.0,0.0,100.0,-1.0
2001-03-17 13:30:00,-2294.0893456224976,-2294.0893456224976,0.0,0.0,20.0,27.0,0.0,100.0,-1.0
2001-03-17 14:30:00,-2557.819641346202,-2557.819641346202,0.0,0.0,20.0,27.0,0.0,100.0,-1.0
2001-03-17 15:30:00,-2520.1483369416082,-2520.1483369416082,0.0,0.0,20.0,27.0,0.0,100.0,-1.0
2001-03-17 16:30:00,-2235.7180360184275,-2235.7180360184275,0.0,0.0,20.0,27.0,0.0,100.0,-1.0
2001-03-17 17:30:00,-1584.5985954734979,-1584.5985954734979,0.0,0.0,20.0,27.0,0.0,100.0,-1.0
2001-03-17 18:30:00,-785.8772943250979,-785.8772943250979,0.0,0.0,20.0,27.0,0.0,100.0,-1.0
2001-03-17 19:30:00,-203.64853064484942,-203.64853064484942,0.0,0.0,20.0,27.0,0.0,100.0,-1.0
2001-03-17 20:30:00,0.0,0.0,0.0,0.0,20.0,27.0,0.0,100.0,3.0
2001-03-17 21:30:00,0.0,0.0,0.0,0.0,20.0,27.0,0.0,100.0,3.0
2001-03-17 22:30:00,0.0,0.0,0.0,0.0,20.0,27.0,0.0,100.0,3.0
2001-03-17 23:30:00,0.0,0.0,0.0,0.0,20.0,27.0,0.0,100.0,3.0
2001-03-18 00:30:00,0.0,0.0,0.0,0.0,20.0,27.0,0.0,100.0,3.0
2001-03-18 01:30:00,0.0,0.0,0.0,0.0,20.0,27.0,0.0,100.0,3.0
2001-03-18 02:30:00,0.0,0.0,0.0,0.0,20.0,27.0,0.0,100.0,3.0
2001-03-18 03:30:00,245.37065298876223,245.37065298876223,0.0,0.0,20.0,27.0,0.0,100.0,1.0
2001-03-18 04:30:00,431.3224898712224,431.3224898712224,0.0,0.0,20.0,27.0,0.0,100.0,1.0
2001-03-18 05:30:00,569.7813527397029,569.7813527397029,0.0,0.0,20.0,27.0,0.0,100.0,1.0
2001-03-18 06:30:00,684.7842791514877,684.7842791514877,0.0,0.0,20.0,27.0,0.0,100.0,1.0
2001-03-18 07:30:00,637.9336477084971,637.9336477084971,0.0,0.0,20.0,27.0,0.0,100.0,1.0
2001-03-18 08:30:00,163.62046015748092,163.62046015748092,0.0,0.0,20.0,27.0,0.0,100.0,1.0
2001-03-18 09:30:00,0.0,0.0,0.0,0.0,20.0,27.0,0.0,100.0,3.0
2001-03-18 10:30:00,0.0,0.0,0.0,0.0,20.0,27.0,0.0,100.0,3.0
2001-03-18 11:30:00,-1218.7148295484103,-1218.7148295484103,0.0,0.0,20.0,27.0,0.0,100.0,-1.0
2001-03-18 12:30:00,-2102.1165490184712,-2102.1165490184712,0.0,0.0,20.0,27.0,0.0,100.0,-1.0
2001-03-18 13:30:00,-2635.8709255466847,-2635.8709255466847,0.0,0.0,20.0,27.0,0.0,100.0,-1.0
2001-03-18 14:30:00,-2882.602156277607,-2882.602156277607,0.0,0.0,20.0,27.0,0.0,100.0,-1.0
2001-03-18 15:30:00,-2824.836050573934,-2824.836050573934,0.0,0.0,20.0,27.0,0.0,100.0,-1.0
2001-03-18 16:30:00,-2431.9560317626847,-2431.9560317626847,0.0,0.0,20.0,27.0,0.0,100.0,-1.0
2001-03-18 17:30:00,-1661.0944046337,-1661.0944046337,0.0,0.0,20.0,27.0,0.0,100.0,-1.0
2001-03-18 18:30:00,-772.3165857468275,-772.3165857468275,0.0,0.0,20.0,27.0,0.0,100.0,-1.0
2001-03-18 19:30:00,-185.45145970215526,-185.45145970215526,0.0,0.0,20.0,27.0,0.0,100.0,-1.0
2001-03-18 20:30:00,0.0,0.0,0.0,0.0,20.0,27.0,0.0,100.0,3.0
2001-03-18 21:30:00,0.0,0.0,0.0,0.0,20.0,27.0,0.0,100.0,3.0
2001-03-18 22:30:00,0.0,0.0,0.0,0.0,20.0,27.0,0.0,100.0,3.0
2001-03-18 23:30:00,0.0,0.0,0.0,0.0,20.0,27.0,0.0,100.0,3.0
2001-03-19 00:30:00,0.0,0.0,0.0,0.0,20.0,27.0,0.0,100.0,3.0
2001-03-19 01:30:00,0.0,0.0,0.0,0.0,20.0,27.0,0.0,100.0,3.0
2001-03-19 02:30:00,48.02162798475638,48.02162798475638,0.0,0.0,20.0,27.0,0.0,100.0,1.0
2001-03-19 03:30:00,321.99014749676735,321.99014749676735,0.0,0.0,20.0,27.0,0.0,100.0,1.0
2001-03-19 04:30:00,492.9285089285513,492.9285089285513,0.0,0.0,20.0,27.0,0.0,100.0,1.0
2001-03-19 05:30:00,626.103964597999,626.103964597999,0.0,0.0,20.0,27.0,0.0,100.0,1.0
2001-03-19 06:30:00,731.9345234810753,731.9345234810753,0.0,0.0,20.0,27.0,0.0,100.0,1.0
2001-03-19 07:30:00,648.5056784974267,648.5056784974267,0.0,0.0,20.0,27.0,0.0,100.0,1.0
2001-03-19 08:30:00,162.1473488509555,162.1473488509555,0.0,0.0,20.0,27.0,0.0,100.0,1.0
2001-03-19 09:30:00,0.0,0.0,0.0,0.0,20.0,27.0,0.0,100.0,3.0
2001-03-19 10:30:00,0.0,0.0,0.0,0.0,20.0,27.0,0.0,100.0,3.0
2001-03-19 11:30:00,-585.4329772225747,-585.4329772225747,0.0,0.0,20.0,27.0,0.0,100.0,-1.0
2001-03-19 12:30:00,-1596.9987752669995,-1596.9987752669995,0.0,0.0,20.0,27.0,0.0,100.0,-1.0
2001-03-19 13:30:00,-2182.886233879667,-2182.886233879667,0.0,0.0,20.0,27.0,0.0,100.0,-1.0
2001-03-19 14:30:00,-2505.505509614525,-2505.505509614525,0.0,0.0,20.0,27.0,0.0,100.0,-1.0
2001-03-19 15:30:00,-2357.740636906644,-2357.740636906644,0.0,0.0,20.0,27.0,0.0,100.0,-1.0
2001-03-19 16:30:00,-2036.6461800399893,-2036.6461800399893,0.0,0.0,20.0,27.0,0.0,100.0,-1.0
2001-03-19 17:30:00,-1495.7197197154155,-1495.7197197154155,0.0,0.0,20.0,27.0,0.0,100.0,-1.0
2001-03-19 18:30:00,-680.6222502535011,-680.6222502535011,0.0,0.0,20.0,27.0,0.0,100.0,-1.0
2001-03-19 19:30:00,-71.09269871289962,-71.09269871289962,0.0,0.0,20.0,27.0,0.0,100.0,-1.0
2001-03-19 20:30:00,0.0,0.0,0.0,0.0,20.0,27.0,0.0,100.0,3.0
2001-03-19 21:30:00,0.0,0.0,0.0,0.0,20.0,27.0,0.0,100.0,3.0
2001-03-19 22:30:00,0.0,0.0,0.0,0.0,20.0,27.0,0.0,100.0,3.0
2001-03-19 23:30:00,0.0,0.0,0.0,0.0,20.0,27.0,0.0,100.0,3.0
2001-03-20 00:30:00,0.0,0.0,0.0,0.0,20.0,27.0,0.0,100.0,3.0
2001-03-20 01:30:00,232.26362485541176,232.26362485541176,0.0,0.0,20.0,27.0,0.0,100.0,1.0
2001-03-20 02:30:00,518.3140612224743,518.3140612224743,0.0,0.0,20.0,27.0,0.0,100.0,1.0
2001-03-20 03:30:00,716.2178164335828,716.2178164335828,0.0,0.0,20.0,27.0,0.0,100.0,1.0
2001-03-20 04:30:00,881.5741529918614,881.5741529918614,0.0,0.0,20.0,27.0,0.0,100.0,1.0
2001-03-20 05:30:00,1016.893354783434,1016.893354783434,0.0,0.0,20.0,27.0,0.0,100.0,1.0
2001-03-20 06:30:00,1141.3499448389666,1141.3499448389666,0.0,0.0,20.0,27.0,0.0,100.0,1.0
2001-03-20 07:30:00,999.1302071904965,999.1302071904965,0.0,0.0,20.0,27.0,0.0,100.0,1.0
2001-03-20 08:30:00,509.9259459028617,509.9259459028617,0.0,0.0,20.0,27.0,0.0,100.0,1.0
2001-03-20 09:30:00,0.0,0.0,0.0,0.0,20.0,27.0,0.0,100.0,3.0
2001-03-20 10:30:00,0.0,0.0,0.0,0.0,20.0,27.0,0.0,100.0,3.0
2001-03-20 11:30:00,0.0,0.0,0.0,0.0,20.0,27.0,0.0,100.0,3.0
2001-03-20 12:30:00,-937.6170396581138,-937.6170396581138,0.0,0.0,20.0,27.0,0.0,100.0,-1.0
2001-03-20 13:30:00,-1469.3270267870457,-1469.3270267870457,0.0,0.0,20.0,27.0,0.0,100.0,-1.0
2001-03-20 14:30:00,-1654.116870687224,-1654.116870687224,0.0,0.0,20.0,27.0,0.0,100.0,-1.0
2001-03-20 15:30:00,-1584.669637689486,-1584.669637689486,0.0,0.0,20.0,27.0,0.0,100.0,-1.0
2001-03-20 16:30:00,-1327.484453430604,-1327.484453430604,0.0,0.0,20.0,27.0,0.0,100.0,-1.0
2001-03-20 17:30:00,-592.9646744974898,-592.9646744974898,0.0,0.0,20.0,27.0,0.0,100.0,-1.0
2001-03-20 18:30:00,0.0,0.0,0.0,0.0,20.0,27.0,0.0,100.0,3.0
2001-03-20 19:30:00,0.0,0.0,0.0,0.0,20.0,27.0,0.0,100.0,3.0
2001-03-20 20:30:00,0.0,0.0,0.0,0.0,20.0,27.0,0.0,100.0,3.0
2001-03-20 21:30:00,0.0,0.0,0.0,0.0,20.0,27.0,0.0,100.0,3.0
2001-03-20 22:30:00,0.0,0.0,0.0,0.0,20.0,27.0,0.0,100.0,3.0
2001-03-20 23:30:00,269.3347179675329,269.3347179675329,0.0,0.0,20.0,27.0,0.0,100.0,1.0
2001-03-21 00:30:00,525.5085711441852,525.5085711441852,0.0,0.0,20.0,27.0,0.0,100.0,1.0
2001-03-21 01:30:00,674.8076250515142,674.8076250515142,0.0,0.0,20.0,27.0,0.0,100.0,1.0
2001-03-21 02:30:00,776.598622195007,776.598622195007,0.0,0.0,20.0,27.0,0.0,100.0,1.0
2001-03-21 03:30:00,856.1511490436969,856.1511490436969,0.0,0.0,20.0,27.0,0.0,100.0,1.0
2001-03-21 04:30:00,916.4103303584543,916.4103303584543,0.0,0.0,20.0,27.0,0.0,100.0,1.0
2001-03-21 05:30:00,966.0042296038791,966.0042296038791,0.0,0.0,20.0,27.0,0.0,100.0,1.0
2001-03-21 06:30:00,1009.3993346002189,1009.3993346002189,0.0,0.0,20.0,27.0,0.0,100.0,1.0
2001-03-21 07:30:00,846.7847748419599,846.7847748419599,0.0,0.0,20.0,27.0,0.0,100.0,1.0
2001-03-21 08:30:00,588.427559625763,588.427559625763,0.0,0.0,20.0,27.0,0.0,100.0,1.0
2001-03-21 09:30:00,124.49833807449431,124.49833807449431,0.0,0.0,20.0,27.0,0.0,100.0,1.0
2001-03-21 10:30:00,0.0,0.0,0.0,0.0,20.0,27.0,0.0,100.0,3.0
2001-03-21 11:30:00,0.0,0.0,0.0,0.0,20.0,27.0,0.0,100.0,3.0
2001-03-21 12:30:00,-694.4390373021588,-694.4390373021588,0.0,0.0,20.0,27.0,0.0,100.0,-1.0
2001-03-21 13:30:00,-1082.4530568607506,-1082.4530568607506,0.0,0.0,20.0,27.0,0.0,100.0,-1.0
2001-03-21 14:30:00,-1181.6795716844563,-1181.6795716844563,0.0,0.0,20.0,27.0,0.0,100.0,-1.0
2001-03-21 15:30:00,-1377.8172053069693,-1377.8172053069693,0.0,0.0,20.0,27.0,0.0,100.0,-1.0
2001-03-21 16:30:00,-1073.498785289884,-1073.498785289884,0.0,0.0,20.0,27.0,0.0,100.0,-1.0
2001-03-21 17:30:00,-638.5764859459478,-638.5764859459478,0.0,0.0,20.0,27.0,0.0,100.0,-1.0
2001-03-21 18:30:00,-84.14174752522922,-84.14174752522922,0.0,0.0,20.0,27.0,0.0,100.0,-1.0
2001-03-21 19:30:00,0.0,0.0,0.0,0.0,20.0,27.0,0.0,100.0,3.0
2001-03-21 20:30:00,0.0,0.0,0.0,0.0,20.0,27.0,0.0,100.0,3.0
2001-03-21 21:30:00,0.0,0.0,0.0,0.0,20.0,27.0,0.0,100.0,3.0
2001-03-21 22:30:00,0.0,0.0,0.0,0.0,20.0,27.0,0.0,100.0,3.0
2001-03-21 23:30:00,0.0,0.0,0.0,0.0,20.0,27.0,0.0,100.0,3.0
2001-03-22 00:30:00,223.2982641429653,223.2982641429653,0.0,0.0,20.0,27.0,0.0,100.0,1.0
2001-03-22 01:30:00,430.829771759305,430.829771759305,0.0,0.0,20.0,27.0,0.0,100.0,1.0
2001-03-22 02:30:00,566.6544336330644,566.6544336330644,0.0,0.0,20.0,27.0,0.0,100.0,1.0
2001-03-22 03:30:00,663.2506192355831,663.2506192355831,0.0,0.0,20.0,27.0,0.0,100.0,1.0
2001-03-22 04:30:00,738.3851163596337,738.3851163596337,0.0,0.0,20.0,27.0,0.0,100.0,1.0
2001-03-22 05:30:00,800.4500568693529,800.4500568693529,0.0,0.0,20.0,27.0,0.0,100.0,1.0
2001-03-22 06:30:00,860.0257050393993,860.0257050393993,0.0,0.0,20.0,27.0,0.0,100.0,1.0
2001-03-22 07:30:00,741.0632772322933,741.0632772322933,0.0,0.0,20.0,27.0,0.0,100.0,1.0
2001-03-22 08:30:00,330.9819353623061,330.9819353623061,0.0,0.0,20.0,27.0,0.0,100.0,1.0
2001-03-22 09:30:00,0.0,0.0,0.0,0.0,20.0,27.0,0.0,100.0,3.0
2001-03-22 10:30:00,0.0,0.0,0.0,0.0,20.0,27.0,0.0,100.0,3.0
2001-03-22 11:30:00,-604.6668489747126,-604.6668489747126,0.0,0.0,20.0,27.0,0.0,100.0,-1.0
2001-03-22 12:30:00,-1670.5791350830104,-1670.5791350830104,0.0,0.0,20.0,27.0,0.0,100.0,-1.0
2001-03-22 13:30:00,-2210.5360548210147,-2210.5360548210147,0.0,0.0,20.0,27.0,0.0,100.0,-1.0
2001-03-22 14:30:00,-2290.1197275909044,-2290.1197275909044,0.0,0.0,20.0,27.0,0.0,100.0,-1.0
2001-03-22 15:30:00,-2305.305727154454,-2305.305727154454,0.0,0.0,20.0,27.0,0.0,100.0,-1.0
2001-03-22 16:30:00,-1962.7860563229797,-1962.7860563229797,0.0,0.0,20.0,27.0,0.0,100.0,-1.0
2001-03-22 17:30:00,-1336.7302548031466,-1336.7302548031466,0.0,0.0,20.0,27.0,0.0,100.0,-1.0
2001-03-22 18:30:00,-521.3272113407629,-521.3272113407629,0.0,0.0,20.0,27.0,0.0,100.0,-1.0
2001-03-22 19:30:00,0.0,0.0,0.0,0.0,20.0,27.0,0.0,100.0,3.0
2001-03-22 20:30:00,0.0,0.0,0.0,0.0,20.0,27.0,0.0,100.0,3.0
2001-03-22 21:30:00,0.0,0.0,0.0,0.0,20.0,27.0,0.0,100.0,3.0
2001-03-22 22:30:00,0.0,0.0,0.0,0.0,20.0,27.0,0.0,100.0,3.0
2001-03-22 23:30:00,0.0,0.0,0.0,0.0,20.0,27.0,0.0,100.0,3.0
2001-03-23 00:30:00,0.0,0.0,0.0,0.0,20.0,27.0,0.0,100.0,3.0
2001-03-23 01:30:00,0.0,0.0,0.0,0.0,20.0,27.0,0.0,100.0,3.0
2001-03-23 02:30:00,134.70432392217754,134.70432392217754,0.0,0.0,20.0,27.0,0.0,100.0,1.0
2001-03-23 03:30:00,338.46228588049144,338.46228588049144,0.0,0.0,20.0,27.0,0.0,100.0,1.0
2001-03-23 04:30:00,466.42576015795385,466.42576015795385,0.0,0.0,20.0,27.0,0.0,100.0,1.0
2001-03-23 05:30:00,568.0024242933741,568.0024242933741,0.0,0.0,20.0,27.0,0.0,100.0,1.0
2001-03-23 06:30:00,641.8667639784508,641.8667639784508,0.0,0.0,20.0,27.0,0.0,100.0,1.0
2001-03-23 07:30:00,664.1531034801337,664.1531034801337,0.0,0.0,20.0,27.0,0.0,100.0,1.0
2001-03-23 08:30:00,656.5557198341357,656.5557198341357,0.0,0.0,20.0,27.0,0.0,100.0,1.0
2001-03-23 09:30:00,325.9998369578916,325.9998369578916,0.0,0.0,20.0,27.0,0.0,100.0,1.0
2001-03-23 10:30:00,0.0,0.0,0.0,0.0,20.0,27.0,0.0,100.0,3.0
2001-03-23 11:30:00,0.0,0.0,0.0,0.0,20.0,27.0,0.0,100.0,3.0
2001-03-23 12:30:00,0.0,0.0,0.0,0.0,20.0,27.0,0.0,100.0,3.0
2001-03-23 13:30:00,0.0,0.0,0.0,0.0,20.0,27.0,0.0,100.0,3.0
2001-03-23 14:30:00,-239.1329440478039,-239.1329440478039,0.0,0.0,20.0,27.0,0.0,100.0,-1.0
2001-03-23 15:30:00,-575.0401851558772,-575.0401851558772,0.0,0.0,20.0,27.0,0.0,100.0,-1.0
2001-03-23 16:30:00,-875.4966172728773,-875.4966172728773,0.0,0.0,20.0,27.0,0.0,100.0,-1.0
2001-03-23 17:30:00,-534.803921030024,-534.803921030024,0.0,0.0,20.0,27.0,0.0,100.0,-1.0
2001-03-23 18:30:00,-35.854868408790026,-35.854868408790026,0.0,0.0,20.0,27.0,0.0,100.0,-1.0
2001-03-23 19:30:00,0.0,0.0,0.0,0.0,20.0,27.0,0.0,100.0,3.0
2001-03-23 20:30:00,0.0,0.0,0.0,0.0,20.0,27.0,0.0,100.0,3.0
2001-03-23 21:30:00,0.0,0.0,0.0,0.0,20.0,27.0,0.0,100.0,3.0
2001-03-23 22:30:00,0.0,0.0,0.0,0.0,20.0,27.0,0.0,100.0,3.0
2001-03-23 23:30:00,0.0,0.0,0.0,0.0,20.0,27.0,0.0,100.0,3.0
2001-03-24 00:30:00,0.0,0.0,0.0,0.0,20.0,27.0,0.0,100.0,3.0
2001-03-24 01:30:00,129.43530329527493,129.43530329527493,0.0,0.0,20.0,27.0,0.0,100.0,1.0
2001-03-24 02:30:00,325.3834019355563,325.3834019355563,0.0,0.0,20.0,27.0,0.0,100.0,1.0
2001-03-24 03:30:00,450.2918953722801,450.2918953722801,0.0,0.0,20.0,27.0,0.0,100.0,1.0
2001-03-24 04:30:00,539.5026345581691,539.5026345581691,0.0,0.0,20.0,27.0,0.0,100.0,1.0
2001-03-24 05:30:00,613.7390997249777,613.7390997249777,0.0,0.0,20.0,27.0,0.0,100.0,1.0
2001-03-24 06:30:00,679.6696566957662,679.6696566957662,0.0,0.0,20.0,27.0,0.0,100.0,1.0
2001-03-24 07:30:00,555.550927713406,555.550927713406,0.0,0.0,20.0,27.0,0.0,100.0,1.0
2001-03-24 08:30:00,515.351507943441,515.351507943441,0.0,0.0,20.0,27.0,0.0,100.0,1.0
2001-03-24 09:30:00,55.13887391908065,55.13887391908065,0.0,0.0,20.0,27.0,0.0,100.0,1.0
2001-03-24 10:30:00,0.0,0.0,0.0,0.0,20.0,27.0,0.0,100.0,3.0
2001-03-24 11:30:00,0.0,0.0,0.0,0.0,20.0,27.0,0.0,100.0,3.0
2001-03-24 12:30:00,-303.7700402579594,-303.7700402579594,0.0,0.0,20.0,27.0,0.0,100.0,-1.0
2001-03-24 13:30:00,-766.1801296947897,-766.1801296947897,0.0,0.0,20.0,27.0,0.0,100.0,-1.0
2001-03-24 14:30:00,-817.7864770588085,-817.7864770588085,0.0,0.0,20.0,27.0,0.0,100.0,-1.0
2001-03-24 15:30:00,-592.8984095146016,-592.8984095146016,0.0,0.0,20.0,27.0,0.0,100.0,-1.0
2001-03-24 16:30:00,-950.1629132213848,-950.1629132213848,0.0,0.0,20.0,27.0,0.0,100.0,-1.0
2001-03-24 17:30:00,-697.7716466885058,-697.7716466885058,0.0,0.0,20.0,27.0,0.0,100.0,-1.0
2001-03-24 18:30:00,-119.99689529244733,-119.99689529244733,0.0,0.0,20.0,27.0,0.0,100.0,-1.0
2001-03-24 19:30:00,0.0,0.0,0.0,0.0,20.0,27.0,0.0,100.0,3.0
2001-03-24 20:30:00,0.0,0.0,0.0,0.0,20.0,27.0,0.0,100.0,3.0
2001-03-24 21:30:00,0.0,0.0,0.0,0.0,20.0,27.0,0.0,100.0,3.0
2001-03-24 22:30:00,0.0,0.0,0.0,0.0,20.0,27.0,0.0,100.0,3.0
2001-03-24 23:30:00,0.0,0.0,0.0,0.0,20.0,27.0,0.0,100.0,3.0
2001-03-25 00:30:00,136.435519544435,136.435519544435,0.0,0.0,20.0,27.0,0.0,100.0,1.0
2001-03-25 01:30:00,434.9293240695806,434.9293240695806,0.0,0.0,20.0,27.0,0.0,100.0,1.0
2001-03-25 02:30:00,631.0864756815718,631.0864756815718,0.0,0.0,20.0,27.0,0.0,100.0,1.0
2001-03-25 03:30:00,786.2177439913221,786.2177439913221,0.0,0.0,20.0,27.0,0.0,100.0,1.0
2001-03-25 04:30:00,919.7528202348076,919.7528202348076,0.0,0.0,20.0,27.0,0.0,100.0,1.0
2001-03-25 05:30:00,1038.8299485018024,1038.8299485018024,0.0,0.0,20.0,27.0,0.0,100.0,1.0
2001-03-25 06:30:00,1144.492967276994,1144.492967276994,0.0,0.0,20.0,27.0,0.0,100.0,1.0
2001-03-25 07:30:00,914.5832486473046,914.5832486473046,0.0,0.0,20.0,27.0,0.0,100.0,1.0
2001-03-25 08:30:00,366.6135579538486,366.6135579538486,0.0,0.0,20.0,27.0,0.0,100.0,1.0
2001-03-25 09:30:00,0.0,0.0,0.0,0.0,20.0,27.0,0.0,100.0,3.0
2001-03-25 10:30:00,0.0,0.0,0.0,0.0,20.0,27.0,0.0,100.0,3.0
2001-03-25 11:30:00,-591.8077318591777,-591.8077318591777,0.0,0.0,20.0,27.0,0.0,100.0,-1.0
2001-03-25 12:30:00,-1683.9996008924018,-1683.9996008924018,0.0,0.0,20.0,27.0,0.0,100.0,-1.0
2001-03-25 13:30:00,-2271.3593605811975,-2271.3593605811975,0.0,0.0,20.0,27.0,0.0,100.0,-1.0
2001-03-25 14:30:00,-2523.8875819161685,-2523.8875819161685,0.0,0.0,20.0,27.0,0.0,100.0,-1.0
2001-03-25 15:30:00,-2443.946107868279,-2443.946107868279,0.0,0.0,20.0,27.0,0.0,100.0,-1.0
2001-03-25 16:30:00,-2024.954875746117,-2024.954875746117,0.0,0.0,20.0,27.0,0.0,100.0,-1.0
2001-03-25 17:30:00,-1291.9472940106598,-1291.9472940106598,0.0,0.0,20.0,27.0,0.0,100.0,-1.0
2001-03-25 18:30:00,-516.6655905572361,-516.6655905572361,0.0,0.0,20.0,27.0,0.0,100.0,-1.0
2001-03-25 19:30:00,0.0,0.0,0.0,0.0,20.0,27.0,0.0,100.0,3.0
2001-03-25 20:30:00,0.0,0.0,0.0,0.0,20.0,27.0,0.0,100.0,3.0
2001-03-25 21:30:00,0.0,0.0,0.0,0.0,20.0,27.0,0.0,100.0,3.0
2001-03-25 22:30:00,0.0,0.0,0.0,0.0,20.0,27.0,0.0,100.0,3.0
2001-03-25 23:30:00,0.0,0.0,0.0,0.0,20.0,27.0,0.0,100.0,3.0
2001-03-26 00:30:00,0.0,0.0,0.0,0.0,20.0,27.0,0.0,100.0,3.0
2001-03-26 01:30:00,316.6014910902286,316.6014910902286,0.0,0.0,20.0,27.0,0.0,100.0,1.0
2001-03-26 02:30:00,500.33281839077245,500.33281839077245,0.0,0.0,20.0,27.0,0.0,100.0,1.0
2001-03-26 03:30:00,627.368021007529,627.368021007529,0.0,0.0,20.0,27.0,0.0,100.0,1.0
2001-03-26 04:30:00,719.6322055017827,719.6322055017827,0.0,0.0,20.0,27.0,0.0,100.0,1.0
2001-03-26 05:30:00,796.2221152617749,796.2221152617749,0.0,0.0,20.0,27.0,0.0,100.0,1.0
2001-03-26 06:30:00,867.8164327308041,867.8164327308041,0.0,0.0,20.0,27.0,0.0,100.0,1.0
2001-03-26 07:30:00,879.1781643329832,879.1781643329832,0.0,0.0,20.0,27.0,0.0,100.0,1.0
2001-03-26 08:30:00,599.985980527048,599.985980527048,0.0,0.0,20.0,27.0,0.0,100.0,1.0
2001-03-26 09:30:00,351.0043626558818,351.0043626558818,0.0,0.0,20.0,27.0,0.0,100.0,1.0
2001-03-26 10:30:00,0.0,0.0,0.0,0.0,20.0,27.0,0.0,100.0,3.0
2001-03-26 11:30:00,0.0,0.0,0.0,0.0,20.0,27.0,0.0,100.0,3.0
2001-03-26 12:30:00,0.0,0.0,0.0,0.0,20.0,27.0,0.0,100.0,3.0
2001-03-26 13:30:00,0.0,0.0,0.0,0.0,20.0,27.0,0.0,100.0,3.0
2001-03-26 14:30:00,0.0,0.0,0.0,0.0,20.0,27.0,0.0,100.0,3.0
2001-03-26 15:30:00,-180.77682368194564,-180.77682368194564,0.0,0.0,20.0,27.0,0.0,100.0,-1.0
2001-03-26 16:30:00,-495.3772401855613,-495.3772401855613,0.0,0.0,20.0,27.0,0.0,100.0,-1.0
2001-03-26 17:30:00,-440.83040294626426,-440.83040294626426,0.0,0.0,20.0,27.0,0.0,100.0,-1.0
2001-03-26 18:30:00,0.0,0.0,0.0,0.0,20.0,27.0,0.0,100.0,3.0
2001-03-26 19:30:00,0.0,0.0,0.0,0.0,20.0,27.0,0.0,100.0,3.0
2001-03-26 20:30:00,0.0,0.0,0.0,0.0,20.0,27.0,0.0,100.0,3.0
2001-03-26 21:30:00,0.0,0.0,0.0,0.0,20.0,27.0,0.0,100.0,3.0
2001-03-26 22:30:00,0.0,0.0,0.0,0.0,20.0,27.0,0.0,100.0,3.0
2001-03-26 23:30:00,0.0,0.0,0.0,0.0,20.0,27.0,0.0,100.0,3.0
2001-03-27 00:30:00,162.3938216493898,162.3938216493898,0.0,0.0,20.0,27.0,0.0,100.0,1.0
2001-03-27 01:30:00,336.9641172419051,336.9641172419051,0.0,0.0,20.0,27.0,0.0,100.0,1.0
2001-03-27 02:30:00,426.6788702606509,426.6788702606509,0.0,0.0,20.0,27.0,0.0,100.0,1.0
2001-03-27 03:30:00,483.44251857796826,483.44251857796826,0.0,0.0,20.0,27.0,0.0,100.0,1.0
2001-03-27 04:30:00,518.5408183570244,518.5408183570244,0.0,0.0,20.0,27.0,0.0,100.0,1.0
2001-03-27 05:30:00,538.4533079496632,538.4533079496632,0.0,0.0,20.0,27.0,0.0,100.0,1.0
2001-03-27 06:30:00,551.5664028439041,551.5664028439041,0.0,0.0,20.0,27.0,0.0,100.0,1.0
2001-03-27 07:30:00,320.22392776619563,320.22392776619563,0.0,0.0,20.0,27.0,0.0,100.0,1.0
2001-03-27 08:30:00,0.0,0.0,0.0,0.0,20.0,27.0,0.0,100.0,3.0
2001-03-27 09:30:00,0.0,0.0,0.0,0.0,20.0,27.0,0.0,100.0,3.0
2001-03-27 10:30:00,0.0,0.0,0.0,0.0,20.0,27.0,0.0,100.0,3.0
2001-03-27 11:30:00,0.0,0.0,0.0,0.0,20.0,27.0,0.0,100.0,3.0
2001-03-27 12:30:00,-947.4606580412283,-947.4606580412283,0.0,0.0,20.0,27.0,0.0,100.0,-1.0
2001-03-27 13:30:00,-1242.460486371122,-1242.460486371122,0.0,0.0,20.0,27.0,0.0,100.0,-1.0
2001-03-27 14:30:00,-739.6155124290935,-739.6155124290935,0.0,0.0,20.0,27.0,0.0,100.0,-1.0
2001-03-27 15:30:00,-283.2297566220532,-283.2297566220532,0.0,0.0,20.0,27.0,0.0,100.0,-1.0
2001-03-27 16:30:00,-20.013988494270052,-20.013988494270052,0.0,0.0,20.0,27.0,0.0,100.0,-1.0
2001-03-27 17:30:00,0.0,0.0,0.0,0.0,20.0,27.0,0.0,100.0,3.0
2001-03-27 18:30:00,0.0,0.0,0.0,0.0,20.0,27.0,0.0,100.0,3.0
2001-03-27 19:30:00,0.0,0.0,0.0,0.0,20.0,27.0,0.0,100.0,3.0
2001-03-27 20:30:00,0.0,0.0,0.0,0.0,20.0,27.0,0.0,100.0,3.0
2001-03-27 21:30:00,0.0,0.0,0.0,0.0,20.0,27.0,0.0,100.0,3.0
2001-03-27 22:30:00,0.0,0.0,0.0,0.0,20.0,27.0,0.0,100.0,3.0
2001-03-27 23:30:00,0.0,0.0,0.0,0.0,20.0,27.0,0.0,100.0,3.0
2001-03-28 00:30:00,40.34992691141815,40.34992691141815,0.0,0.0,20.0,27.0,0.0,100.0,1.0
2001-03-28 01:30:00,265.6049960144028,265.6049960144028,0.0,0.0,20.0,27.0,0.0,100.0,1.0
2001-03-28 02:30:00,419.04486023810387,419.04486023810387,0.0,0.0,20.0,27.0,0.0,100.0,1.0
2001-03-28 03:30:00,540.756706844094,540.756706844094,0.0,0.0,20.0,27.0,0.0,100.0,1.0
2001-03-28 04:30:00,645.4941972437609,645.4941972437609,0.0,0.0,20.0,27.0,0.0,100.0,1.0
2001-03-28 05:30:00,745.9389665059325,745.9389665059325,0.0,0.0,20.0,27.0,0.0,100.0,1.0
2001-03-28 06:30:00,834.2750232500475,834.2750232500475,0.0,0.0,20.0,27.0,0.0,100.0,1.0
2001-03-28 07:30:00,721.8610396822605,721.8610396822605,0.0,0.0,20.0,27.0,0.0,100.0,1.0
2001-03-28 08:30:00,290.6959775551277,290.6959775551277,0.0,0.0,20.0,27.0,0.0,100.0,1.0
2001-03-28 09:30:00,0.0,0.0,0.0,0.0,20.0,27.0,0.0,100.0,3.0
2001-03-28 10:30:00,0.0,0.0,0.0,0.0,20.0,27.0,0.0,100.0,3.0
2001-03-28 11:30:00,-343.0815082373747,-343.0815082373747,0.0,0.0,20.0,27.0,0.0,100.0,-1.0
2001-03-28 12:30:00,-1420.7294568308143,-1420.7294568308143,0.0,0.0,20.0,27.0,0.0,100.0,-1.0
2001-03-28 13:30:00,-2001.0590364312256,-2001.0590364312256,0.0,0.0,20.0,27.0,0.0,100.0,-1.0
2001-03-28 14:30:00,-2265.5140410905997,-2265.5140410905997,0.0,0.0,20.0,27.0,0.0,100.0,-1.0
2001-03-28 15:30:00,-2214.9002629983124,-2214.9002629983124,0.0,0.0,20.0,27.0,0.0,100.0,-1.0
2001-03-28 16:30:00,-1882.4695371976713,-1882.4695371976713,0.0,0.0,20.0,27.0,0.0,100.0,-1.0
2001-03-28 17:30:00,-1381.0258778690632,-1381.0258778690632,0.0,0.0,20.0,27.0,0.0,100.0,-1.0
2001-03-28 18:30:00,-576.0499086140708,-576.0499086140708,0.0,0.0,20.0,27.0,0.0,100.0,-1.0
2001-03-28 19:30:00,-24.90723297016575,-24.90723297016575,0.0,0.0,20.0,27.0,0.0,100.0,-1.0
2001-03-28 20:30:00,0.0,0.0,0.0,0.0,20.0,27.0,0.0,100.0,3.0
2001-03-28 21:30:00,0.0,0.0,0.0,0.0,20.0,27.0,0.0,100.0,3.0
2001-03-28 22:30:00,0.0,0.0,0.0,0.0,20.0,27.0,0.0,100.0,3.0
2001-03-28 23:30:00,0.0,0.0,0.0,0.0,20.0,27.0,0.0,100.0,3.0
2001-03-29 00:30:00,0.0,0.0,0.0,0.0,20.0,27.0,0.0,100.0,3.0
2001-03-29 01:30:00,120.20723633513444,120.20723633513444,0.0,0.0,20.0,27.0,0.0,100.0,1.0
2001-03-29 02:30:00,420.29918552540585,420.29918552540585,0.0,0.0,20.0,27.0,0.0,100.0,1.0
2001-03-29 03:30:00,617.55853795441,617.55853795441,0.0,0.0,20.0,27.0,0.0,100.0,1.0
2001-03-29 04:30:00,772.3006942900347,772.3006942900347,0.0,0.0,20.0,27.0,0.0,100.0,1.0
2001-03-29 05:30:00,903.7048027101036,903.7048027101036,0.0,0.0,20.0,27.0,0.0,100.0,1.0
2001-03-29 06:30:00,1012.3612797221504,1012.3612797221504,0.0,0.0,20.0,27.0,0.0,100.0,1.0
2001-03-29 07:30:00,857.2736277863942,857.2736277863942,0.0,0.0,20.0,27.0,0.0,100.0,1.0
2001-03-29 08:30:00,546.3352461364902,546.3352461364902,0.0,0.0,20.0,27.0,0.0,100.0,1.0
2001-03-29 09:30:00,0.0,0.0,0.0,0.0,20.0,27.0,0.0,100.0,3.0
2001-03-29 10:30:00,0.0,0.0,0.0,0.0,20.0,27.0,0.0,100.0,3.0
2001-03-29 11:30:00,0.0,0.0,0.0,0.0,20.0,27.0,0.0,100.0,3.0
2001-03-29 12:30:00,-747.9000625569852,-747.9000625569852,0.0,0.0,20.0,27.0,0.0,100.0,-1.0
2001-03-29 13:30:00,-1487.0164197561053,-1487.0164197561053,0.0,0.0,20.0,27.0,0.0,100.0,-1.0
2001-03-29 14:30:00,-1816.4611187702894,-1816.4611187702894,0.0,0.0,20.0,27.0,0.0,100.0,-1.0
2001-03-29 15:30:00,-1834.0309917757304,-1834.0309917757304,0.0,0.0,20.0,27.0,0.0,100.0,-1.0
2001-03-29 16:30:00,-1581.0815786678786,-1581.0815786678786,0.0,0.0,20.0,27.0,0.0,100.0,-1.0
2001-03-29 17:30:00,-1025.666114543369,-1025.666114543369,0.0,0.0,20.0,27.0,0.0,100.0,-1.0
2001-03-29 18:30:00,-360.5029100022157,-360.5029100022157,0.0,0.0,20.0,27.0,0.0,100.0,-1.0
2001-03-29 19:30:00,0.0,0.0,0.0,0.0,20.0,27.0,0.0,100.0,3.0
2001-03-29 20:30:00,0.0,0.0,0.0,0.0,20.0,27.0,0.0,100.0,3.0
2001-03-29 21:30:00,0.0,0.0,0.0,0.0,20.0,27.0,0.0,100.0,3.0
2001-03-29 22:30:00,0.0,0.0,0.0,0.0,20.0,27.0,0.0,100.0,3.0
2001-03-29 23:30:00,0.0,0.0,0.0,0.0,20.0,27.0,0.0,100.0,3.0
2001-03-30 00:30:00,154.31510280724615,154.31510280724615,0.0,0.0,20.0,27.0,0.0,100.0,1.0
2001-03-30 01:30:00,429.85662436800703,429.85662436800703,0.0,0.0,20.0,27.0,0.0,100.0,1.0
2001-03-30 02:30:00,603.02934447194,603.02934447194,0.0,0.0,20.0,27.0,0.0,100.0,1.0
2001-03-30 03:30:00,728.640142205506,728.640142205506,0.0,0.0,20.0,27.0,0.0,100.0,1.0
2001-03-30 04:30:00,824.9530127599237,824.9530127599237,0.0,0.0,20.0,27.0,0.0,100.0,1.0
2001-03-30 05:30:00,907.6832075374268,907.6832075374268,0.0,0.0,20.0,27.0,0.0,100.0,1.0
2001-03-30 06:30:00,978.636115434103,978.636115434103,0.0,0.0,20.0,27.0,0.0,100.0,1.0
2001-03-30 07:30:00,732.4726652305508,732.4726652305508,0.0,0.0,20.0,27.0,0.0,100.0,1.0
2001-03-30 08:30:00,342.8899011758913,342.8899011758913,0.0,0.0,20.0,27.0,0.0,100.0,1.0
2001-03-30 09:30:00,0.0,0.0,0.0,0.0,20.0,27.0,0.0,100.0,3.0
2001-03-30 10:30:00,0.0,0.0,0.0,0.0,20.0,27.0,0.0,100.0,3.0
2001-03-30 11:30:00,0.0,0.0,0.0,0.0,20.0,27.0,0.0,100.0,3.0
2001-03-30 12:30:00,-928.6243893507226,-928.6243893507226,0.0,0.0,20.0,27.0,0.0,100.0,-1.0
2001-03-30 13:30:00,-1651.4377712495616,-1651.4377712495616,0.0,0.0,20.0,27.0,0.0,100.0,-1.0
2001-03-30 14:30:00,-1914.6413910027359,-1914.6413910027359,0.0,0.0,20.0,27.0,0.0,100.0,-1.0
2001-03-30 15:30:00,-1797.3605653832046,-1797.3605653832046,0.0,0.0,20.0,27.0,0.0,100.0,-1.0
2001-03-30 16:30:00,-1371.5879040213613,-1371.5879040213613,0.0,0.0,20.0,27.0,0.0,100.0,-1.0
2001-03-30 17:30:00,-892.4705609892144,-892.4705609892144,0.0,0.0,20.0,27.0,0.0,100.0,-1.0
2001-03-30 18:30:00,-287.2394137975907,-287.2394137975907,0.0,0.0,20.0,27.0,0.0,100.0,-1.0
2001-03-30 19:30:00,0.0,0.0,0.0,0.0,20.0,27.0,0.0,100.0,3.0
2001-03-30 20:30:00,0.0,0.0,0.0,0.0,20.0,27.0,0.0,100.0,3.0
2001-03-30 21:30:00,0.0,0.0,0.0,0.0,20.0,27.0,0.0,100.0,3.0
2001-03-30 22:30:00,0.0,0.0,0.0,0.0,20.0,27.0,0.0,100.0,3.0
2001-03-30 23:30:00,0.0,0.0,0.0,0.0,20.0,27.0,0.0,100.0,3.0
2001-03-31 00:30:00,77.07771395503642,77.07771395503642,0.0,0.0,20.0,27.0,0.0,100.0,1.0
2001-03-31 01:30:00,366.8094897187739,366.8094897187739,0.0,0.0,20.0,27.0,0.0,100.0,1.0
2001-03-31 02:30:00,538.1838694429498,538.1838694429498,0.0,0.0,20.0,27.0,0.0,100.0,1.0
2001-03-31 03:30:00,664.152076999093,664.152076999093,0.0,0.0,20.0,27.0,0.0,100.0,1.0
2001-03-31 04:30:00,765.3331688114667,765.3331688114667,0.0,0.0,20.0,27.0,0.0,100.0,1.0
2001-03-31 05:30:00,851.7356424083773,851.7356424083773,0.0,0.0,20.0,27.0,0.0,100.0,1.0
2001-03-31 06:30:00,918.7720008994129,918.7720008994129,0.0,0.0,20.0,27.0,0.0,100.0,1.0
2001-03-31 07:30:00,674.185149664203,674.185149664203,0.0,0.0,20.0,27.0,0.0,100.0,1.0
2001-03-31 08:30:00,109.60716467826023,109.60716467826023,0.0,0.0,20.0,27.0,0.0,100.0,1.0
2001-03-31 09:30:00,0.0,0.0,0.0,0.0,20.0,27.0,0.0,100.0,3.0
2001-03-31 10:30:00,0.0,0.0,0.0,0.0,20.0,27.0,0.0,100.0,3.0
2001-03-31 11:30:00,-677.862898216973,-677.862898216973,0.0,0.0,20.0,27.0,0.0,100.0,-1.0
2001-03-31 12:30:00,-1579.129931454957,-1579.129931454957,0.0,0.0,20.0,27.0,0.0,100.0,-1.0
2001-03-31 13:30:00,-2083.595265859559,-2083.595265859559,0.0,0.0,20.0,27.0,0.0,100.0,-1.0
2001-03-31 14:30:00,-2280.45714305831,-2280.45714305831,0.0,0.0,20.0,27.0,0.0,100.0,-1.0
2001-03-31 15:30:00,-2226.0810806017844,-2226.0810806017844,0.0,0.0,20.0,27.0,0.0,100.0,-1.0
2001-03-31 16:30:00,-1922.8688402590751,-1922.8688402590751,0.0,0.0,20.0,27.0,0.0,100.0,-1.0
2001-03-31 17:30:00,-1335.3806122743545,-1335.3806122743545,0.0,0.0,20.0,27.0,0.0,100.0,-1.0
2001-03-31 18:30:00,-655.8439672916911,-655.8439672916911,0.0,0.0,20.0,27.0,0.0,100.0,-1.0
2001-03-31 19:30:00,-102.66349726341014,-102.66349726341014,0.0,0.0,20.0,27.0,0.0,100.0,-1.0
2001-03-31 20:30:00,0.0,0.0,0.0,0.0,20.0,27.0,0.0,100.0,3.0
2001-03-31 21:30:00,0.0,0.0,0.0,0.0,20.0,27.0,0.0,100.0,3.0
2001-03-31 22:30:00,0.0,0.0,0.0,0.0,20.0,27.0,0.0,100.0,3.0
2001-03-31 23:30:00,0.0,0.0,0.0,0.0,20.0,27.0,0.0,100.0,3.0
2001-04-01 00:30:00,0.0,0.0,0.0,0.0,20.0,27.0,0.0,100.0,3.0
2001-04-01 01:30:00,155.68879475777703,155.68879475777703,0.0,0.0,20.0,27.0,0.0,100.0,1.0
2001-04-01 02:30:00,496.94503162564615,496.94503162564615,0.0,0.0,20.0,27.0,0.0,100.0,1.0
2001-04-01 03:30:00,726.6159224469993,726.6159224469993,0.0,0.0,20.0,27.0,0.0,100.0,1.0
2001-04-01 04:30:00,917.7441467506414,917.7441467506414,0.0,0.0,20.0,27.0,0.0,100.0,1.0
2001-04-01 05:30:00,1084.9499490330809,1084.9499490330809,0.0,0.0,20.0,27.0,0.0,100.0,1.0
2001-04-01 06:30:00,1223.948536425556,1223.948536425556,0.0,0.0,20.0,27.0,0.0,100.0,1.0
2001-04-01 07:30:00,907.0261176571821,907.0261176571821,0.0,0.0,20.0,27.0,0.0,100.0,1.0
2001-04-01 08:30:00,429.20573504682034,429.20573504682034,0.0,0.0,20.0,27.0,0.0,100.0,1.0
2001-04-01 09:30:00,0.0,0.0,0.0,0.0,20.0,27.0,0.0,100.0,3.0
2001-04-01 10:30:00,0.0,0.0,0.0,0.0,20.0,27.0,0.0,100.0,3.0
2001-04-01 11:30:00,0.0,0.0,0.0,0.0,20.0,27.0,0.0,100.0,3.0
2001-04-01 12:30:00,-962.9271144055883,-962.9271144055883,0.0,0.0,20.0,27.0,0.0,100.0,-1.0
2001-04-01 13:30:00,-1521.2480092757296,-1521.2480092757296,0.0,0.0,20.0,27.0,0.0,100.0,-1.0
2001-04-01 14:30:00,-1721.2082473207947,-1721.2082473207947,0.0,0.0,20.0,27.0,0.0,100.0,-1.0
2001-04-01 15:30:00,-1620.798303620225,-1620.798303620225,0.0,0.0,20.0,27.0,0.0,100.0,-1.0
2001-04-01 16:30:00,-1232.3209666042576,-1232.3209666042576,0.0,0.0,20.0,27.0,0.0,100.0,-1.0
2001-04-01 17:30:00,-712.7183712288761,-712.7183712288761,0.0,0.0,20.0,27.0,0.0,100.0,-1.0
2001-04-01 18:30:00,-41.86410881650136,-41.86410881650136,0.0,0.0,20.0,27.0,0.0,100.0,-1.0
2001-04-01 19:30:00,0.0,0.0,0.0,0.0,20.0,27.0,0.0,100.0,3.0
2001-04-01 20:30:00,0.0,0.0,0.0,0.0,20.0,27.0,0.0,100.0,3.0
2001-04-01 21:30:00,0.0,0.0,0.0,0.0,20.0,27.0,0.0,100.0,3.0
2001-04-01 22:30:00,68.19383376218502,68.19383376218502,0.0,0.0,20.0,27.0,0.0,100.0,1.0
2001-04-01 23:30:00,501.0431701901698,501.0431701901698,0.0,0.0,20.0,27.0,0.0,100.0,1.0
2001-04-02 00:30:00,746.0509672217322,746.0509672217322,0.0,0.0,20.0,27.0,0.0,100.0,1.0
2001-04-02 01:30:00,902.1296359422786,902.1296359422786,0.0,0.0,20.0,27.0,0.0,100.0,1.0
2001-04-02 02:30:00,1011.6978034579297,1011.6978034579297,0.0,0.0,20.0,27.0,0.0,100.0,1.0
2001-04-02 03:30:00,1094.4030183078557,1094.4030183078557,0.0,0.0,20.0,27.0,0.0,100.0,1.0
2001-04-02 04:30:00,1161.6453263902695,1161.6453263902695,0.0,0.0,20.0,27.0,0.0,100.0,1.0
2001-04-02 05:30:00,1224.0435093527294,1224.0435093527294,0.0,0.0,20.0,27.0,0.0,100.0,1.0
2001-04-02 06:30:00,1263.8322788251526,1263.8322788251526,0.0,0.0,20.0,27.0,0.0,100.0,1.0
2001-04-02 07:30:00,963.4052716569895,963.4052716569895,0.0,0.0,20.0,27.0,0.0,100.0,1.0
2001-04-02 08:30:00,449.7071156270649,449.7071156270649,0.0,0.0,20.0,27.0,0.0,100.0,1.0
2001-04-02 09:30:00,0.0,0.0,0.0,0.0,20.0,27.0,0.0,100.0,3.0
2001-04-02 10:30:00,0.0,0.0,0.0,0.0,20.0,27.0,0.0,100.0,3.0
2001-04-02 11:30:00,-162.99601243317193,-162.99601243317193,0.0,0.0,20.0,27.0,0.0,100.0,-1.0
2001-04-02 12:30:00,-1160.790484611839,-1160.790484611839,0.0,0.0,20.0,27.0,0.0,100.0,-1.0
2001-04-02 13:30:00,-1657.4904332236028,-1657.4904332236028,0.0,0.0,20.0,27.0,0.0,100.0,-1.0
2001-04-02 14:30:00,-1883.5704979182801,-1883.5704979182801,0.0,0.0,20.0,27.0,0.0,100.0,-1.0
2001-04-02 15:30:00,-1786.7252766905558,-1786.7252766905558,0.0,0.0,20.0,27.0,0.0,100.0,-1.0
2001-04-02 16:30:00,-1483.7464864197782,-1483.7464864197782,0.0,0.0,20.0,27.0,0.0,100.0,-1.0
2001-04-02 17:30:00,-880.4806451603572,-880.4806451603572,0.0,0.0,20.0,27.0,0.0,100.0,-1.0
2001-04-02 18:30:00,-212.23640867334598,-212.23640867334598,0.0,0.0,20.0,27.0,0.0,100.0,-1.0
2001-04-02 19:30:00,0.0,0.0,0.0,0.0,20.0,27.0,0.0,100.0,3.0
2001-04-02 20:30:00,0.0,0.0,0.0,0.0,20.0,27.0,0.0,100.0,3.0
2001-04-02 21:30:00,0.0,0.0,0.0,0.0,20.0,27.0,0.0,100.0,3.0
2001-04-02 22:30:00,0.0,0.0,0.0,0.0,20.0,27.0,0.0,100.0,3.0
2001-04-02 23:30:00,139.30980247594925,139.30980247594925,0.0,0.0,20.0,27.0,0.0,100.0,1.0
2001-04-03 00:30:00,482.8519293683912,482.8519293683912,0.0,0.0,20.0,27.0,0.0,100.0,1.0
2001-04-03 01:30:00,682.5893156752845,682.5893156752845,0.0,0.0,20.0,27.0,0.0,100.0,1.0
2001-04-03 02:30:00,833.7437460148394,833.7437460148394,0.0,0.0,20.0,27.0,0.0,100.0,1.0
2001-04-03 03:30:00,950.672355393227,950.672355393227,0.0,0.0,20.0,27.0,0.0,100.0,1.0
2001-04-03 04:30:00,1049.6346801971176,1049.6346801971176,0.0,0.0,20.0,27.0,0.0,100.0,1.0
2001-04-03 05:30:00,1135.9128054714365,1135.9128054714365,0.0,0.0,20.0,27.0,0.0,100.0,1.0
2001-04-03 06:30:00,1216.7799043373361,1216.7799043373361,0.0,0.0,20.0,27.0,0.0,100.0,1.0
2001-04-03 07:30:00,1194.6720744347413,1194.6720744347413,0.0,0.0,20.0,27.0,0.0,100.0,1.0
2001-04-03 08:30:00,1060.232945504994,1060.232945504994,0.0,0.0,20.0,27.0,0.0,100.0,1.0
2001-04-03 09:30:00,949.8911719046782,949.8911719046782,0.0,0.0,20.0,27.0,0.0,100.0,1.0
2001-04-03 10:30:00,542.7306128363689,542.7306128363689,0.0,0.0,20.0,27.0,0.0,100.0,1.0
2001-04-03 11:30:00,0.0,0.0,0.0,0.0,20.0,27.0,0.0,100.0,3.0
2001-04-03 12:30:00,0.0,0.0,0.0,0.0,20.0,27.0,0.0,100.0,3.0
2001-04-03 13:30:00,0.0,0.0,0.0,0.0,20.0,27.0,0.0,100.0,3.0
2001-04-03 14:30:00,0.0,0.0,0.0,0.0,20.0,27.0,0.0,100.0,3.0
2001-04-03 15:30:00,0.0,0.0,0.0,0.0,20.0,27.0,0.0,100.0,3.0
2001-04-03 16:30:00,0.0,0.0,0.0,0.0,20.0,27.0,0.0,100.0,3.0
2001-04-03 17:30:00,0.0,0.0,0.0,0.0,20.0,27.0,0.0,100.0,3.0
2001-04-03 18:30:00,0.0,0.0,0.0,0.0,20.0,27.0,0.0,100.0,3.0
2001-04-03 19:30:00,370.63812880792466,370.63812880792466,0.0,0.0,20.0,27.0,0.0,100.0,1.0
2001-04-03 20:30:00,594.4761740105423,594.4761740105423,0.0,0.0,20.0,27.0,0.0,100.0,1.0
2001-04-03 21:30:00,722.188000154686,722.188000154686,0.0,0.0,20.0,27.0,0.0,100.0,1.0
2001-04-03 22:30:00,794.2785920639253,794.2785920639253,0.0,0.0,20.0,27.0,0.0,100.0,1.0
2001-04-03 23:30:00,836.4011435734647,836.4011435734647,0.0,0.0,20.0,27.0,0.0,100.0,1.0
2001-04-04 00:30:00,864.8724097701279,864.8724097701279,0.0,0.0,20.0,27.0,0.0,100.0,1.0
2001-04-04 01:30:00,860.1051740162593,860.1051740162593,0.0,0.0,20.0,27.0,0.0,100.0,1.0
2001-04-04 02:30:00,846.0921624259345,846.0921624259345,0.0,0.0,20.0,27.0,0.0,100.0,1.0
2001-04-04 03:30:00,826.1445892143129,826.1445892143129,0.0,0.0,20.0,27.0,0.0,100.0,1.0
2001-04-04 04:30:00,802.7907404553034,802.7907404553034,0.0,0.0,20.0,27.0,0.0,100.0,1.0
2001-04-04 05:30:00,777.6451097056433,777.6451097056433,0.0,0.0,20.0,27.0,0.0,100.0,1.0
2001-04-04 06:30:00,748.4092489004988,748.4092489004988,0.0,0.0,20.0,27.0,0.0,100.0,1.0
2001-04-04 07:30:00,592.1397320684964,592.1397320684964,0.0,0.0,20.0,27.0,0.0,100.0,1.0
2001-04-04 08:30:00,394.16253062925716,394.16253062925716,0.0,0.0,20.0,27.0,0.0,100.0,1.0
2001-04-04 09:30:00,29.423590211928058,29.423590211928058,0.0,0.0,20.0,27.0,0.0,100.0,1.0
2001-04-04 10:30:00,0.0,0.0,0.0,0.0,20.0,27.0,0.0,100.0,3.0
2001-04-04 11:30:00,0.0,0.0,0.0,0.0,20.0,27.0,0.0,100.0,3.0
2001-04-04 12:30:00,0.0,0.0,0.0,0.0,20.0,27.0,0.0,100.0,3.0
2001-04-04 13:30:00,0.0,0.0,0.0,0.0,20.0,27.0,0.0,100.0,3.0
2001-04-04 14:30:00,-197.29692008606344,-197.29692008606344,0.0,0.0,20.0,27.0,0.0,100.0,-1.0
2001-04-04 15:30:00,-552.8463444227427,-552.8463444227427,0.0,0.0,20.0,27.0,0.0,100.0,-1.0
2001-04-04 16:30:00,-415.9849181626223,-415.9849181626223,0.0,0.0,20.0,27.0,0.0,100.0,-1.0
2001-04-04 17:30:00,-164.12264043443156,-164.12264043443156,0.0,0.0,20.0,27.0,0.0,100.0,-1.0
2001-04-04 18:30:00,0.0,0.0,0.0,0.0,20.0,27.0,0.0,100.0,3.0
2001-04-04 19:30:00,0.0,0.0,0.0,0.0,20.0,27.0,0.0,100.0,3.0
2001-04-04 20:30:00,0.0,0.0,0.0,0.0,20.0,27.0,0.0,100.0,3.0
2001-04-04 21:30:00,0.0,0.0,0.0,0.0,20.0,27.0,0.0,100.0,3.0
2001-04-04 22:30:00,0.0,0.0,0.0,0.0,20.0,27.0,0.0,100.0,3.0
2001-04-04 23:30:00,0.0,0.0,0.0,0.0,20.0,27.0,0.0,100.0,3.0
2001-04-05 00:30:00,0.0,0.0,0.0,0.0,20.0,27.0,0.0,100.0,3.0
2001-04-05 01:30:00,97.49613160376248,97.49613160376248,0.0,0.0,20.0,27.0,0.0,100.0,1.0
2001-04-05 02:30:00,265.38579335244685,265.38579335244685,0.0,0.0,20.0,27.0,0.0,100.0,1.0
2001-04-05 03:30:00,367.0990121998766,367.0990121998766,0.0,0.0,20.0,27.0,0.0,100.0,1.0
2001-04-05 04:30:00,441.5434526777208,441.5434526777208,0.0,0.0,20.0,27.0,0.0,100.0,1.0
2001-04-05 05:30:00,504.32934849426965,504.32934849426965,0.0,0.0,20.0,27.0,0.0,100.0,1.0
2001-04-05 06:30:00,535.4613043316876,535.4613043316876,0.0,0.0,20.0,27.0,0.0,100.0,1.0
2001-04-05 07:30:00,241.5057031969327,241.5057031969327,0.0,0.0,20.0,27.0,0.0,100.0,1.0
2001-04-05 08:30:00,0.0,0.0,0.0,0.0,20.0,27.0,0.0,100.0,3.0
2001-04-05 09:30:00,0.0,0.0,0.0,0.0,20.0,27.0,0.0,100.0,3.0
2001-04-05 10:30:00,0.0,0.0,0.0,0.0,20.0,27.0,0.0,100.0,3.0
2001-04-05 11:30:00,-302.8152724589827,-302.8152724589827,0.0,0.0,20.0,27.0,0.0,100.0,-1.0
2001-04-05 12:30:00,-1139.5570153327308,-1139.5570153327308,0.0,0.0,20.0,27.0,0.0,100.0,-1.0
2001-04-05 13:30:00,-1673.59085826731,-1673.59085826731,0.0,0.0,20.0,27.0,0.0,100.0,-1.0
2001-04-05 14:30:00,-1935.658351741854,-1935.658351741854,0.0,0.0,20.0,27.0,0.0,100.0,-1.0
2001-04-05 15:30:00,-1840.7063514903284,-1840.7063514903284,0.0,0.0,20.0,27.0,0.0,100.0,-1.0
2001-04-05 16:30:00,-1549.8841477845554,-1549.8841477845554,0.0,0.0,20.0,27.0,0.0,100.0,-1.0
2001-04-05 17:30:00,-1086.7595517807376,-1086.7595517807376,0.0,0.0,20.0,27.0,0.0,100.0,-1.0
2001-04-05 18:30:00,-584.9656144430292,-584.9656144430292,0.0,0.0,20.0,27.0,0.0,100.0,-1.0
2001-04-05 19:30:00,-106.89190849478382,-106.89190849478382,0.0,0.0,20.0,27.0,0.0,100.0,-1.0
2001-04-05 20:30:00,0.0,0.0,0.0,0.0,20.0,27.0,0.0,100.0,3.0
2001-04-05 21:30:00,0.0,0.0,0.0,0.0,20.0,27.0,0.0,100.0,3.0
2001-04-05 22:30:00,0.0,0.0,0.0,0.0,20.0,27.0,0.0,100.0,3.0
2001-04-05 23:30:00,0.0,0.0,0.0,0.0,20.0,27.0,0.0,100.0,3.0
2001-04-06 00:30:00,0.0,0.0,0.0,0.0,20.0,27.0,0.0,100.0,3.0
2001-04-06 01:30:00,0.0,0.0,0.0,0.0,20.0,27.0,0.0,100.0,3.0
2001-04-06 02:30:00,0.0,0.0,0.0,0.0,20.0,27.0,0.0,100.0,3.0
2001-04-06 03:30:00,88.75980816999436,88.75980816999436,0.0,0.0,20.0,27.0,0.0,100.0,1.0
2001-04-06 04:30:00,302.10568468859674,302.10568468859674,0.0,0.0,20.0,27.0,0.0,100.0,1.0
2001-04-06 05:30:00,442.2721462519412,442.2721462519412,0.0,0.0,20.0,27.0,0.0,100.0,1.0
2001-04-06 06:30:00,532.2498259044005,532.2498259044005,0.0,0.0,20.0,27.0,0.0,100.0,1.0
2001-04-06 07:30:00,276.3338261035069,276.3338261035069,0.0,0.0,20.0,27.0,0.0,100.0,1.0
2001-04-06 08:30:00,0.0,0.0,0.0,0.0,20.0,27.0,0.0,100.0,3.0
2001-04-06 09:30:00,0.0,0.0,0.0,0.0,20.0,27.0,0.0,100.0,3.0
2001-04-06 10:30:00,0.0,0.0,0.0,0.0,20.0,27.0,0.0,100.0,3.0
2001-04-06 11:30:00,-427.44698238803994,-427.44698238803994,0.0,0.0,20.0,27.0,0.0,100.0,-1.0
2001-04-06 12:30:00,-1236.1910693394666,-1236.1910693394666,0.0,0.0,20.0,27.0,0.0,100.0,-1.0
2001-04-06 13:30:00,-1412.2099386899672,-1412.2099386899672,0.0,0.0,20.0,27.0,0.0,100.0,-1.0
2001-04-06 14:30:00,-1462.2872584185488,-1462.2872584185488,0.0,0.0,20.0,27.0,0.0,100.0,-1.0
2001-04-06 15:30:00,-1341.2537760769437,-1341.2537760769437,0.0,0.0,20.0,27.0,0.0,100.0,-1.0
2001-04-06 16:30:00,-1029.4392107760495,-1029.4392107760495,0.0,0.0,20.0,27.0,0.0,100.0,-1.0
2001-04-06 17:30:00,-684.9216114114506,-684.9216114114506,0.0,0.0,20.0,27.0,0.0,100.0,-1.0
2001-04-06 18:30:00,-212.81471920796957,-212.81471920796957,0.0,0.0,20.0,27.0,0.0,100.0,-1.0
2001-04-06 19:30:00,0.0,0.0,0.0,0.0,20.0,27.0,0.0,100.0,3.0
2001-04-06 20:30:00,0.0,0.0,0.0,0.0,20.0,27.0,0.0,100.0,3.0
2001-04-06 21:30:00,0.0,0.0,0.0,0.0,20.0,27.0,0.0,100.0,3.0
2001-04-06 22:30:00,0.0,0.0,0.0,0.0,20.0,27.0,0.0,100.0,3.0
2001-04-06 23:30:00,0.0,0.0,0.0,0.0,20.0,27.0,0.0,100.0,3.0
2001-04-07 00:30:00,0.0,0.0,0.0,0.0,20.0,27.0,0.0,100.0,3.0
2001-04-07 01:30:00,0.0,0.0,0.0,0.0,20.0,27.0,0.0,100.0,3.0
2001-04-07 02:30:00,0.0,0.0,0.0,0.0,20.0,27.0,0.0,100.0,3.0
2001-04-07 03:30:00,0.0,0.0,0.0,0.0,20.0,27.0,0.0,100.0,3.0
2001-04-07 04:30:00,0.0,0.0,0.0,0.0,20.0,27.0,0.0,100.0,3.0
2001-04-07 05:30:00,73.32848468974953,73.32848468974953,0.0,0.0,20.0,27.0,0.0,100.0,1.0
2001-04-07 06:30:00,104.88724189520417,104.88724189520417,0.0,0.0,20.0,27.0,0.0,100.0,1.0
2001-04-07 07:30:00,9.962539318997187,9.962539318997187,0.0,0.0,20.0,27.0,0.0,100.0,1.0
2001-04-07 08:30:00,0.0,0.0,0.0,0.0,20.0,27.0,0.0,100.0,3.0
2001-04-07 09:30:00,0.0,0.0,0.0,0.0,20.0,27.0,0.0,100.0,3.0
2001-04-07 10:30:00,0.0,0.0,0.0,0.0,20.0,27.0,0.0,100.0,3.0
2001-04-07 11:30:00,0.0,0.0,0.0,0.0,20.0,27.0,0.0,100.0,3.0
2001-04-07 12:30:00,0.0,0.0,0.0,0.0,20.0,27.0,0.0,100.0,3.0
2001-04-07 13:30:00,0.0,0.0,0.0,0.0,20.0,27.0,0.0,100.0,3.0
2001-04-07 14:30:00,-118.52040842018232,-118.52040842018232,0.0,0.0,20.0,27.0,0.0,100.0,-1.0
2001-04-07 15:30:00,-83.57563966056568,-83.57563966056568,0.0,0.0,20.0,27.0,0.0,100.0,-1.0
2001-04-07 16:30:00,-19.05528018847781,-19.05528018847781,0.0,0.0,20.0,27.0,0.0,100.0,-1.0
2001-04-07 17:30:00,0.0,0.0,0.0,0.0,20.0,27.0,0.0,100.0,3.0
2001-04-07 18:30:00,0.0,0.0,0.0,0.0,20.0,27.0,0.0,100.0,3.0
2001-04-07 19:30:00,0.0,0.0,0.0,0.0,20.0,27.0,0.0,100.0,3.0
2001-04-07 20:30:00,0.0,0.0,0.0,0.0,20.0,27.0,0.0,100.0,3.0
2001-04-07 21:30:00,0.0,0.0,0.0,0.0,20.0,27.0,0.0,100.0,3.0
2001-04-07 22:30:00,0.0,0.0,0.0,0.0,20.0,27.0,0.0,100.0,3.0
2001-04-07 23:30:00,0.0,0.0,0.0,0.0,20.0,27.0,0.0,100.0,3.0
2001-04-08 00:30:00,0.0,0.0,0.0,0.0,20.0,27.0,0.0,100.0,3.0
2001-04-08 01:30:00,0.0,0.0,0.0,0.0,20.0,27.0,0.0,100.0,3.0
2001-04-08 02:30:00,0.0,0.0,0.0,0.0,20.0,27.0,0.0,100.0,3.0
2001-04-08 03:30:00,0.0,0.0,0.0,0.0,20.0,27.0,0.0,100.0,3.0
2001-04-08 04:30:00,150.41400015046565,150.41400015046565,0.0,0.0,20.0,27.0,0.0,100.0,1.0
2001-04-08 05:30:00,288.10081639905457,288.10081639905457,0.0,0.0,20.0,27.0,0.0,100.0,1.0
2001-04-08 06:30:00,366.07834633054154,366.07834633054154,0.0,0.0,20.0,27.0,0.0,100.0,1.0
2001-04-08 07:30:00,113.34666430955076,113.34666430955076,0.0,0.0,20.0,27.0,0.0,100.0,1.0
2001-04-08 08:30:00,0.0,0.0,0.0,0.0,20.0,27.0,0.0,100.0,3.0
2001-04-08 09:30:00,0.0,0.0,0.0,0.0,20.0,27.0,0.0,100.0,3.0
2001-04-08 10:30:00,0.0,0.0,0.0,0.0,20.0,27.0,0.0,100.0,3.0
2001-04-08 11:30:00,0.0,0.0,0.0,0.0,20.0,27.0,0.0,100.0,3.0
2001-04-08 12:30:00,-677.9445897362393,-677.9445897362393,0.0,0.0,20.0,27.0,0.0,100.0,-1.0
2001-04-08 13:30:00,-1269.0643420202714,-1269.0643420202714,0.0,0.0,20.0,27.0,0.0,100.0,-1.0
2001-04-08 14:30:00,-1583.7721389939024,-1583.7721389939024,0.0,0.0,20.0,27.0,0.0,100.0,-1.0
2001-04-08 15:30:00,-1582.5830574762049,-1582.5830574762049,0.0,0.0,20.0,27.0,0.0,100.0,-1.0
2001-04-08 16:30:00,-1377.7688806430278,-1377.7688806430278,0.0,0.0,20.0,27.0,0.0,100.0,-1.0
2001-04-08 17:30:00,-992.2394493279944,-992.2394493279944,0.0,0.0,20.0,27.0,0.0,100.0,-1.0
2001-04-08 18:30:00,-503.86686887481756,-503.86686887481756,0.0,0.0,20.0,27.0,0.0,100.0,-1.0
2001-04-08 19:30:00,-66.69537470645628,-66.69537470645628,0.0,0.0,20.0,27.0,0.0,100.0,-1.0
2001-04-08 20:30:00,0.0,0.0,0.0,0.0,20.0,27.0,0.0,100.0,3.0
2001-04-08 21:30:00,0.0,0.0,0.0,0.0,20.0,27.0,0.0,100.0,3.0
2001-04-08 22:30:00,0.0,0.0,0.0,0.0,20.0,27.0,0.0,100.0,3.0
2001-04-08 23:30:00,0.0,0.0,0.0,0.0,20.0,27.0,0.0,100.0,3.0
2001-04-09 00:30:00,0.0,0.0,0.0,0.0,20.0,27.0,0.0,100.0,3.0
2001-04-09 01:30:00,0.0,0.0,0.0,0.0,20.0,27.0,0.0,100.0,3.0
2001-04-09 02:30:00,0.0,0.0,0.0,0.0,20.0,27.0,0.0,100.0,3.0
2001-04-09 03:30:00,0.0,0.0,0.0,0.0,20.0,27.0,0.0,100.0,3.0
2001-04-09 04:30:00,188.1307266781423,188.1307266781423,0.0,0.0,20.0,27.0,0.0,100.0,1.0
2001-04-09 05:30:00,324.3661728140969,324.3661728140969,0.0,0.0,20.0,27.0,0.0,100.0,1.0
2001-04-09 06:30:00,417.2858151089613,417.2858151089613,0.0,0.0,20.0,27.0,0.0,100.0,1.0
2001-04-09 07:30:00,389.6747420709853,389.6747420709853,0.0,0.0,20.0,27.0,0.0,100.0,1.0
2001-04-09 08:30:00,120.33863101519091,120.33863101519091,0.0,0.0,20.0,27.0,0.0,100.0,1.0
2001-04-09 09:30:00,0.0,0.0,0.0,0.0,20.0,27.0,0.0,100.0,3.0
2001-04-09 10:30:00,0.0,0.0,0.0,0.0,20.0,27.0,0.0,100.0,3.0
2001-04-09 11:30:00,0.0,0.0,0.0,0.0,20.0,27.0,0.0,100.0,3.0
2001-04-09 12:30:00,-90.58937025427713,-90.58937025427713,0.0,0.0,20.0,27.0,0.0,100.0,-1.0
2001-04-09 13:30:00,-1025.2879125256886,-1025.2879125256886,0.0,0.0,20.0,27.0,0.0,100.0,-1.0
2001-04-09 14:30:00,-1345.2777957266944,-1345.2777957266944,0.0,0.0,20.0,27.0,0.0,100.0,-1.0
2001-04-09 15:30:00,-1408.6171835383147,-1408.6171835383147,0.0,0.0,20.0,27.0,0.0,100.0,-1.0
2001-04-09 16:30:00,-1080.2155354640026,-1080.2155354640026,0.0,0.0,20.0,27.0,0.0,100.0,-1.0
2001-04-09 17:30:00,-681.0403448320203,-681.0403448320203,0.0,0.0,20.0,27.0,0.0,100.0,-1.0
2001-04-09 18:30:00,-223.19560128529156,-223.19560128529156,0.0,0.0,20.0,27.0,0.0,100.0,-1.0
2001-04-09 19:30:00,0.0,0.0,0.0,0.0,20.0,27.0,0.0,100.0,3.0
2001-04-09 20:30:00,0.0,0.0,0.0,0.0,20.0,27.0,0.0,100.0,3.0
2001-04-09 21:30:00,0.0,0.0,0.0,0.0,20.0,27.0,0.0,100.0,3.0
2001-04-09 22:30:00,0.0,0.0,0.0,0.0,20.0,27.0,0.0,100.0,3.0
2001-04-09 23:30:00,0.0,0.0,0.0,0.0,20.0,27.0,0.0,100.0,3.0
2001-04-10 00:30:00,0.0,0.0,0.0,0.0,20.0,27.0,0.0,100.0,3.0
2001-04-10 01:30:00,0.0,0.0,0.0,0.0,20.0,27.0,0.0,100.0,3.0
2001-04-10 02:30:00,0.0,0.0,0.0,0.0,20.0,27.0,0.0,100.0,3.0
2001-04-10 03:30:00,0.0,0.0,0.0,0.0,20.0,27.0,0.0,100.0,3.0
2001-04-10 04:30:00,0.0,0.0,0.0,0.0,20.0,27.0,0.0,100.0,3.0
2001-04-10 05:30:00,0.0,0.0,0.0,0.0,20.0,27.0,0.0,100.0,3.0
2001-04-10 06:30:00,0.0,0.0,0.0,0.0,20.0,27.0,0.0,100.0,3.0
2001-04-10 07:30:00,0.0,0.0,0.0,0.0,20.0,27.0,0.0,100.0,3.0
2001-04-10 08:30:00,0.0,0.0,0.0,0.0,20.0,27.0,0.0,100.0,3.0
2001-04-10 09:30:00,0.0,0.0,0.0,0.0,20.0,27.0,0.0,100.0,3.0
2001-04-10 10:30:00,0.0,0.0,0.0,0.0,20.0,27.0,0.0,100.0,3.0
2001-04-10 11:30:00,-167.18229581807918,-167.18229581807918,0.0,0.0,20.0,27.0,0.0,100.0,-1.0
2001-04-10 12:30:00,-271.33506391881474,-271.33506391881474,0.0,0.0,20.0,27.0,0.0,100.0,-1.0
2001-04-10 13:30:00,-213.52885270660863,-213.52885270660863,0.0,0.0,20.0,27.0,0.0,100.0,-1.0
2001-04-10 14:30:00,-766.9015747865915,-766.9015747865915,0.0,0.0,20.0,27.0,0.0,100.0,-1.0
2001-04-10 15:30:00,-993.1622236882022,-993.1622236882022,0.0,0.0,20.0,27.0,0.0,100.0,-1.0
2001-04-10 16:30:00,-1087.2584883357586,-1087.2584883357586,0.0,0.0,20.0,27.0,0.0,100.0,-1.0
2001-04-10 17:30:00,-881.6463128293353,-881.6463128293353,0.0,0.0,20.0,27.0,0.0,100.0,-1.0
2001-04-10 18:30:00,-463.3275437577877,-463.3275437577877,0.0,0.0,20.0,27.0,0.0,100.0,-1.0
2001-04-10 19:30:00,-95.77794212598837,-95.77794212598837,0.0,0.0,20.0,27.0,0.0,100.0,-1.0
2001-04-10 20:30:00,0.0,0.0,0.0,0.0,20.0,27.0,0.0,100.0,3.0
2001-04-10 21:30:00,0.0,0.0,0.0,0.0,20.0,27.0,0.0,100.0,3.0
2001-04-10 22:30:00,0.0,0.0,0.0,0.0,20.0,27.0,0.0,100.0,3.0
2001-04-10 23:30:00,0.0,0.0,0.0,0.0,20.0,27.0,0.0,100.0,3.0
2001-04-11 00:30:00,0.0,0.0,0.0,0.0,20.0,27.0,0.0,100.0,3.0
2001-04-11 01:30:00,0.0,0.0,0.0,0.0,20.0,27.0,0.0,100.0,3.0
2001-04-11 02:30:00,0.0,0.0,0.0,0.0,20.0,27.0,0.0,100.0,3.0
2001-04-11 03:30:00,0.0,0.0,0.0,0.0,20.0,27.0,0.0,100.0,3.0
2001-04-11 04:30:00,0.0,0.0,0.0,0.0,20.0,27.0,0.0,100.0,3.0
2001-04-11 05:30:00,0.0,0.0,0.0,0.0,20.0,27.0,0.0,100.0,3.0
2001-04-11 06:30:00,81.06961090393634,81.06961090393634,0.0,0.0,20.0,27.0,0.0,100.0,1.0
2001-04-11 07:30:00,0.0,0.0,0.0,0.0,20.0,27.0,0.0,100.0,3.0
2001-04-11 08:30:00,0.0,0.0,0.0,0.0,20.0,27.0,0.0,100.0,3.0
2001-04-11 09:30:00,0.0,0.0,0.0,0.0,20.0,27.0,0.0,100.0,3.0
2001-04-11 10:30:00,-158.9413065367653,-158.9413065367653,0.0,0.0,20.0,27.0,0.0,100.0,-1.0
2001-04-11 11:30:00,-1110.6724463345554,-1110.6724463345554,0.0,0.0,20.0,27.0,0.0,100.0,-1.0
2001-04-11 12:30:00,-1726.9239457364338,-1726.9239457364338,0.0,0.0,20.0,27.0,0.0,100.0,-1.0
2001-04-11 13:30:00,-2079.375652617374,-2079.375652617374,0.0,0.0,20.0,27.0,0.0,100.0,-1.0
2001-04-11 14:30:00,-2227.141623382059,-2227.141623382059,0.0,0.0,20.0,27.0,0.0,100.0,-1.0
2001-04-11 15:30:00,-2111.2219263081015,-2111.2219263081015,0.0,0.0,20.0,27.0,0.0,100.0,-1.0
2001-04-11 16:30:00,-1815.824783123734,-1815.824783123734,0.0,0.0,20.0,27.0,0.0,100.0,-1.0
2001-04-11 17:30:00,-1383.6565380801521,-1383.6565380801521,0.0,0.0,20.0,27.0,0.0,100.0,-1.0
2001-04-11 18:30:00,-876.623549602974,-876.623549602974,0.0,0.0,20.0,27.0,0.0,100.0,-1.0
2001-04-11 19:30:00,-410.7974413574566,-410.7974413574566,0.0,0.0,20.0,27.0,0.0,100.0,-1.0
2001-04-11 20:30:00,-93.55410118821146,-93.55410118821146,0.0,0.0,20.0,27.0,0.0,100.0,-1.0
2001-04-11 21:30:00,0.0,0.0,0.0,0.0,20.0,27.0,0.0,100.0,3.0
2001-04-11 22:30:00,0.0,0.0,0.0,0.0,20.0,27.0,0.0,100.0,3.0
2001-04-11 23:30:00,0.0,0.0,0.0,0.0,20.0,27.0,0.0,100.0,3.0
2001-04-12 00:30:00,0.0,0.0,0.0,0.0,20.0,27.0,0.0,100.0,3.0
2001-04-12 01:30:00,0.0,0.0,0.0,0.0,20.0,27.0,0.0,100.0,3.0
2001-04-12 02:30:00,0.0,0.0,0.0,0.0,20.0,27.0,0.0,100.0,3.0
2001-04-12 03:30:00,0.0,0.0,0.0,0.0,20.0,27.0,0.0,100.0,3.0
2001-04-12 04:30:00,0.0,0.0,0.0,0.0,20.0,27.0,0.0,100.0,3.0
2001-04-12 05:30:00,229.22167429383626,229.22167429383626,0.0,0.0,20.0,27.0,0.0,100.0,1.0
2001-04-12 06:30:00,461.58257670418425,461.58257670418425,0.0,0.0,20.0,27.0,0.0,100.0,1.0
2001-04-12 07:30:00,371.1824840823065,371.1824840823065,0.0,0.0,20.0,27.0,0.0,100.0,1.0
2001-04-12 08:30:00,70.87783586250862,70.87783586250862,0.0,0.0,20.0,27.0,0.0,100.0,1.0
2001-04-12 09:30:00,0.0,0.0,0.0,0.0,20.0,27.0,0.0,100.0,3.0
2001-04-12 10:30:00,0.0,0.0,0.0,0.0,20.0,27.0,0.0,100.0,3.0
2001-04-12 11:30:00,0.0,0.0,0.0,0.0,20.0,27.0,0.0,100.0,3.0
2001-04-12 12:30:00,-835.6673764811194,-835.6673764811194,0.0,0.0,20.0,27.0,0.0,100.0,-1.0
2001-04-12 13:30:00,-1333.3984053666163,-1333.3984053666163,0.0,0.0,20.0,27.0,0.0,100.0,-1.0
2001-04-12 14:30:00,-1364.4635771002477,-1364.4635771002477,0.0,0.0,20.0,27.0,0.0,100.0,-1.0
2001-04-12 15:30:00,-1318.7854697044486,-1318.7854697044486,0.0,0.0,20.0,27.0,0.0,100.0,-1.0
2001-04-12 16:30:00,-1038.0371071637628,-1038.0371071637628,0.0,0.0,20.0,27.0,0.0,100.0,-1.0
2001-04-12 17:30:00,-705.4137987575623,-705.4137987575623,0.0,0.0,20.0,27.0,0.0,100.0,-1.0
2001-04-12 18:30:00,-258.05633888715147,-258.05633888715147,0.0,0.0,20.0,27.0,0.0,100.0,-1.0
2001-04-12 19:30:00,0.0,0.0,0.0,0.0,20.0,27.0,0.0,100.0,3.0
2001-04-12 20:30:00,0.0,0.0,0.0,0.0,20.0,27.0,0.0,100.0,3.0
2001-04-12 21:30:00,0.0,0.0,0.0,0.0,20.0,27.0,0.0,100.0,3.0
2001-04-12 22:30:00,0.0,0.0,0.0,0.0,20.0,27.0,0.0,100.0,3.0
2001-04-12 23:30:00,0.0,0.0,0.0,0.0,20.0,27.0,0.0,100.0,3.0
2001-04-13 00:30:00,0.0,0.0,0.0,0.0,20.0,27.0,0.0,100.0,3.0
2001-04-13 01:30:00,101.99375577208866,101.99375577208866,0.0,0.0,20.0,27.0,0.0,100.0,1.0
2001-04-13 02:30:00,338.38438518760995,338.38438518760995,0.0,0.0,20.0,27.0,0.0,100.0,1.0
2001-04-13 03:30:00,481.9236900567903,481.9236900567903,0.0,0.0,20.0,27.0,0.0,100.0,1.0
2001-04-13 04:30:00,587.2395319606812,587.2395319606812,0.0,0.0,20.0,27.0,0.0,100.0,1.0
2001-04-13 05:30:00,672.8704408433314,672.8704408433314,0.0,0.0,20.0,27.0,0.0,100.0,1.0
2001-04-13 06:30:00,690.065945231775,690.065945231775,0.0,0.0,20.0,27.0,0.0,100.0,1.0
2001-04-13 07:30:00,449.6671257372236,449.6671257372236,0.0,0.0,20.0,27.0,0.0,100.0,1.0
2001-04-13 08:30:00,88.95369079174179,88.95369079174179,0.0,0.0,20.0,27.0,0.0,100.0,1.0
2001-04-13 09:30:00,0.0,0.0,0.0,0.0,20.0,27.0,0.0,100.0,3.0
2001-04-13 10:30:00,0.0,0.0,0.0,0.0,20.0,27.0,0.0,100.0,3.0
2001-04-13 11:30:00,0.0,0.0,0.0,0.0,20.0,27.0,0.0,100.0,3.0
2001-04-13 12:30:00,0.0,0.0,0.0,0.0,20.0,27.0,0.0,100.0,3.0
2001-04-13 13:30:00,-564.2550620398424,-564.2550620398424,0.0,0.0,20.0,27.0,0.0,100.0,-1.0
2001-04-13 14:30:00,-986.804387431187,-986.804387431187,0.0,0.0,20.0,27.0,0.0,100.0,-1.0
2001-04-13 15:30:00,-1081.434052825728,-1081.434052825728,0.0,0.0,20.0,27.0,0.0,100.0,-1.0
2001-04-13 16:30:00,-886.4887180906326,-886.4887180906326,0.0,0.0,20.0,27.0,0.0,100.0,-1.0
2001-04-13 17:30:00,-649.2769117672096,-649.2769117672096,0.0,0.0,20.0,27.0,0.0,100.0,-1.0
2001-04-13 18:30:00,-231.78440188685636,-231.78440188685636,0.0,0.0,20.0,27.0,0.0,100.0,-1.0
2001-04-13 19:30:00,0.0,0.0,0.0,0.0,20.0,27.0,0.0,100.0,3.0
2001-04-13 20:30:00,0.0,0.0,0.0,0.0,20.0,27.0,0.0,100.0,3.0
2001-04-13 21:30:00,0.0,0.0,0.0,0.0,20.0,27.0,0.0,100.0,3.0
2001-04-13 22:30:00,0.0,0.0,0.0,0.0,20.0,27.0,0.0,100.0,3.0
2001-04-13 23:30:00,0.0,0.0,0.0,0.0,20.0,27.0,0.0,100.0,3.0
2001-04-14 00:30:00,0.0,0.0,0.0,0.0,20.0,27.0,0.0,100.0,3.0
2001-04-14 01:30:00,0.0,0.0,0.0,0.0,20.0,27.0,0.0,100.0,3.0
2001-04-14 02:30:00,200.16414953302592,200.16414953302592,0.0,0.0,20.0,27.0,0.0,100.0,1.0
2001-04-14 03:30:00,333.6006846942255,333.6006846942255,0.0,0.0,20.0,27.0,0.0,100.0,1.0
2001-04-14 04:30:00,427.943284711635,427.943284711635,0.0,0.0,20.0,27.0,0.0,100.0,1.0
2001-04-14 05:30:00,490.6570665225627,490.6570665225627,0.0,0.0,20.0,27.0,0.0,100.0,1.0
2001-04-14 06:30:00,490.95529993022865,490.95529993022865,0.0,0.0,20.0,27.0,0.0,100.0,1.0
2001-04-14 07:30:00,247.9902319954781,247.9902319954781,0.0,0.0,20.0,27.0,0.0,100.0,1.0
2001-04-14 08:30:00,0.0,0.0,0.0,0.0,20.0,27.0,0.0,100.0,3.0
2001-04-14 09:30:00,0.0,0.0,0.0,0.0,20.0,27.0,0.0,100.0,3.0
2001-04-14 10:30:00,0.0,0.0,0.0,0.0,20.0,27.0,0.0,100.0,3.0
2001-04-14 11:30:00,0.0,0.0,0.0,0.0,20.0,27.0,0.0,100.0,3.0
2001-04-14 12:30:00,0.0,0.0,0.0,0.0,20.0,27.0,0.0,100.0,3.0
2001-04-14 13:30:00,0.0,0.0,0.0,0.0,20.0,27.0,0.0,100.0,3.0
2001-04-14 14:30:00,-372.0553890082256,-372.0553890082256,0.0,0.0,20.0,27.0,0.0,100.0,-1.0
2001-04-14 15:30:00,-553.4988324798733,-553.4988324798733,0.0,0.0,20.0,27.0,0.0,100.0,-1.0
2001-04-14 16:30:00,-424.6807028768935,-424.6807028768935,0.0,0.0,20.0,27.0,0.0,100.0,-1.0
2001-04-14 17:30:00,-228.2956628465372,-228.2956628465372,0.0,0.0,20.0,27.0,0.0,100.0,-1.0
2001-04-14 18:30:00,0.0,0.0,0.0,0.0,20.0,27.0,0.0,100.0,3.0
2001-04-14 19:30:00,0.0,0.0,0.0,0.0,20.0,27.0,0.0,100.0,3.0
2001-04-14 20:30:00,0.0,0.0,0.0,0.0,20.0,27.0,0.0,100.0,3.0
2001-04-14 21:30:00,0.0,0.0,0.0,0.0,20.0,27.0,0.0,100.0,3.0
2001-04-14 22:30:00,0.0,0.0,0.0,0.0,20.0,27.0,0.0,100.0,3.0
2001-04-14 23:30:00,0.0,0.0,0.0,0.0,20.0,27.0,0.0,100.0,3.0
2001-04-15 00:30:00,0.0,0.0,0.0,0.0,20.0,27.0,0.0,100.0,3.0
2001-04-15 01:30:00,230.97965748476054,230.97965748476054,0.0,0.0,20.0,27.0,0.0,100.0,1.0
2001-04-15 02:30:00,463.8478559957093,463.8478559957093,0.0,0.0,20.0,27.0,0.0,100.0,1.0
2001-04-15 03:30:00,637.9800112169487,637.9800112169487,0.0,0.0,20.0,27.0,0.0,100.0,1.0
2001-04-15 04:30:00,782.746140255319,782.746140255319,0.0,0.0,20.0,27.0,0.0,100.0,1.0
2001-04-15 05:30:00,898.0275364173467,898.0275364173467,0.0,0.0,20.0,27.0,0.0,100.0,1.0
2001-04-15 06:30:00,880.5336464659213,880.5336464659213,0.0,0.0,20.0,27.0,0.0,100.0,1.0
2001-04-15 07:30:00,588.8182269443805,588.8182269443805,0.0,0.0,20.0,27.0,0.0,100.0,1.0
2001-04-15 08:30:00,213.57675680632292,213.57675680632292,0.0,0.0,20.0,27.0,0.0,100.0,1.0
2001-04-15 09:30:00,0.0,0.0,0.0,0.0,20.0,27.0,0.0,100.0,3.0
2001-04-15 10:30:00,0.0,0.0,0.0,0.0,20.0,27.0,0.0,100.0,3.0
2001-04-15 11:30:00,0.0,0.0,0.0,0.0,20.0,27.0,0.0,100.0,3.0
2001-04-15 12:30:00,-502.0130764550986,-502.0130764550986,0.0,0.0,20.0,27.0,0.0,100.0,-1.0
2001-04-15 13:30:00,-1080.4487621711496,-1080.4487621711496,0.0,0.0,20.0,27.0,0.0,100.0,-1.0
2001-04-15 14:30:00,-1309.3661857554443,-1309.3661857554443,0.0,0.0,20.0,27.0,0.0,100.0,-1.0
2001-04-15 15:30:00,-1322.1678779150998,-1322.1678779150998,0.0,0.0,20.0,27.0,0.0,100.0,-1.0
2001-04-15 16:30:00,-1089.705571705853,-1089.705571705853,0.0,0.0,20.0,27.0,0.0,100.0,-1.0
2001-04-15 17:30:00,-707.1850125965457,-707.1850125965457,0.0,0.0,20.0,27.0,0.0,100.0,-1.0
2001-04-15 18:30:00,-255.0972391396126,-255.0972391396126,0.0,0.0,20.0,27.0,0.0,100.0,-1.0
2001-04-15 19:30:00,0.0,0.0,0.0,0.0,20.0,27.0,0.0,100.0,3.0
2001-04-15 20:30:00,0.0,0.0,0.0,0.0,20.0,27.0,0.0,100.0,3.0
2001-04-15 21:30:00,0.0,0.0,0.0,0.0,20.0,27.0,0.0,100.0,3.0
2001-04-15 22:30:00,0.0,0.0,0.0,0.0,20.0,27.0,0.0,100.0,3.0
2001-04-15 23:30:00,0.0,0.0,0.0,0.0,20.0,27.0,0.0,100.0,3.0
2001-04-16 00:30:00,111.60342809253143,111.60342809253143,0.0,0.0,20.0,27.0,0.0,100.0,1.0
2001-04-16 01:30:00,410.97720610823853,410.97720610823853,0.0,0.0,20.0,27.0,0.0,100.0,1.0
2001-04-16 02:30:00,596.7486567015949,596.7486567015949,0.0,0.0,20.0,27.0,0.0,100.0,1.0
2001-04-16 03:30:00,734.0270154471227,734.0270154471227,0.0,0.0,20.0,27.0,0.0,100.0,1.0
2001-04-16 04:30:00,849.0845982667161,849.0845982667161,0.0,0.0,20.0,27.0,0.0,100.0,1.0
2001-04-16 05:30:00,939.8462776380311,939.8462776380311,0.0,0.0,20.0,27.0,0.0,100.0,1.0
2001-04-16 06:30:00,899.8325484783545,899.8325484783545,0.0,0.0,20.0,27.0,0.0,100.0,1.0
2001-04-16 07:30:00,576.4636116742768,576.4636116742768,0.0,0.0,20.0,27.0,0.0,100.0,1.0
2001-04-16 08:30:00,226.4830146258064,226.4830146258064,0.0,0.0,20.0,27.0,0.0,100.0,1.0
2001-04-16 09:30:00,0.0,0.0,0.0,0.0,20.0,27.0,0.0,100.0,3.0
2001-04-16 10:30:00,0.0,0.0,0.0,0.0,20.0,27.0,0.0,100.0,3.0
2001-04-16 11:30:00,0.0,0.0,0.0,0.0,20.0,27.0,0.0,100.0,3.0
2001-04-16 12:30:00,-385.2749328313903,-385.2749328313903,0.0,0.0,20.0,27.0,0.0,100.0,-1.0
2001-04-16 13:30:00,-975.5842649589367,-975.5842649589367,0.0,0.0,20.0,27.0,0.0,100.0,-1.0
2001-04-16 14:30:00,-1148.5119371518058,-1148.5119371518058,0.0,0.0,20.0,27.0,0.0,100.0,-1.0
2001-04-16 15:30:00,-1099.5853714109699,-1099.5853714109699,0.0,0.0,20.0,27.0,0.0,100.0,-1.0
2001-04-16 16:30:00,-860.6644453829749,-860.6644453829749,0.0,0.0,20.0,27.0,0.0,100.0,-1.0
2001-04-16 17:30:00,-496.10663577740615,-496.10663577740615,0.0,0.0,20.0,27.0,0.0,100.0,-1.0
2001-04-16 18:30:00,-69.42605969166289,-69.42605969166289,0.0,0.0,20.0,27.0,0.0,100.0,-1.0
2001-04-16 19:30:00,0.0,0.0,0.0,0.0,20.0,27.0,0.0,100.0,3.0
2001-04-16 20:30:00,0.0,0.0,0.0,0.0,20.0,27.0,0.0,100.0,3.0
2001-04-16 21:30:00,0.0,0.0,0.0,0.0,20.0,27.0,0.0,100.0,3.0
2001-04-16 22:30:00,0.0,0.0,0.0,0.0,20.0,27.0,0.0,100.0,3.0
2001-04-16 23:30:00,0.0,0.0,0.0,0.0,20.0,27.0,0.0,100.0,3.0
2001-04-17 00:30:00,181.20326541194027,181.20326541194027,0.0,0.0,20.0,27.0,0.0,100.0,1.0
2001-04-17 01:30:00,420.30378787825066,420.30378787825066,0.0,0.0,20.0,27.0,0.0,100.0,1.0
2001-04-17 02:30:00,567.9008987697825,567.9008987697825,0.0,0.0,20.0,27.0,0.0,100.0,1.0
2001-04-17 03:30:00,675.6167312717298,675.6167312717298,0.0,0.0,20.0,27.0,0.0,100.0,1.0
2001-04-17 04:30:00,755.5831248012128,755.5831248012128,0.0,0.0,20.0,27.0,0.0,100.0,1.0
2001-04-17 05:30:00,816.6597720954533,816.6597720954533,0.0,0.0,20.0,27.0,0.0,100.0,1.0
2001-04-17 06:30:00,782.5326934024924,782.5326934024924,0.0,0.0,20.0,27.0,0.0,100.0,1.0
2001-04-17 07:30:00,571.2880398978568,571.2880398978568,0.0,0.0,20.0,27.0,0.0,100.0,1.0
2001-04-17 08:30:00,271.4232413017362,271.4232413017362,0.0,0.0,20.0,27.0,0.0,100.0,1.0
2001-04-17 09:30:00,0.0,0.0,0.0,0.0,20.0,27.0,0.0,100.0,3.0
2001-04-17 10:30:00,0.0,0.0,0.0,0.0,20.0,27.0,0.0,100.0,3.0
2001-04-17 11:30:00,0.0,0.0,0.0,0.0,20.0,27.0,0.0,100.0,3.0
2001-04-17 12:30:00,-175.90948609528095,-175.90948609528095,0.0,0.0,20.0,27.0,0.0,100.0,-1.0
2001-04-17 13:30:00,-831.167932434365,-831.167932434365,0.0,0.0,20.0,27.0,0.0,100.0,-1.0
2001-04-17 14:30:00,-1102.1678180109147,-1102.1678180109147,0.0,0.0,20.0,27.0,0.0,100.0,-1.0
2001-04-17 15:30:00,-1156.0819447821914,-1156.0819447821914,0.0,0.0,20.0,27.0,0.0,100.0,-1.0
2001-04-17 16:30:00,-997.7785490418983,-997.7785490418983,0.0,0.0,20.0,27.0,0.0,100.0,-1.0
2001-04-17 17:30:00,-679.3387088783702,-679.3387088783702,0.0,0.0,20.0,27.0,0.0,100.0,-1.0
2001-04-17 18:30:00,-300.8551414763506,-300.8551414763506,0.0,0.0,20.0,27.0,0.0,100.0,-1.0
2001-04-17 19:30:00,0.0,0.0,0.0,0.0,20.0,27.0,0.0,100.0,3.0
2001-04-17 20:30:00,0.0,0.0,0.0,0.0,20.0,27.0,0.0,100.0,3.0
2001-04-17 21:30:00,0.0,0.0,0.0,0.0,20.0,27.0,0.0,100.0,3.0
2001-04-17 22:30:00,0.0,0.0,0.0,0.0,20.0,27.0,0.0,100.0,3.0
2001-04-17 23:30:00,0.0,0.0,0.0,0.0,20.0,27.0,0.0,100.0,3.0
2001-04-18 00:30:00,0.0,0.0,0.0,0.0,20.0,27.0,0.0,100.0,3.0
2001-04-18 01:30:00,332.22665766030605,332.22665766030605,0.0,0.0,20.0,27.0,0.0,100.0,1.0
2001-04-18 02:30:00,557.1268919219156,557.1268919219156,0.0,0.0,20.0,27.0,0.0,100.0,1.0
2001-04-18 03:30:00,731.41030843109,731.41030843109,0.0,0.0,20.0,27.0,0.0,100.0,1.0
2001-04-18 04:30:00,873.0728932138627,873.0728932138627,0.0,0.0,20.0,27.0,0.0,100.0,1.0
2001-04-18 05:30:00,987.8525881061587,987.8525881061587,0.0,0.0,20.0,27.0,0.0,100.0,1.0
2001-04-18 06:30:00,994.9046919052325,994.9046919052325,0.0,0.0,20.0,27.0,0.0,100.0,1.0
2001-04-18 07:30:00,813.2316655596214,813.2316655596214,0.0,0.0,20.0,27.0,0.0,100.0,1.0
2001-04-18 08:30:00,472.8266326995672,472.8266326995672,0.0,0.0,20.0,27.0,0.0,100.0,1.0
2001-04-18 09:30:00,63.67863528441649,63.67863528441649,0.0,0.0,20.0,27.0,0.0,100.0,1.0
2001-04-18 10:30:00,0.0,0.0,0.0,0.0,20.0,27.0,0.0,100.0,3.0
2001-04-18 11:30:00,0.0,0.0,0.0,0.0,20.0,27.0,0.0,100.0,3.0
2001-04-18 12:30:00,0.0,0.0,0.0,0.0,20.0,27.0,0.0,100.0,3.0
2001-04-18 13:30:00,-434.1811392986119,-434.1811392986119,0.0,0.0,20.0,27.0,0.0,100.0,-1.0
2001-04-18 14:30:00,-761.0192112759896,-761.0192112759896,0.0,0.0,20.0,27.0,0.0,100.0,-1.0
2001-04-18 15:30:00,-796.8217493684942,-796.8217493684942,0.0,0.0,20.0,27.0,0.0,100.0,-1.0
2001-04-18 16:30:00,-676.7672566857773,-676.7672566857773,0.0,0.0,20.0,27.0,0.0,100.0,-1.0
2001-04-18 17:30:00,-378.04975804471087,-378.04975804471087,0.0,0.0,20.0,27.0,0.0,100.0,-1.0
2001-04-18 18:30:00,0.0,0.0,0.0,0.0,20.0,27.0,0.0,100.0,3.0
2001-04-18 19:30:00,0.0,0.0,0.0,0.0,20.0,27.0,0.0,100.0,3.0
2001-04-18 20:30:00,0.0,0.0,0.0,0.0,20.0,27.0,0.0,100.0,3.0
2001-04-18 21:30:00,0.0,0.0,0.0,0.0,20.0,27.0,0.0,100.0,3.0
2001-04-18 22:30:00,0.0,0.0,0.0,0.0,20.0,27.0,0.0,100.0,3.0
2001-04-18 23:30:00,245.28106918986487,245.28106918986487,0.0,0.0,20.0,27.0,0.0,100.0,1.0
2001-04-19 00:30:00,566.2470400898428,566.2470400898428,0.0,0.0,20.0,27.0,0.0,100.0,1.0
2001-04-19 01:30:00,774.6845390143399,774.6845390143399,0.0,0.0,20.0,27.0,0.0,100.0,1.0
2001-04-19 02:30:00,938.3806550922336,938.3806550922336,0.0,0.0,20.0,27.0,0.0,100.0,1.0
2001-04-19 03:30:00,1076.0984018476502,1076.0984018476502,0.0,0.0,20.0,27.0,0.0,100.0,1.0
2001-04-19 04:30:00,1201.6298191550113,1201.6298191550113,0.0,0.0,20.0,27.0,0.0,100.0,1.0
2001-04-19 05:30:00,1303.9390107649951,1303.9390107649951,0.0,0.0,20.0,27.0,0.0,100.0,1.0
2001-04-19 06:30:00,1256.2218709641957,1256.2218709641957,0.0,0.0,20.0,27.0,0.0,100.0,1.0
2001-04-19 07:30:00,930.9141020785282,930.9141020785282,0.0,0.0,20.0,27.0,0.0,100.0,1.0
2001-04-19 08:30:00,540.6221327721541,540.6221327721541,0.0,0.0,20.0,27.0,0.0,100.0,1.0
2001-04-19 09:30:00,47.132317506149775,47.132317506149775,0.0,0.0,20.0,27.0,0.0,100.0,1.0
2001-04-19 10:30:00,0.0,0.0,0.0,0.0,20.0,27.0,0.0,100.0,3.0
2001-04-19 11:30:00,0.0,0.0,0.0,0.0,20.0,27.0,0.0,100.0,3.0
2001-04-19 12:30:00,0.0,0.0,0.0,0.0,20.0,27.0,0.0,100.0,3.0
2001-04-19 13:30:00,-385.60344750020613,-385.60344750020613,0.0,0.0,20.0,27.0,0.0,100.0,-1.0
2001-04-19 14:30:00,-670.9189910740124,-670.9189910740124,0.0,0.0,20.0,27.0,0.0,100.0,-1.0
2001-04-19 15:30:00,-600.9465824253157,-600.9465824253157,0.0,0.0,20.0,27.0,0.0,100.0,-1.0
2001-04-19 16:30:00,-425.88786360205904,-425.88786360205904,0.0,0.0,20.0,27.0,0.0,100.0,-1.0
2001-04-19 17:30:00,-107.90461581744239,-107.90461581744239,0.0,0.0,20.0,27.0,0.0,100.0,-1.0
2001-04-19 18:30:00,0.0,0.0,0.0,0.0,20.0,27.0,0.0,100.0,3.0
2001-04-19 19:30:00,0.0,0.0,0.0,0.0,20.0,27.0,0.0,100.0,3.0
2001-04-19 20:30:00,0.0,0.0,0.0,0.0,20.0,27.0,0.0,100.0,3.0
2001-04-19 21:30:00,0.0,0.0,0.0,0.0,20.0,27.0,0.0,100.0,3.0
2001-04-19 22:30:00,283.2405521380115,283.2405521380115,0.0,0.0,20.0,27.0,0.0,100.0,1.0
2001-04-19 23:30:00,570.9613530670213,570.9613530670213,0.0,0.0,20.0,27.0,0.0,100.0,1.0
2001-04-20 00:30:00,750.0466677848171,750.0466677848171,0.0,0.0,20.0,27.0,0.0,100.0,1.0
2001-04-20 01:30:00,865.7264419309395,865.7264419309395,0.0,0.0,20.0,27.0,0.0,100.0,1.0
2001-04-20 02:30:00,946.1300344809188,946.1300344809188,0.0,0.0,20.0,27.0,0.0,100.0,1.0
2001-04-20 03:30:00,1009.2007380756186,1009.2007380756186,0.0,0.0,20.0,27.0,0.0,100.0,1.0
2001-04-20 04:30:00,1060.9831657561754,1060.9831657561754,0.0,0.0,20.0,27.0,0.0,100.0,1.0
2001-04-20 05:30:00,1098.2310044506585,1098.2310044506585,0.0,0.0,20.0,27.0,0.0,100.0,1.0
2001-04-20 06:30:00,1054.0957933302761,1054.0957933302761,0.0,0.0,20.0,27.0,0.0,100.0,1.0
2001-04-20 07:30:00,804.6523164254377,804.6523164254377,0.0,0.0,20.0,27.0,0.0,100.0,1.0
2001-04-20 08:30:00,344.12332912301736,344.12332912301736,0.0,0.0,20.0,27.0,0.0,100.0,1.0
2001-04-20 09:30:00,0.0,0.0,0.0,0.0,20.0,27.0,0.0,100.0,3.0
2001-04-20 10:30:00,0.0,0.0,0.0,0.0,20.0,27.0,0.0,100.0,3.0
2001-04-20 11:30:00,0.0,0.0,0.0,0.0,20.0,27.0,0.0,100.0,3.0
2001-04-20 12:30:00,0.0,0.0,0.0,0.0,20.0,27.0,0.0,100.0,3.0
2001-04-20 13:30:00,-205.355903779433,-205.355903779433,0.0,0.0,20.0,27.0,0.0,100.0,-1.0
2001-04-20 14:30:00,-486.92044297802295,-486.92044297802295,0.0,0.0,20.0,27.0,0.0,100.0,-1.0
2001-04-20 15:30:00,-475.4992081504124,-475.4992081504124,0.0,0.0,20.0,27.0,0.0,100.0,-1.0
2001-04-20 16:30:00,-231.29737118921457,-231.29737118921457,0.0,0.0,20.0,27.0,0.0,100.0,-1.0
2001-04-20 17:30:00,0.0,0.0,0.0,0.0,20.0,27.0,0.0,100.0,3.0
2001-04-20 18:30:00,0.0,0.0,0.0,0.0,20.0,27.0,0.0,100.0,3.0
2001-04-20 19:30:00,0.0,0.0,0.0,0.0,20.0,27.0,0.0,100.0,3.0
2001-04-20 20:30:00,0.0,0.0,0.0,0.0,20.0,27.0,0.0,100.0,3.0
2001-04-20 21:30:00,0.0,0.0,0.0,0.0,20.0,27.0,0.0,100.0,3.0
2001-04-20 22:30:00,191.63507967616624,191.63507967616624,0.0,0.0,20.0,27.0,0.0,100.0,1.0
2001-04-20 23:30:00,484.4249769911539,484.4249769911539,0.0,0.0,20.0,27.0,0.0,100.0,1.0
2001-04-21 00:30:00,668.6221737010183,668.6221737010183,0.0,0.0,20.0,27.0,0.0,100.0,1.0
2001-04-21 01:30:00,801.5184879553881,801.5184879553881,0.0,0.0,20.0,27.0,0.0,100.0,1.0
2001-04-21 02:30:00,907.7109296589751,907.7109296589751,0.0,0.0,20.0,27.0,0.0,100.0,1.0
2001-04-21 03:30:00,997.336929586083,997.336929586083,0.0,0.0,20.0,27.0,0.0,100.0,1.0
2001-04-21 04:30:00,1083.0547386500812,1083.0547386500812,0.0,0.0,20.0,27.0,0.0,100.0,1.0
2001-04-21 05:30:00,1148.6956910021545,1148.6956910021545,0.0,0.0,20.0,27.0,0.0,100.0,1.0
2001-04-21 06:30:00,1101.800292481159,1101.800292481159,0.0,0.0,20.0,27.0,0.0,100.0,1.0
2001-04-21 07:30:00,793.8393481345147,793.8393481345147,0.0,0.0,20.0,27.0,0.0,100.0,1.0
2001-04-21 08:30:00,413.1850061842697,413.1850061842697,0.0,0.0,20.0,27.0,0.0,100.0,1.0
2001-04-21 09:30:00,0.0,0.0,0.0,0.0,20.0,27.0,0.0,100.0,3.0
2001-04-21 10:30:00,0.0,0.0,0.0,0.0,20.0,27.0,0.0,100.0,3.0
2001-04-21 11:30:00,0.0,0.0,0.0,0.0,20.0,27.0,0.0,100.0,3.0
2001-04-21 12:30:00,0.0,0.0,0.0,0.0,20.0,27.0,0.0,100.0,3.0
2001-04-21 13:30:00,-109.80614755682655,-109.80614755682655,0.0,0.0,20.0,27.0,0.0,100.0,-1.0
2001-04-21 14:30:00,-209.22034408633954,-209.22034408633954,0.0,0.0,20.0,27.0,0.0,100.0,-1.0
2001-04-21 15:30:00,-16.418515885337,-16.418515885337,0.0,0.0,20.0,27.0,0.0,100.0,-1.0
2001-04-21 16:30:00,0.0,0.0,0.0,0.0,20.0,27.0,0.0,100.0,3.0
2001-04-21 17:30:00,0.0,0.0,0.0,0.0,20.0,27.0,0.0,100.0,3.0
2001-04-21 18:30:00,0.0,0.0,0.0,0.0,20.0,27.0,0.0,100.0,3.0
2001-04-21 19:30:00,0.0,0.0,0.0,0.0,20.0,27.0,0.0,100.0,3.0
2001-04-21 20:30:00,0.0,0.0,0.0,0.0,20.0,27.0,0.0,100.0,3.0
2001-04-21 21:30:00,181.1459166615232,181.1459166615232,0.0,0.0,20.0,27.0,0.0,100.0,1.0
2001-04-21 22:30:00,502.1523318160025,502.1523318160025,0.0,0.0,20.0,27.0,0.0,100.0,1.0
2001-04-21 23:30:00,693.8026983413456,693.8026983413456,0.0,0.0,20.0,27.0,0.0,100.0,1.0
2001-04-22 00:30:00,828.8706552155627,828.8706552155627,0.0,0.0,20.0,27.0,0.0,100.0,1.0
2001-04-22 01:30:00,929.814181963131,929.814181963131,0.0,0.0,20.0,27.0,0.0,100.0,1.0
2001-04-22 02:30:00,1009.7669723970321,1009.7669723970321,0.0,0.0,20.0,27.0,0.0,100.0,1.0
2001-04-22 03:30:00,1080.4424181598042,1080.4424181598042,0.0,0.0,20.0,27.0,0.0,100.0,1.0
2001-04-22 04:30:00,1147.055707208846,1147.055707208846,0.0,0.0,20.0,27.0,0.0,100.0,1.0
2001-04-22 05:30:00,1201.0423149927228,1201.0423149927228,0.0,0.0,20.0,27.0,0.0,100.0,1.0
2001-04-22 06:30:00,1160.929589188203,1160.929589188203,0.0,0.0,20.0,27.0,0.0,100.0,1.0
2001-04-22 07:30:00,848.0924889792313,848.0924889792313,0.0,0.0,20.0,27.0,0.0,100.0,1.0
2001-04-22 08:30:00,396.60017414476897,396.60017414476897,0.0,0.0,20.0,27.0,0.0,100.0,1.0
2001-04-22 09:30:00,0.0,0.0,0.0,0.0,20.0,27.0,0.0,100.0,3.0
2001-04-22 10:30:00,0.0,0.0,0.0,0.0,20.0,27.0,0.0,100.0,3.0
2001-04-22 11:30:00,0.0,0.0,0.0,0.0,20.0,27.0,0.0,100.0,3.0
2001-04-22 12:30:00,-60.45178828116059,-60.45178828116059,0.0,0.0,20.0,27.0,0.0,100.0,-1.0
2001-04-22 13:30:00,-645.5745206396068,-645.5745206396068,0.0,0.0,20.0,27.0,0.0,100.0,-1.0
2001-04-22 14:30:00,-883.773164477886,-883.773164477886,0.0,0.0,20.0,27.0,0.0,100.0,-1.0
2001-04-22 15:30:00,-909.1253296803816,-909.1253296803816,0.0,0.0,20.0,27.0,0.0,100.0,-1.0
2001-04-22 16:30:00,-815.3429433567244,-815.3429433567244,0.0,0.0,20.0,27.0,0.0,100.0,-1.0
2001-04-22 17:30:00,-528.4596857434763,-528.4596857434763,0.0,0.0,20.0,27.0,0.0,100.0,-1.0
2001-04-22 18:30:00,-117.6583952844203,-117.6583952844203,0.0,0.0,20.0,27.0,0.0,100.0,-1.0
2001-04-22 19:30:00,0.0,0.0,0.0,0.0,20.0,27.0,0.0,100.0,3.0
2001-04-22 20:30:00,0.0,0.0,0.0,0.0,20.0,27.0,0.0,100.0,3.0
2001-04-22 21:30:00,0.0,0.0,0.0,0.0,20.0,27.0,0.0,100.0,3.0
2001-04-22 22:30:00,0.0,0.0,0.0,0.0,20.0,27.0,0.0,100.0,3.0
2001-04-22 23:30:00,0.0,0.0,0.0,0.0,20.0,27.0,0.0,100.0,3.0
2001-04-23 00:30:00,301.75988099975984,301.75988099975984,0.0,0.0,20.0,27.0,0.0,100.0,1.0
2001-04-23 01:30:00,534.9153272904277,534.9153272904277,0.0,0.0,20.0,27.0,0.0,100.0,1.0
2001-04-23 02:30:00,694.8367109717656,694.8367109717656,0.0,0.0,20.0,27.0,0.0,100.0,1.0
2001-04-23 03:30:00,822.3130345443697,822.3130345443697,0.0,0.0,20.0,27.0,0.0,100.0,1.0
2001-04-23 04:30:00,926.4564215596092,926.4564215596092,0.0,0.0,20.0,27.0,0.0,100.0,1.0
2001-04-23 05:30:00,1000.3184065678688,1000.3184065678688,0.0,0.0,20.0,27.0,0.0,100.0,1.0
2001-04-23 06:30:00,911.0673814032407,911.0673814032407,0.0,0.0,20.0,27.0,0.0,100.0,1.0
2001-04-23 07:30:00,593.9141630423837,593.9141630423837,0.0,0.0,20.0,27.0,0.0,100.0,1.0
2001-04-23 08:30:00,194.38223877439486,194.38223877439486,0.0,0.0,20.0,27.0,0.0,100.0,1.0
2001-04-23 09:30:00,0.0,0.0,0.0,0.0,20.0,27.0,0.0,100.0,3.0
2001-04-23 10:30:00,0.0,0.0,0.0,0.0,20.0,27.0,0.0,100.0,3.0
2001-04-23 11:30:00,0.0,0.0,0.0,0.0,20.0,27.0,0.0,100.0,3.0
2001-04-23 12:30:00,-287.35245766776916,-287.35245766776916,0.0,0.0,20.0,27.0,0.0,100.0,-1.0
2001-04-23 13:30:00,-804.1476117302454,-804.1476117302454,0.0,0.0,20.0,27.0,0.0,100.0,-1.0
2001-04-23 14:30:00,-1022.6552036221719,-1022.6552036221719,0.0,0.0,20.0,27.0,0.0,100.0,-1.0
2001-04-23 15:30:00,-1058.0718083492857,-1058.0718083492857,0.0,0.0,20.0,27.0,0.0,100.0,-1.0
2001-04-23 16:30:00,-943.6911030113542,-943.6911030113542,0.0,0.0,20.0,27.0,0.0,100.0,-1.0
2001-04-23 17:30:00,-652.8165204508159,-652.8165204508159,0.0,0.0,20.0,27.0,0.0,100.0,-1.0
2001-04-23 18:30:00,-249.41573685825915,-249.41573685825915,0.0,0.0,20.0,27.0,0.0,100.0,-1.0
2001-04-23 19:30:00,0.0,0.0,0.0,0.0,20.0,27.0,0.0,100.0,3.0
2001-04-23 20:30:00,0.0,0.0,0.0,0.0,20.0,27.0,0.0,100.0,3.0
2001-04-23 21:30:00,0.0,0.0,0.0,0.0,20.0,27.0,0.0,100.0,3.0
2001-04-23 22:30:00,0.0,0.0,0.0,0.0,20.0,27.0,0.0,100.0,3.0
2001-04-23 23:30:00,0.0,0.0,0.0,0.0,20.0,27.0,0.0,100.0,3.0
2001-04-24 00:30:00,94.40779302495139,94.40779302495139,0.0,0.0,20.0,27.0,0.0,100.0,1.0
2001-04-24 01:30:00,421.01794347395116,421.01794347395116,0.0,0.0,20.0,27.0,0.0,100.0,1.0
2001-04-24 02:30:00,620.7320154560375,620.7320154560375,0.0,0.0,20.0,27.0,0.0,100.0,1.0
2001-04-24 03:30:00,778.6754137008611,778.6754137008611,0.0,0.0,20.0,27.0,0.0,100.0,1.0
2001-04-24 04:30:00,906.9439458853903,906.9439458853903,0.0,0.0,20.0,27.0,0.0,100.0,1.0
2001-04-24 05:30:00,1007.1709652129703,1007.1709652129703,0.0,0.0,20.0,27.0,0.0,100.0,1.0
2001-04-24 06:30:00,988.7957240060696,988.7957240060696,0.0,0.0,20.0,27.0,0.0,100.0,1.0
2001-04-24 07:30:00,829.7365738161352,829.7365738161352,0.0,0.0,20.0,27.0,0.0,100.0,1.0
2001-04-24 08:30:00,470.6750515361591,470.6750515361591,0.0,0.0,20.0,27.0,0.0,100.0,1.0
2001-04-24 09:30:00,38.762441704069715,38.762441704069715,0.0,0.0,20.0,27.0,0.0,100.0,1.0
2001-04-24 10:30:00,0.0,0.0,0.0,0.0,20.0,27.0,0.0,100.0,3.0
2001-04-24 11:30:00,0.0,0.0,0.0,0.0,20.0,27.0,0.0,100.0,3.0
2001-04-24 12:30:00,0.0,0.0,0.0,0.0,20.0,27.0,0.0,100.0,3.0
2001-04-24 13:30:00,-358.6127726973782,-358.6127726973782,0.0,0.0,20.0,27.0,0.0,100.0,-1.0
2001-04-24 14:30:00,-702.5382467497266,-702.5382467497266,0.0,0.0,20.0,27.0,0.0,100.0,-1.0
2001-04-24 15:30:00,-757.8256329060541,-757.8256329060541,0.0,0.0,20.0,27.0,0.0,100.0,-1.0
2001-04-24 16:30:00,-641.3242877072435,-641.3242877072435,0.0,0.0,20.0,27.0,0.0,100.0,-1.0
2001-04-24 17:30:00,-311.6776460584342,-311.6776460584342,0.0,0.0,20.0,27.0,0.0,100.0,-1.0
2001-04-24 18:30:00,0.0,0.0,0.0,0.0,20.0,27.0,0.0,100.0,3.0
2001-04-24 19:30:00,0.0,0.0,0.0,0.0,20.0,27.0,0.0,100.0,3.0
2001-04-24 20:30:00,0.0,0.0,0.0,0.0,20.0,27.0,0.0,100.0,3.0
2001-04-24 21:30:00,0.0,0.0,0.0,0.0,20.0,27.0,0.0,100.0,3.0
2001-04-24 22:30:00,0.0,0.0,0.0,0.0,20.0,27.0,0.0,100.0,3.0
2001-04-24 23:30:00,0.0,0.0,0.0,0.0,20.0,27.0,0.0,100.0,3.0
2001-04-25 00:30:00,298.88009749790035,298.88009749790035,0.0,0.0,20.0,27.0,0.0,100.0,1.0
2001-04-25 01:30:00,477.0269341222074,477.0269341222074,0.0,0.0,20.0,27.0,0.0,100.0,1.0
2001-04-25 02:30:00,597.4081171314247,597.4081171314247,0.0,0.0,20.0,27.0,0.0,100.0,1.0
2001-04-25 03:30:00,686.2685529284936,686.2685529284936,0.0,0.0,20.0,27.0,0.0,100.0,1.0
2001-04-25 04:30:00,756.4480347334284,756.4480347334284,0.0,0.0,20.0,27.0,0.0,100.0,1.0
2001-04-25 05:30:00,804.5163585866967,804.5163585866967,0.0,0.0,20.0,27.0,0.0,100.0,1.0
2001-04-25 06:30:00,749.3191284626218,749.3191284626218,0.0,0.0,20.0,27.0,0.0,100.0,1.0
2001-04-25 07:30:00,548.6523861438945,548.6523861438945,0.0,0.0,20.0,27.0,0.0,100.0,1.0
2001-04-25 08:30:00,289.83120875287295,289.83120875287295,0.0,0.0,20.0,27.0,0.0,100.0,1.0
2001-04-25 09:30:00,0.0,0.0,0.0,0.0,20.0,27.0,0.0,100.0,3.0
2001-04-25 10:30:00,0.0,0.0,0.0,0.0,20.0,27.0,0.0,100.0,3.0
2001-04-25 11:30:00,0.0,0.0,0.0,0.0,20.0,27.0,0.0,100.0,3.0
2001-04-25 12:30:00,0.0,0.0,0.0,0.0,20.0,27.0,0.0,100.0,3.0
2001-04-25 13:30:00,-23.58605776339664,-23.58605776339664,0.0,0.0,20.0,27.0,0.0,100.0,-1.0
2001-04-25 14:30:00,-461.67110231747665,-461.67110231747665,0.0,0.0,20.0,27.0,0.0,100.0,-1.0
2001-04-25 15:30:00,-647.160400731701,-647.160400731701,0.0,0.0,20.0,27.0,0.0,100.0,-1.0
2001-04-25 16:30:00,-638.3320342749239,-638.3320342749239,0.0,0.0,20.0,27.0,0.0,100.0,-1.0
2001-04-25 17:30:00,-443.1172187078146,-443.1172187078146,0.0,0.0,20.0,27.0,0.0,100.0,-1.0
2001-04-25 18:30:00,-128.92097547110552,-128.92097547110552,0.0,0.0,20.0,27.0,0.0,100.0,-1.0
2001-04-25 19:30:00,0.0,0.0,0.0,0.0,20.0,27.0,0.0,100.0,3.0
2001-04-25 20:30:00,0.0,0.0,0.0,0.0,20.0,27.0,0.0,100.0,3.0
2001-04-25 21:30:00,0.0,0.0,0.0,0.0,20.0,27.0,0.0,100.0,3.0
2001-04-25 22:30:00,0.0,0.0,0.0,0.0,20.0,27.0,0.0,100.0,3.0
2001-04-25 23:30:00,0.0,0.0,0.0,0.0,20.0,27.0,0.0,100.0,3.0
2001-04-26 00:30:00,75.49211812672911,75.49211812672911,0.0,0.0,20.0,27.0,0.0,100.0,1.0
2001-04-26 01:30:00,377.26982991657314,377.26982991657314,0.0,0.0,20.0,27.0,0.0,100.0,1.0
2001-04-26 02:30:00,559.6248554511067,559.6248554511067,0.0,0.0,20.0,27.0,0.0,100.0,1.0
2001-04-26 03:30:00,699.0274762732915,699.0274762732915,0.0,0.0,20.0,27.0,0.0,100.0,1.0
2001-04-26 04:30:00,811.9948553797121,811.9948553797121,0.0,0.0,20.0,27.0,0.0,100.0,1.0
2001-04-26 05:30:00,895.1237914715266,895.1237914715266,0.0,0.0,20.0,27.0,0.0,100.0,1.0
2001-04-26 06:30:00,826.0265373443617,826.0265373443617,0.0,0.0,20.0,27.0,0.0,100.0,1.0
2001-04-26 07:30:00,673.2931847352984,673.2931847352984,0.0,0.0,20.0,27.0,0.0,100.0,1.0
2001-04-26 08:30:00,412.7246229084294,412.7246229084294,0.0,0.0,20.0,27.0,0.0,100.0,1.0
2001-04-26 09:30:00,0.0,0.0,0.0,0.0,20.0,27.0,0.0,100.0,3.0
2001-04-26 10:30:00,0.0,0.0,0.0,0.0,20.0,27.0,0.0,100.0,3.0
2001-04-26 11:30:00,0.0,0.0,0.0,0.0,20.0,27.0,0.0,100.0,3.0
2001-04-26 12:30:00,0.0,0.0,0.0,0.0,20.0,27.0,0.0,100.0,3.0
2001-04-26 13:30:00,-421.8159378394912,-421.8159378394912,0.0,0.0,20.0,27.0,0.0,100.0,-1.0
2001-04-26 14:30:00,-665.1694933401168,-665.1694933401168,0.0,0.0,20.0,27.0,0.0,100.0,-1.0
2001-04-26 15:30:00,-746.6822493623104,-746.6822493623104,0.0,0.0,20.0,27.0,0.0,100.0,-1.0
2001-04-26 16:30:00,-673.6760208973965,-673.6760208973965,0.0,0.0,20.0,27.0,0.0,100.0,-1.0
2001-04-26 17:30:00,-435.51612580367964,-435.51612580367964,0.0,0.0,20.0,27.0,0.0,100.0,-1.0
2001-04-26 18:30:00,-80.80571151938875,-80.80571151938875,0.0,0.0,20.0,27.0,0.0,100.0,-1.0
2001-04-26 19:30:00,0.0,0.0,0.0,0.0,20.0,27.0,0.0,100.0,3.0
2001-04-26 20:30:00,0.0,0.0,0.0,0.0,20.0,27.0,0.0,100.0,3.0
2001-04-26 21:30:00,0.0,0.0,0.0,0.0,20.0,27.0,0.0,100.0,3.0
2001-04-26 22:30:00,0.0,0.0,0.0,0.0,20.0,27.0,0.0,100.0,3.0
2001-04-26 23:30:00,0.0,0.0,0.0,0.0,20.0,27.0,0.0,100.0,3.0
2001-04-27 00:30:00,196.6195688333919,196.6195688333919,0.0,0.0,20.0,27.0,0.0,100.0,1.0
2001-04-27 01:30:00,437.38820337612196,437.38820337612196,0.0,0.0,20.0,27.0,0.0,100.0,1.0
2001-04-27 02:30:00,588.5645436183931,588.5645436183931,0.0,0.0,20.0,27.0,0.0,100.0,1.0
2001-04-27 03:30:00,702.8752316187874,702.8752316187874,0.0,0.0,20.0,27.0,0.0,100.0,1.0
2001-04-27 04:30:00,795.4642534349532,795.4642534349532,0.0,0.0,20.0,27.0,0.0,100.0,1.0
2001-04-27 05:30:00,858.7745064861765,858.7745064861765,0.0,0.0,20.0,27.0,0.0,100.0,1.0
2001-04-27 06:30:00,766.2952697261298,766.2952697261298,0.0,0.0,20.0,27.0,0.0,100.0,1.0
2001-04-27 07:30:00,462.171675161434,462.171675161434,0.0,0.0,20.0,27.0,0.0,100.0,1.0
2001-04-27 08:30:00,75.8835083798349,75.8835083798349,0.0,0.0,20.0,27.0,0.0,100.0,1.0
2001-04-27 09:30:00,0.0,0.0,0.0,0.0,20.0,27.0,0.0,100.0,3.0
2001-04-27 10:30:00,0.0,0.0,0.0,0.0,20.0,27.0,0.0,100.0,3.0
2001-04-27 11:30:00,0.0,0.0,0.0,0.0,20.0,27.0,0.0,100.0,3.0
2001-04-27 12:30:00,-327.5433286720099,-327.5433286720099,0.0,0.0,20.0,27.0,0.0,100.0,-1.0
2001-04-27 13:30:00,-850.3228278849156,-850.3228278849156,0.0,0.0,20.0,27.0,0.0,100.0,-1.0
2001-04-27 14:30:00,-983.1779747537339,-983.1779747537339,0.0,0.0,20.0,27.0,0.0,100.0,-1.0
2001-04-27 15:30:00,-1010.6769173785424,-1010.6769173785424,0.0,0.0,20.0,27.0,0.0,100.0,-1.0
2001-04-27 16:30:00,-896.2859618428365,-896.2859618428365,0.0,0.0,20.0,27.0,0.0,100.0,-1.0
2001-04-27 17:30:00,-609.5306131157749,-609.5306131157749,0.0,0.0,20.0,27.0,0.0,100.0,-1.0
2001-04-27 18:30:00,-197.72015000728607,-197.72015000728607,0.0,0.0,20.0,27.0,0.0,100.0,-1.0
2001-04-27 19:30:00,0.0,0.0,0.0,0.0,20.0,27.0,0.0,100.0,3.0
2001-04-27 20:30:00,0.0,0.0,0.0,0.0,20.0,27.0,0.0,100.0,3.0
2001-04-27 21:30:00,0.0,0.0,0.0,0.0,20.0,27.0,0.0,100.0,3.0
2001-04-27 22:30:00,0.0,0.0,0.0,0.0,20.0,27.0,0.0,100.0,3.0
2001-04-27 23:30:00,0.0,0.0,0.0,0.0,20.0,27.0,0.0,100.0,3.0
2001-04-28 00:30:00,0.0,0.0,0.0,0.0,20.0,27.0,0.0,100.0,3.0
2001-04-28 01:30:00,201.04090695512969,201.04090695512969,0.0,0.0,20.0,27.0,0.0,100.0,1.0
2001-04-28 02:30:00,406.9038580230317,406.9038580230317,0.0,0.0,20.0,27.0,0.0,100.0,1.0
2001-04-28 03:30:00,544.1406201753816,544.1406201753816,0.0,0.0,20.0,27.0,0.0,100.0,1.0
2001-04-28 04:30:00,644.8929812540337,644.8929812540337,0.0,0.0,20.0,27.0,0.0,100.0,1.0
2001-04-28 05:30:00,709.2551783562167,709.2551783562167,0.0,0.0,20.0,27.0,0.0,100.0,1.0
2001-04-28 06:30:00,594.6342352809697,594.6342352809697,0.0,0.0,20.0,27.0,0.0,100.0,1.0
2001-04-28 07:30:00,212.22602980873035,212.22602980873035,0.0,0.0,20.0,27.0,0.0,100.0,1.0
2001-04-28 08:30:00,0.0,0.0,0.0,0.0,20.0,27.0,0.0,100.0,3.0
2001-04-28 09:30:00,0.0,0.0,0.0,0.0,20.0,27.0,0.0,100.0,3.0
2001-04-28 10:30:00,0.0,0.0,0.0,0.0,20.0,27.0,0.0,100.0,3.0
2001-04-28 11:30:00,0.0,0.0,0.0,0.0,20.0,27.0,0.0,100.0,3.0
2001-04-28 12:30:00,0.0,0.0,0.0,0.0,20.0,27.0,0.0,100.0,3.0
2001-04-28 13:30:00,0.0,0.0,0.0,0.0,20.0,27.0,0.0,100.0,3.0
2001-04-28 14:30:00,0.0,0.0,0.0,0.0,20.0,27.0,0.0,100.0,3.0
2001-04-28 15:30:00,0.0,0.0,0.0,0.0,20.0,27.0,0.0,100.0,3.0
2001-04-28 16:30:00,0.0,0.0,0.0,0.0,20.0,27.0,0.0,100.0,3.0
2001-04-28 17:30:00,0.0,0.0,0.0,0.0,20.0,27.0,0.0,100.0,3.0
2001-04-28 18:30:00,0.0,0.0,0.0,0.0,20.0,27.0,0.0,100.0,3.0
2001-04-28 19:30:00,0.0,0.0,0.0,0.0,20.0,27.0,0.0,100.0,3.0
2001-04-28 20:30:00,0.0,0.0,0.0,0.0,20.0,27.0,0.0,100.0,3.0
2001-04-28 21:30:00,4.802378688375029,4.802378688375029,0.0,0.0,20.0,27.0,0.0,100.0,1.0
2001-04-28 22:30:00,343.0645712845908,343.0645712845908,0.0,0.0,20.0,27.0,0.0,100.0,1.0
2001-04-28 23:30:00,547.5947155895983,547.5947155895983,0.0,0.0,20.0,27.0,0.0,100.0,1.0
2001-04-29 00:30:00,713.4269412220929,713.4269412220929,0.0,0.0,20.0,27.0,0.0,100.0,1.0
2001-04-29 01:30:00,861.8775824530503,861.8775824530503,0.0,0.0,20.0,27.0,0.0,100.0,1.0
2001-04-29 02:30:00,1007.4573573123307,1007.4573573123307,0.0,0.0,20.0,27.0,0.0,100.0,1.0
2001-04-29 03:30:00,1146.882279596648,1146.882279596648,0.0,0.0,20.0,27.0,0.0,100.0,1.0
2001-04-29 04:30:00,1285.4579133498246,1285.4579133498246,0.0,0.0,20.0,27.0,0.0,100.0,1.0
2001-04-29 05:30:00,1390.6391245870464,1390.6391245870464,0.0,0.0,20.0,27.0,0.0,100.0,1.0
2001-04-29 06:30:00,1270.378237708128,1270.378237708128,0.0,0.0,20.0,27.0,0.0,100.0,1.0
2001-04-29 07:30:00,947.7928410059731,947.7928410059731,0.0,0.0,20.0,27.0,0.0,100.0,1.0
2001-04-29 08:30:00,564.7023552365654,564.7023552365654,0.0,0.0,20.0,27.0,0.0,100.0,1.0
2001-04-29 09:30:00,105.26776599010009,105.26776599010009,0.0,0.0,20.0,27.0,0.0,100.0,1.0
2001-04-29 10:30:00,0.0,0.0,0.0,0.0,20.0,27.0,0.0,100.0,3.0
2001-04-29 11:30:00,0.0,0.0,0.0,0.0,20.0,27.0,0.0,100.0,3.0
2001-04-29 12:30:00,0.0,0.0,0.0,0.0,20.0,27.0,0.0,100.0,3.0
2001-04-29 13:30:00,0.0,0.0,0.0,0.0,20.0,27.0,0.0,100.0,3.0
2001-04-29 14:30:00,-229.23773177742805,-229.23773177742805,0.0,0.0,20.0,27.0,0.0,100.0,-1.0
2001-04-29 15:30:00,-374.387062806979,-374.387062806979,0.0,0.0,20.0,27.0,0.0,100.0,-1.0
2001-04-29 16:30:00,-331.2311319685805,-331.2311319685805,0.0,0.0,20.0,27.0,0.0,100.0,-1.0
2001-04-29 17:30:00,-92.21191215170984,-92.21191215170984,0.0,0.0,20.0,27.0,0.0,100.0,-1.0
2001-04-29 18:30:00,0.0,0.0,0.0,0.0,20.0,27.0,0.0,100.0,3.0
2001-04-29 19:30:00,0.0,0.0,0.0,0.0,20.0,27.0,0.0,100.0,3.0
2001-04-29 20:30:00,0.0,0.0,0.0,0.0,20.0,27.0,0.0,100.0,3.0
2001-04-29 21:30:00,0.0,0.0,0.0,0.0,20.0,27.0,0.0,100.0,3.0
2001-04-29 22:30:00,350.87504567084216,350.87504567084216,0.0,0.0,20.0,27.0,0.0,100.0,1.0
2001-04-29 23:30:00,692.7490193495923,692.7490193495923,0.0,0.0,20.0,27.0,0.0,100.0,1.0
2001-04-30 00:30:00,919.0054413140442,919.0054413140442,0.0,0.0,20.0,27.0,0.0,100.0,1.0
2001-04-30 01:30:00,1069.4379611944341,1069.4379611944341,0.0,0.0,20.0,27.0,0.0,100.0,1.0
2001-04-30 02:30:00,1193.3616498393149,1193.3616498393149,0.0,0.0,20.0,27.0,0.0,100.0,1.0
2001-04-30 03:30:00,1298.7105907353143,1298.7105907353143,0.0,0.0,20.0,27.0,0.0,100.0,1.0
2001-04-30 04:30:00,1389.8260784101521,1389.8260784101521,0.0,0.0,20.0,27.0,0.0,100.0,1.0
2001-04-30 05:30:00,1457.2766037271786,1457.2766037271786,0.0,0.0,20.0,27.0,0.0,100.0,1.0
2001-04-30 06:30:00,1358.1781849510426,1358.1781849510426,0.0,0.0,20.0,27.0,0.0,100.0,1.0
2001-04-30 07:30:00,1071.9887205673058,1071.9887205673058,0.0,0.0,20.0,27.0,0.0,100.0,1.0
2001-04-30 08:30:00,689.5115751534131,689.5115751534131,0.0,0.0,20.0,27.0,0.0,100.0,1.0
2001-04-30 09:30:00,240.6368183819468,240.6368183819468,0.0,0.0,20.0,27.0,0.0,100.0,1.0
2001-04-30 10:30:00,0.0,0.0,0.0,0.0,20.0,27.0,0.0,100.0,3.0
2001-04-30 11:30:00,0.0,0.0,0.0,0.0,20.0,27.0,0.0,100.0,3.0
2001-04-30 12:30:00,0.0,0.0,0.0,0.0,20.0,27.0,0.0,100.0,3.0
2001-04-30 13:30:00,0.0,0.0,0.0,0.0,20.0,27.0,0.0,100.0,3.0
2001-04-30 14:30:00,0.0,0.0,0.0,0.0,20.0,27.0,0.0,100.0,3.0
2001-04-30 15:30:00,0.0,0.0,0.0,0.0,20.0,27.0,0.0,100.0,3.0
2001-04-30 16:30:00,0.0,0.0,0.0,0.0,20.0,27.0,0.0,100.0,3.0
2001-04-30 17:30:00,0.0,0.0,0.0,0.0,20.0,27.0,0.0,100.0,3.0
2001-04-30 18:30:00,0.0,0.0,0.0,0.0,20.0,27.0,0.0,100.0,3.0
2001-04-30 19:30:00,0.0,0.0,0.0,0.0,20.0,27.0,0.0,100.0,3.0
2001-04-30 20:30:00,0.0,0.0,0.0,0.0,20.0,27.0,0.0,100.0,3.0
2001-04-30 21:30:00,54.9299345411564,54.9299345411564,0.0,0.0,20.0,27.0,0.0,100.0,1.0
2001-04-30 22:30:00,474.91757248685826,474.91757248685826,0.0,0.0,20.0,27.0,0.0,100.0,1.0
2001-04-30 23:30:00,696.6735531644545,696.6735531644545,0.0,0.0,20.0,27.0,0.0,100.0,1.0
2001-05-01 00:30:00,843.963274280266,843.963274280266,0.0,0.0,20.0,27.0,0.0,100.0,1.0
2001-05-01 01:30:00,929.2654894523548,929.2654894523548,0.0,0.0,20.0,27.0,0.0,100.0,1.0
2001-05-01 02:30:00,980.910974321594,980.910974321594,0.0,0.0,20.0,27.0,0.0,100.0,1.0
2001-05-01 03:30:00,1010.3214723817528,1010.3214723817528,0.0,0.0,20.0,27.0,0.0,100.0,1.0
2001-05-01 04:30:00,1026.9281650637886,1026.9281650637886,0.0,0.0,20.0,27.0,0.0,100.0,1.0
2001-05-01 05:30:00,1016.1376339449198,1016.1376339449198,0.0,0.0,20.0,27.0,0.0,100.0,1.0
2001-05-01 06:30:00,829.9231071774093,829.9231071774093,0.0,0.0,20.0,27.0,0.0,100.0,1.0
2001-05-01 07:30:00,472.54266433536486,472.54266433536486,0.0,0.0,20.0,27.0,0.0,100.0,1.0
2001-05-01 08:30:00,76.73482010665066,76.73482010665066,0.0,0.0,20.0,27.0,0.0,100.0,1.0
2001-05-01 09:30:00,0.0,0.0,0.0,0.0,20.0,27.0,0.0,100.0,3.0
2001-05-01 10:30:00,0.0,0.0,0.0,0.0,20.0,27.0,0.0,100.0,3.0
2001-05-01 11:30:00,0.0,0.0,0.0,0.0,20.0,27.0,0.0,100.0,3.0
2001-05-01 12:30:00,-128.9918669744702,-128.9918669744702,0.0,0.0,20.0,27.0,0.0,100.0,-1.0
2001-05-01 13:30:00,-589.0920295119295,-589.0920295119295,0.0,0.0,20.0,27.0,0.0,100.0,-1.0
2001-05-01 14:30:00,-756.8037441637889,-756.8037441637889,0.0,0.0,20.0,27.0,0.0,100.0,-1.0
2001-05-01 15:30:00,-785.2243448538475,-785.2243448538475,0.0,0.0,20.0,27.0,0.0,100.0,-1.0
2001-05-01 16:30:00,-672.7110242882763,-672.7110242882763,0.0,0.0,20.0,27.0,0.0,100.0,-1.0
2001-05-01 17:30:00,-408.95631886678075,-408.95631886678075,0.0,0.0,20.0,27.0,0.0,100.0,-1.0
2001-05-01 18:30:00,-69.53362137201839,-69.53362137201839,0.0,0.0,20.0,27.0,0.0,100.0,-1.0
2001-05-01 19:30:00,0.0,0.0,0.0,0.0,20.0,27.0,0.0,100.0,3.0
2001-05-01 20:30:00,0.0,0.0,0.0,0.0,20.0,27.0,0.0,100.0,3.0
2001-05-01 21:30:00,0.0,0.0,0.0,0.0,20.0,27.0,0.0,100.0,3.0
2001-05-01 22:30:00,0.0,0.0,0.0,0.0,20.0,27.0,0.0,100.0,3.0
2001-05-01 23:30:00,0.0,0.0,0.0,0.0,20.0,27.0,0.0,100.0,3.0
2001-05-02 00:30:00,0.0,0.0,0.0,0.0,20.0,27.0,0.0,100.0,3.0
2001-05-02 01:30:00,193.9618728418509,193.9618728418509,0.0,0.0,20.0,27.0,0.0,100.0,1.0
2001-05-02 02:30:00,322.5149719316032,322.5149719316032,0.0,0.0,20.0,27.0,0.0,100.0,1.0
2001-05-02 03:30:00,396.6285697374133,396.6285697374133,0.0,0.0,20.0,27.0,0.0,100.0,1.0
2001-05-02 04:30:00,440.3179534849014,440.3179534849014,0.0,0.0,20.0,27.0,0.0,100.0,1.0
2001-05-02 05:30:00,454.76623121341436,454.76623121341436,0.0,0.0,20.0,27.0,0.0,100.0,1.0
2001-05-02 06:30:00,357.1679804603891,357.1679804603891,0.0,0.0,20.0,27.0,0.0,100.0,1.0
2001-05-02 07:30:00,122.3577915042315,122.3577915042315,0.0,0.0,20.0,27.0,0.0,100.0,1.0
2001-05-02 08:30:00,0.0,0.0,0.0,0.0,20.0,27.0,0.0,100.0,3.0
2001-05-02 09:30:00,0.0,0.0,0.0,0.0,20.0,27.0,0.0,100.0,3.0
2001-05-02 10:30:00,0.0,0.0,0.0,0.0,20.0,27.0,0.0,100.0,3.0
2001-05-02 11:30:00,0.0,0.0,0.0,0.0,20.0,27.0,0.0,100.0,3.0
2001-05-02 12:30:00,0.0,0.0,0.0,0.0,20.0,27.0,0.0,100.0,3.0
2001-05-02 13:30:00,0.0,0.0,0.0,0.0,20.0,27.0,0.0,100.0,3.0
2001-05-02 14:30:00,-197.8332763049184,-197.8332763049184,0.0,0.0,20.0,27.0,0.0,100.0,-1.0
2001-05-02 15:30:00,-444.5745554839641,-444.5745554839641,0.0,0.0,20.0,27.0,0.0,100.0,-1.0
2001-05-02 16:30:00,-588.7529964736796,-588.7529964736796,0.0,0.0,20.0,27.0,0.0,100.0,-1.0
2001-05-02 17:30:00,-501.926692375876,-501.926692375876,0.0,0.0,20.0,27.0,0.0,100.0,-1.0
2001-05-02 18:30:00,-190.03499004165133,-190.03499004165133,0.0,0.0,20.0,27.0,0.0,100.0,-1.0
2001-05-02 19:30:00,0.0,0.0,0.0,0.0,20.0,27.0,0.0,100.0,3.0
2001-05-02 20:30:00,0.0,0.0,0.0,0.0,20.0,27.0,0.0,100.0,3.0
2001-05-02 21:30:00,0.0,0.0,0.0,0.0,20.0,27.0,0.0,100.0,3.0
2001-05-02 22:30:00,0.0,0.0,0.0,0.0,20.0,27.0,0.0,100.0,3.0
2001-05-02 23:30:00,0.0,0.0,0.0,0.0,20.0,27.0,0.0,100.0,3.0
2001-05-03 00:30:00,0.0,0.0,0.0,0.0,20.0,27.0,0.0,100.0,3.0
2001-05-03 01:30:00,0.0,0.0,0.0,0.0,20.0,27.0,0.0,100.0,3.0
2001-05-03 02:30:00,210.06102115117756,210.06102115117756,0.0,0.0,20.0,27.0,0.0,100.0,1.0
2001-05-03 03:30:00,421.2350828916897,421.2350828916897,0.0,0.0,20.0,27.0,0.0,100.0,1.0
2001-05-03 04:30:00,570.3785429619193,570.3785429619193,0.0,0.0,20.0,27.0,0.0,100.0,1.0
2001-05-03 05:30:00,665.5737981288257,665.5737981288257,0.0,0.0,20.0,27.0,0.0,100.0,1.0
2001-05-03 06:30:00,526.5361385195838,526.5361385195838,0.0,0.0,20.0,27.0,0.0,100.0,1.0
2001-05-03 07:30:00,215.4878584842072,215.4878584842072,0.0,0.0,20.0,27.0,0.0,100.0,1.0
2001-05-03 08:30:00,0.0,0.0,0.0,0.0,20.0,27.0,0.0,100.0,3.0
2001-05-03 09:30:00,0.0,0.0,0.0,0.0,20.0,27.0,0.0,100.0,3.0
2001-05-03 10:30:00,0.0,0.0,0.0,0.0,20.0,27.0,0.0,100.0,3.0
2001-05-03 11:30:00,0.0,0.0,0.0,0.0,20.0,27.0,0.0,100.0,3.0
2001-05-03 12:30:00,-599.4391382325439,-599.4391382325439,0.0,0.0,20.0,27.0,0.0,100.0,-1.0
2001-05-03 13:30:00,-922.5970120504016,-922.5970120504016,0.0,0.0,20.0,27.0,0.0,100.0,-1.0
2001-05-03 14:30:00,-1047.9970853921159,-1047.9970853921159,0.0,0.0,20.0,27.0,0.0,100.0,-1.0
2001-05-03 15:30:00,-1070.7525665487728,-1070.7525665487728,0.0,0.0,20.0,27.0,0.0,100.0,-1.0
2001-05-03 16:30:00,-919.3211120652641,-919.3211120652641,0.0,0.0,20.0,27.0,0.0,100.0,-1.0
2001-05-03 17:30:00,-627.1310950642919,-627.1310950642919,0.0,0.0,20.0,27.0,0.0,100.0,-1.0
2001-05-03 18:30:00,-284.7888817301873,-284.7888817301873,0.0,0.0,20.0,27.0,0.0,100.0,-1.0
2001-05-03 19:30:00,0.0,0.0,0.0,0.0,20.0,27.0,0.0,100.0,3.0
2001-05-03 20:30:00,0.0,0.0,0.0,0.0,20.0,27.0,0.0,100.0,3.0
2001-05-03 21:30:00,0.0,0.0,0.0,0.0,20.0,27.0,0.0,100.0,3.0
2001-05-03 22:30:00,0.0,0.0,0.0,0.0,20.0,27.0,0.0,100.0,3.0
2001-05-03 23:30:00,0.0,0.0,0.0,0.0,20.0,27.0,0.0,100.0,3.0
2001-05-04 00:30:00,0.0,0.0,0.0,0.0,20.0,27.0,0.0,100.0,3.0
2001-05-04 01:30:00,198.88202512881708,198.88202512881708,0.0,0.0,20.0,27.0,0.0,100.0,1.0
2001-05-04 02:30:00,442.2981753666263,442.2981753666263,0.0,0.0,20.0,27.0,0.0,100.0,1.0
2001-05-04 03:30:00,607.151923797388,607.151923797388,0.0,0.0,20.0,27.0,0.0,100.0,1.0
2001-05-04 04:30:00,740.2876747347073,740.2876747347073,0.0,0.0,20.0,27.0,0.0,100.0,1.0
2001-05-04 05:30:00,823.9426038594474,823.9426038594474,0.0,0.0,20.0,27.0,0.0,100.0,1.0
2001-05-04 06:30:00,723.3485648790802,723.3485648790802,0.0,0.0,20.0,27.0,0.0,100.0,1.0
2001-05-04 07:30:00,421.8908835298844,421.8908835298844,0.0,0.0,20.0,27.0,0.0,100.0,1.0
2001-05-04 08:30:00,0.0,0.0,0.0,0.0,20.0,27.0,0.0,100.0,3.0
2001-05-04 09:30:00,0.0,0.0,0.0,0.0,20.0,27.0,0.0,100.0,3.0
2001-05-04 10:30:00,0.0,0.0,0.0,0.0,20.0,27.0,0.0,100.0,3.0
2001-05-04 11:30:00,0.0,0.0,0.0,0.0,20.0,27.0,0.0,100.0,3.0
2001-05-04 12:30:00,-216.90718454686248,-216.90718454686248,0.0,0.0,20.0,27.0,0.0,100.0,-1.0
2001-05-04 13:30:00,-602.4216155507556,-602.4216155507556,0.0,0.0,20.0,27.0,0.0,100.0,-1.0
2001-05-04 14:30:00,-830.9913778376495,-830.9913778376495,0.0,0.0,20.0,27.0,0.0,100.0,-1.0
2001-05-04 15:30:00,-957.3303965107561,-957.3303965107561,0.0,0.0,20.0,27.0,0.0,100.0,-1.0
2001-05-04 16:30:00,-939.2925205098827,-939.2925205098827,0.0,0.0,20.0,27.0,0.0,100.0,-1.0
2001-05-04 17:30:00,-708.8946663249144,-708.8946663249144,0.0,0.0,20.0,27.0,0.0,100.0,-1.0
2001-05-04 18:30:00,-352.89645816549364,-352.89645816549364,0.0,0.0,20.0,27.0,0.0,100.0,-1.0
2001-05-04 19:30:00,0.0,0.0,0.0,0.0,20.0,27.0,0.0,100.0,3.0
2001-05-04 20:30:00,0.0,0.0,0.0,0.0,20.0,27.0,0.0,100.0,3.0
2001-05-04 21:30:00,0.0,0.0,0.0,0.0,20.0,27.0,0.0,100.0,3.0
2001-05-04 22:30:00,0.0,0.0,0.0,0.0,20.0,27.0,0.0,100.0,3.0
2001-05-04 23:30:00,0.0,0.0,0.0,0.0,20.0,27.0,0.0,100.0,3.0
2001-05-05 00:30:00,0.0,0.0,0.0,0.0,20.0,27.0,0.0,100.0,3.0
2001-05-05 01:30:00,8.984707276200425,8.984707276200425,0.0,0.0,20.0,27.0,0.0,100.0,1.0
2001-05-05 02:30:00,282.0091501563984,282.0091501563984,0.0,0.0,20.0,27.0,0.0,100.0,1.0
2001-05-05 03:30:00,437.0642554811657,437.0642554811657,0.0,0.0,20.0,27.0,0.0,100.0,1.0
2001-05-05 04:30:00,551.1394370186545,551.1394370186545,0.0,0.0,20.0,27.0,0.0,100.0,1.0
2001-05-05 05:30:00,632.6058449790598,632.6058449790598,0.0,0.0,20.0,27.0,0.0,100.0,1.0
2001-05-05 06:30:00,545.5588082395907,545.5588082395907,0.0,0.0,20.0,27.0,0.0,100.0,1.0
2001-05-05 07:30:00,226.06218464962694,226.06218464962694,0.0,0.0,20.0,27.0,0.0,100.0,1.0
2001-05-05 08:30:00,0.0,0.0,0.0,0.0,20.0,27.0,0.0,100.0,3.0
2001-05-05 09:30:00,0.0,0.0,0.0,0.0,20.0,27.0,0.0,100.0,3.0
2001-05-05 10:30:00,0.0,0.0,0.0,0.0,20.0,27.0,0.0,100.0,3.0
2001-05-05 11:30:00,-85.45205968616028,-85.45205968616028,0.0,0.0,20.0,27.0,0.0,100.0,-1.0
2001-05-05 12:30:00,-647.9650200670758,-647.9650200670758,0.0,0.0,20.0,27.0,0.0,100.0,-1.0
2001-05-05 13:30:00,-929.389053235248,-929.389053235248,0.0,0.0,20.0,27.0,0.0,100.0,-1.0
2001-05-05 14:30:00,-1146.23639876773,-1146.23639876773,0.0,0.0,20.0,27.0,0.0,100.0,-1.0
2001-05-05 15:30:00,-1198.0783137602111,-1198.0783137602111,0.0,0.0,20.0,27.0,0.0,100.0,-1.0
2001-05-05 16:30:00,-1102.049769282704,-1102.049769282704,0.0,0.0,20.0,27.0,0.0,100.0,-1.0
2001-05-05 17:30:00,-842.8137181802367,-842.8137181802367,0.0,0.0,20.0,27.0,0.0,100.0,-1.0
2001-05-05 18:30:00,-539.3057830139614,-539.3057830139614,0.0,0.0,20.0,27.0,0.0,100.0,-1.0
2001-05-05 19:30:00,-160.94480805500552,-160.94480805500552,0.0,0.0,20.0,27.0,0.0,100.0,-1.0
2001-05-05 20:30:00,0.0,0.0,0.0,0.0,20.0,27.0,0.0,100.0,3.0
2001-05-05 21:30:00,0.0,0.0,0.0,0.0,20.0,27.0,0.0,100.0,3.0
2001-05-05 22:30:00,0.0,0.0,0.0,0.0,20.0,27.0,0.0,100.0,3.0
2001-05-05 23:30:00,0.0,0.0,0.0,0.0,20.0,27.0,0.0,100.0,3.0
2001-05-06 00:30:00,0.0,0.0,0.0,0.0,20.0,27.0,0.0,100.0,3.0
2001-05-06 01:30:00,0.0,0.0,0.0,0.0,20.0,27.0,0.0,100.0,3.0
2001-05-06 02:30:00,0.0,0.0,0.0,0.0,20.0,27.0,0.0,100.0,3.0
2001-05-06 03:30:00,58.78328050657183,58.78328050657183,0.0,0.0,20.0,27.0,0.0,100.0,1.0
2001-05-06 04:30:00,276.3312387083279,276.3312387083279,0.0,0.0,20.0,27.0,0.0,100.0,1.0
2001-05-06 05:30:00,385.5242378587809,385.5242378587809,0.0,0.0,20.0,27.0,0.0,100.0,1.0
2001-05-06 06:30:00,304.3381822502197,304.3381822502197,0.0,0.0,20.0,27.0,0.0,100.0,1.0
2001-05-06 07:30:00,37.94728691182536,37.94728691182536,0.0,0.0,20.0,27.0,0.0,100.0,1.0
2001-05-06 08:30:00,0.0,0.0,0.0,0.0,20.0,27.0,0.0,100.0,3.0
2001-05-06 09:30:00,0.0,0.0,0.0,0.0,20.0,27.0,0.0,100.0,3.0
2001-05-06 10:30:00,0.0,0.0,0.0,0.0,20.0,27.0,0.0,100.0,3.0
2001-05-06 11:30:00,-184.88544327078944,-184.88544327078944,0.0,0.0,20.0,27.0,0.0,100.0,-1.0
2001-05-06 12:30:00,-768.4126105854948,-768.4126105854948,0.0,0.0,20.0,27.0,0.0,100.0,-1.0
2001-05-06 13:30:00,-1080.4202912086794,-1080.4202912086794,0.0,0.0,20.0,27.0,0.0,100.0,-1.0
2001-05-06 14:30:00,-1227.480598865769,-1227.480598865769,0.0,0.0,20.0,27.0,0.0,100.0,-1.0
2001-05-06 15:30:00,-1270.496776980016,-1270.496776980016,0.0,0.0,20.0,27.0,0.0,100.0,-1.0
2001-05-06 16:30:00,-1168.4069710547728,-1168.4069710547728,0.0,0.0,20.0,27.0,0.0,100.0,-1.0
2001-05-06 17:30:00,-905.3456012869201,-905.3456012869201,0.0,0.0,20.0,27.0,0.0,100.0,-1.0
2001-05-06 18:30:00,-571.3703617211222,-571.3703617211222,0.0,0.0,20.0,27.0,0.0,100.0,-1.0
2001-05-06 19:30:00,-148.51520304180758,-148.51520304180758,0.0,0.0,20.0,27.0,0.0,100.0,-1.0
2001-05-06 20:30:00,0.0,0.0,0.0,0.0,20.0,27.0,0.0,100.0,3.0
2001-05-06 21:30:00,0.0,0.0,0.0,0.0,20.0,27.0,0.0,100.0,3.0
2001-05-06 22:30:00,0.0,0.0,0.0,0.0,20.0,27.0,0.0,100.0,3.0
2001-05-06 23:30:00,0.0,0.0,0.0,0.0,20.0,27.0,0.0,100.0,3.0
2001-05-07 00:30:00,0.0,0.0,0.0,0.0,20.0,27.0,0.0,100.0,3.0
2001-05-07 01:30:00,0.0,0.0,0.0,0.0,20.0,27.0,0.0,100.0,3.0
2001-05-07 02:30:00,106.85076745142396,106.85076745142396,0.0,0.0,20.0,27.0,0.0,100.0,1.0
2001-05-07 03:30:00,424.9023789058192,424.9023789058192,0.0,0.0,20.0,27.0,0.0,100.0,1.0
2001-05-07 04:30:00,635.3482431765533,635.3482431765533,0.0,0.0,20.0,27.0,0.0,100.0,1.0
2001-05-07 05:30:00,772.4341761490232,772.4341761490232,0.0,0.0,20.0,27.0,0.0,100.0,1.0
2001-05-07 06:30:00,647.2411623331018,647.2411623331018,0.0,0.0,20.0,27.0,0.0,100.0,1.0
2001-05-07 07:30:00,335.4375821603171,335.4375821603171,0.0,0.0,20.0,27.0,0.0,100.0,1.0
2001-05-07 08:30:00,0.0,0.0,0.0,0.0,20.0,27.0,0.0,100.0,3.0
2001-05-07 09:30:00,0.0,0.0,0.0,0.0,20.0,27.0,0.0,100.0,3.0
2001-05-07 10:30:00,0.0,0.0,0.0,0.0,20.0,27.0,0.0,100.0,3.0
2001-05-07 11:30:00,0.0,0.0,0.0,0.0,20.0,27.0,0.0,100.0,3.0
2001-05-07 12:30:00,-152.86867705425993,-152.86867705425993,0.0,0.0,20.0,27.0,0.0,100.0,-1.0
2001-05-07 13:30:00,-567.3552043435984,-567.3552043435984,0.0,0.0,20.0,27.0,0.0,100.0,-1.0
2001-05-07 14:30:00,-789.9005279545063,-789.9005279545063,0.0,0.0,20.0,27.0,0.0,100.0,-1.0
2001-05-07 15:30:00,-847.2628036622818,-847.2628036622818,0.0,0.0,20.0,27.0,0.0,100.0,-1.0
2001-05-07 16:30:00,-736.9457636354318,-736.9457636354318,0.0,0.0,20.0,27.0,0.0,100.0,-1.0
2001-05-07 17:30:00,-476.499136053847,-476.499136053847,0.0,0.0,20.0,27.0,0.0,100.0,-1.0
2001-05-07 18:30:00,-162.9516219260604,-162.9516219260604,0.0,0.0,20.0,27.0,0.0,100.0,-1.0
2001-05-07 19:30:00,0.0,0.0,0.0,0.0,20.0,27.0,0.0,100.0,3.0
2001-05-07 20:30:00,0.0,0.0,0.0,0.0,20.0,27.0,0.0,100.0,3.0
2001-05-07 21:30:00,0.0,0.0,0.0,0.0,20.0,27.0,0.0,100.0,3.0
2001-05-07 22:30:00,0.0,0.0,0.0,0.0,20.0,27.0,0.0,100.0,3.0
2001-05-07 23:30:00,0.0,0.0,0.0,0.0,20.0,27.0,0.0,100.0,3.0
2001-05-08 00:30:00,262.82742632649115,262.82742632649115,0.0,0.0,20.0,27.0,0.0,100.0,1.0
2001-05-08 01:30:00,546.1353530166198,546.1353530166198,0.0,0.0,20.0,27.0,0.0,100.0,1.0
2001-05-08 02:30:00,731.1985472568504,731.1985472568504,0.0,0.0,20.0,27.0,0.0,100.0,1.0
2001-05-08 03:30:00,877.5707446482975,877.5707446482975,0.0,0.0,20.0,27.0,0.0,100.0,1.0
2001-05-08 04:30:00,1000.5865131195633,1000.5865131195633,0.0,0.0,20.0,27.0,0.0,100.0,1.0
2001-05-08 05:30:00,1078.8768371747656,1078.8768371747656,0.0,0.0,20.0,27.0,0.0,100.0,1.0
2001-05-08 06:30:00,918.4201471591678,918.4201471591678,0.0,0.0,20.0,27.0,0.0,100.0,1.0
2001-05-08 07:30:00,567.4795307653676,567.4795307653676,0.0,0.0,20.0,27.0,0.0,100.0,1.0
2001-05-08 08:30:00,177.21054425047987,177.21054425047987,0.0,0.0,20.0,27.0,0.0,100.0,1.0
2001-05-08 09:30:00,0.0,0.0,0.0,0.0,20.0,27.0,0.0,100.0,3.0
2001-05-08 10:30:00,0.0,0.0,0.0,0.0,20.0,27.0,0.0,100.0,3.0
2001-05-08 11:30:00,0.0,0.0,0.0,0.0,20.0,27.0,0.0,100.0,3.0
2001-05-08 12:30:00,0.0,0.0,0.0,0.0,20.0,27.0,0.0,100.0,3.0
2001-05-08 13:30:00,-291.35005811121664,-291.35005811121664,0.0,0.0,20.0,27.0,0.0,100.0,-1.0
2001-05-08 14:30:00,-555.4726517010376,-555.4726517010376,0.0,0.0,20.0,27.0,0.0,100.0,-1.0
2001-05-08 15:30:00,-636.3221411536933,-636.3221411536933,0.0,0.0,20.0,27.0,0.0,100.0,-1.0
2001-05-08 16:30:00,-540.1218226169049,-540.1218226169049,0.0,0.0,20.0,27.0,0.0,100.0,-1.0
2001-05-08 17:30:00,-289.60431930758114,-289.60431930758114,0.0,0.0,20.0,27.0,0.0,100.0,-1.0
2001-05-08 18:30:00,0.0,0.0,0.0,0.0,20.0,27.0,0.0,100.0,3.0
2001-05-08 19:30:00,0.0,0.0,0.0,0.0,20.0,27.0,0.0,100.0,3.0
2001-05-08 20:30:00,0.0,0.0,0.0,0.0,20.0,27.0,0.0,100.0,3.0
2001-05-08 21:30:00,0.0,0.0,0.0,0.0,20.0,27.0,0.0,100.0,3.0
2001-05-08 22:30:00,0.0,0.0,0.0,0.0,20.0,27.0,0.0,100.0,3.0
2001-05-08 23:30:00,182.4820094771958,182.4820094771958,0.0,0.0,20.0,27.0,0.0,100.0,1.0
2001-05-09 00:30:00,504.23153894316056,504.23153894316056,0.0,0.0,20.0,27.0,0.0,100.0,1.0
2001-05-09 01:30:00,697.0428698507367,697.0428698507367,0.0,0.0,20.0,27.0,0.0,100.0,1.0
2001-05-09 02:30:00,838.3878346793372,838.3878346793372,0.0,0.0,20.0,27.0,0.0,100.0,1.0
2001-05-09 03:30:00,947.1364905795808,947.1364905795808,0.0,0.0,20.0,27.0,0.0,100.0,1.0
2001-05-09 04:30:00,1040.776506684023,1040.776506684023,0.0,0.0,20.0,27.0,0.0,100.0,1.0
2001-05-09 05:30:00,1094.8577410124926,1094.8577410124926,0.0,0.0,20.0,27.0,0.0,100.0,1.0
2001-05-09 06:30:00,979.8160974746788,979.8160974746788,0.0,0.0,20.0,27.0,0.0,100.0,1.0
2001-05-09 07:30:00,796.6772469177595,796.6772469177595,0.0,0.0,20.0,27.0,0.0,100.0,1.0
2001-05-09 08:30:00,417.64443979352745,417.64443979352745,0.0,0.0,20.0,27.0,0.0,100.0,1.0
2001-05-09 09:30:00,9.123469033040237,9.123469033040237,0.0,0.0,20.0,27.0,0.0,100.0,1.0
2001-05-09 10:30:00,0.0,0.0,0.0,0.0,20.0,27.0,0.0,100.0,3.0
2001-05-09 11:30:00,0.0,0.0,0.0,0.0,20.0,27.0,0.0,100.0,3.0
2001-05-09 12:30:00,0.0,0.0,0.0,0.0,20.0,27.0,0.0,100.0,3.0
2001-05-09 13:30:00,0.0,0.0,0.0,0.0,20.0,27.0,0.0,100.0,3.0
2001-05-09 14:30:00,-354.5613241672572,-354.5613241672572,0.0,0.0,20.0,27.0,0.0,100.0,-1.0
2001-05-09 15:30:00,-452.67690912883245,-452.67690912883245,0.0,0.0,20.0,27.0,0.0,100.0,-1.0
2001-05-09 16:30:00,-396.8280289129334,-396.8280289129334,0.0,0.0,20.0,27.0,0.0,100.0,-1.0
2001-05-09 17:30:00,-197.66163786842571,-197.66163786842571,0.0,0.0,20.0,27.0,0.0,100.0,-1.0
2001-05-09 18:30:00,0.0,0.0,0.0,0.0,20.0,27.0,0.0,100.0,3.0
2001-05-09 19:30:00,0.0,0.0,0.0,0.0,20.0,27.0,0.0,100.0,3.0
2001-05-09 20:30:00,0.0,0.0,0.0,0.0,20.0,27.0,0.0,100.0,3.0
2001-05-09 21:30:00,0.0,0.0,0.0,0.0,20.0,27.0,0.0,100.0,3.0
2001-05-09 22:30:00,0.0,0.0,0.0,0.0,20.0,27.0,0.0,100.0,3.0
2001-05-09 23:30:00,327.73085025987984,327.73085025987984,0.0,0.0,20.0,27.0,0.0,100.0,1.0
2001-05-10 00:30:00,613.1545469024068,613.1545469024068,0.0,0.0,20.0,27.0,0.0,100.0,1.0
2001-05-10 01:30:00,797.7270203322842,797.7270203322842,0.0,0.0,20.0,27.0,0.0,100.0,1.0
2001-05-10 02:30:00,944.1922394916419,944.1922394916419,0.0,0.0,20.0,27.0,0.0,100.0,1.0
2001-05-10 03:30:00,1062.1508135828008,1062.1508135828008,0.0,0.0,20.0,27.0,0.0,100.0,1.0
2001-05-10 04:30:00,1165.1907409335508,1165.1907409335508,0.0,0.0,20.0,27.0,0.0,100.0,1.0
2001-05-10 05:30:00,1225.2752372420973,1225.2752372420973,0.0,0.0,20.0,27.0,0.0,100.0,1.0
2001-05-10 06:30:00,1035.556821420677,1035.556821420677,0.0,0.0,20.0,27.0,0.0,100.0,1.0
2001-05-10 07:30:00,730.0126633322534,730.0126633322534,0.0,0.0,20.0,27.0,0.0,100.0,1.0
2001-05-10 08:30:00,343.4029041010599,343.4029041010599,0.0,0.0,20.0,27.0,0.0,100.0,1.0
2001-05-10 09:30:00,0.0,0.0,0.0,0.0,20.0,27.0,0.0,100.0,3.0
2001-05-10 10:30:00,0.0,0.0,0.0,0.0,20.0,27.0,0.0,100.0,3.0
2001-05-10 11:30:00,0.0,0.0,0.0,0.0,20.0,27.0,0.0,100.0,3.0
2001-05-10 12:30:00,0.0,0.0,0.0,0.0,20.0,27.0,0.0,100.0,3.0
2001-05-10 13:30:00,0.0,0.0,0.0,0.0,20.0,27.0,0.0,100.0,3.0
2001-05-10 14:30:00,-297.13689550041636,-297.13689550041636,0.0,0.0,20.0,27.0,0.0,100.0,-1.0
2001-05-10 15:30:00,-377.05050341822516,-377.05050341822516,0.0,0.0,20.0,27.0,0.0,100.0,-1.0
2001-05-10 16:30:00,-277.365968082393,-277.365968082393,0.0,0.0,20.0,27.0,0.0,100.0,-1.0
2001-05-10 17:30:00,-43.66791192311757,-43.66791192311757,0.0,0.0,20.0,27.0,0.0,100.0,-1.0
2001-05-10 18:30:00,0.0,0.0,0.0,0.0,20.0,27.0,0.0,100.0,3.0
2001-05-10 19:30:00,0.0,0.0,0.0,0.0,20.0,27.0,0.0,100.0,3.0
2001-05-10 20:30:00,0.0,0.0,0.0,0.0,20.0,27.0,0.0,100.0,3.0
2001-05-10 21:30:00,0.0,0.0,0.0,0.0,20.0,27.0,0.0,100.0,3.0
2001-05-10 22:30:00,100.75965510534934,100.75965510534934,0.0,0.0,20.0,27.0,0.0,100.0,1.0
2001-05-10 23:30:00,447.941361426575,447.941361426575,0.0,0.0,20.0,27.0,0.0,100.0,1.0
2001-05-11 00:30:00,643.5527657750354,643.5527657750354,0.0,0.0,20.0,27.0,0.0,100.0,1.0
2001-05-11 01:30:00,760.3370738911653,760.3370738911653,0.0,0.0,20.0,27.0,0.0,100.0,1.0
2001-05-11 02:30:00,839.4099009558277,839.4099009558277,0.0,0.0,20.0,27.0,0.0,100.0,1.0
2001-05-11 03:30:00,892.6457282203664,892.6457282203664,0.0,0.0,20.0,27.0,0.0,100.0,1.0
2001-05-11 04:30:00,934.8290011908875,934.8290011908875,0.0,0.0,20.0,27.0,0.0,100.0,1.0
2001-05-11 05:30:00,932.7877010214825,932.7877010214825,0.0,0.0,20.0,27.0,0.0,100.0,1.0
2001-05-11 06:30:00,747.5074064126493,747.5074064126493,0.0,0.0,20.0,27.0,0.0,100.0,1.0
2001-05-11 07:30:00,522.4704409385822,522.4704409385822,0.0,0.0,20.0,27.0,0.0,100.0,1.0
2001-05-11 08:30:00,197.36070406320596,197.36070406320596,0.0,0.0,20.0,27.0,0.0,100.0,1.0
2001-05-11 09:30:00,0.0,0.0,0.0,0.0,20.0,27.0,0.0,100.0,3.0
2001-05-11 10:30:00,0.0,0.0,0.0,0.0,20.0,27.0,0.0,100.0,3.0
2001-05-11 11:30:00,0.0,0.0,0.0,0.0,20.0,27.0,0.0,100.0,3.0
2001-05-11 12:30:00,0.0,0.0,0.0,0.0,20.0,27.0,0.0,100.0,3.0
2001-05-11 13:30:00,-361.4232771624602,-361.4232771624602,0.0,0.0,20.0,27.0,0.0,100.0,-1.0
2001-05-11 14:30:00,-628.543864480559,-628.543864480559,0.0,0.0,20.0,27.0,0.0,100.0,-1.0
2001-05-11 15:30:00,-706.9248714517698,-706.9248714517698,0.0,0.0,20.0,27.0,0.0,100.0,-1.0
2001-05-11 16:30:00,-623.3609570436229,-623.3609570436229,0.0,0.0,20.0,27.0,0.0,100.0,-1.0
2001-05-11 17:30:00,-408.8232634094302,-408.8232634094302,0.0,0.0,20.0,27.0,0.0,100.0,-1.0
2001-05-11 18:30:00,-140.25376866702118,-140.25376866702118,0.0,0.0,20.0,27.0,0.0,100.0,-1.0
2001-05-11 19:30:00,0.0,0.0,0.0,0.0,20.0,27.0,0.0,100.0,3.0
2001-05-11 20:30:00,0.0,0.0,0.0,0.0,20.0,27.0,0.0,100.0,3.0
2001-05-11 21:30:00,0.0,0.0,0.0,0.0,20.0,27.0,0.0,100.0,3.0
2001-05-11 22:30:00,0.0,0.0,0.0,0.0,20.0,27.0,0.0,100.0,3.0
2001-05-11 23:30:00,0.0,0.0,0.0,0.0,20.0,27.0,0.0,100.0,3.0
2001-05-12 00:30:00,293.4332817422646,293.4332817422646,0.0,0.0,20.0,27.0,0.0,100.0,1.0
2001-05-12 01:30:00,580.034224539093,580.034224539093,0.0,0.0,20.0,27.0,0.0,100.0,1.0
2001-05-12 02:30:00,782.8463569589312,782.8463569589312,0.0,0.0,20.0,27.0,0.0,100.0,1.0
2001-05-12 03:30:00,942.966542327792,942.966542327792,0.0,0.0,20.0,27.0,0.0,100.0,1.0
2001-05-12 04:30:00,1085.160250415076,1085.160250415076,0.0,0.0,20.0,27.0,0.0,100.0,1.0
2001-05-12 05:30:00,1182.5979024796925,1182.5979024796925,0.0,0.0,20.0,27.0,0.0,100.0,1.0
2001-05-12 06:30:00,1127.9629184412652,1127.9629184412652,0.0,0.0,20.0,27.0,0.0,100.0,1.0
2001-05-12 07:30:00,990.305945457756,990.305945457756,0.0,0.0,20.0,27.0,0.0,100.0,1.0
2001-05-12 08:30:00,624.4353600926879,624.4353600926879,0.0,0.0,20.0,27.0,0.0,100.0,1.0
2001-05-12 09:30:00,238.4821192420004,238.4821192420004,0.0,0.0,20.0,27.0,0.0,100.0,1.0
2001-05-12 10:30:00,0.0,0.0,0.0,0.0,20.0,27.0,0.0,100.0,3.0
2001-05-12 11:30:00,0.0,0.0,0.0,0.0,20.0,27.0,0.0,100.0,3.0
2001-05-12 12:30:00,0.0,0.0,0.0,0.0,20.0,27.0,0.0,100.0,3.0
2001-05-12 13:30:00,0.0,0.0,0.0,0.0,20.0,27.0,0.0,100.0,3.0
2001-05-12 14:30:00,0.0,0.0,0.0,0.0,20.0,27.0,0.0,100.0,3.0
2001-05-12 15:30:00,0.0,0.0,0.0,0.0,20.0,27.0,0.0,100.0,3.0
2001-05-12 16:30:00,-21.91252249144509,-21.91252249144509,0.0,0.0,20.0,27.0,0.0,100.0,-1.0
2001-05-12 17:30:00,0.0,0.0,0.0,0.0,20.0,27.0,0.0,100.0,3.0
2001-05-12 18:30:00,0.0,0.0,0.0,0.0,20.0,27.0,0.0,100.0,3.0
2001-05-12 19:30:00,0.0,0.0,0.0,0.0,20.0,27.0,0.0,100.0,3.0
2001-05-12 20:30:00,0.0,0.0,0.0,0.0,20.0,27.0,0.0,100.0,3.0
2001-05-12 21:30:00,0.0,0.0,0.0,0.0,20.0,27.0,0.0,100.0,3.0
2001-05-12 22:30:00,242.16340527926968,242.16340527926968,0.0,0.0,20.0,27.0,0.0,100.0,1.0
2001-05-12 23:30:00,521.8942541658935,521.8942541658935,0.0,0.0,20.0,27.0,0.0,100.0,1.0
2001-05-13 00:30:00,688.6315818445046,688.6315818445046,0.0,0.0,20.0,27.0,0.0,100.0,1.0
2001-05-13 01:30:00,786.0189049837809,786.0189049837809,0.0,0.0,20.0,27.0,0.0,100.0,1.0
2001-05-13 02:30:00,850.3224128284583,850.3224128284583,0.0,0.0,20.0,27.0,0.0,100.0,1.0
2001-05-13 03:30:00,895.4409396758892,895.4409396758892,0.0,0.0,20.0,27.0,0.0,100.0,1.0
2001-05-13 04:30:00,929.2565406088233,929.2565406088233,0.0,0.0,20.0,27.0,0.0,100.0,1.0
2001-05-13 05:30:00,941.453954910995,941.453954910995,0.0,0.0,20.0,27.0,0.0,100.0,1.0
2001-05-13 06:30:00,847.5375981580928,847.5375981580928,0.0,0.0,20.0,27.0,0.0,100.0,1.0
2001-05-13 07:30:00,565.0901864738007,565.0901864738007,0.0,0.0,20.0,27.0,0.0,100.0,1.0
2001-05-13 08:30:00,121.91947498991976,121.91947498991976,0.0,0.0,20.0,27.0,0.0,100.0,1.0
2001-05-13 09:30:00,0.0,0.0,0.0,0.0,20.0,27.0,0.0,100.0,3.0
2001-05-13 10:30:00,0.0,0.0,0.0,0.0,20.0,27.0,0.0,100.0,3.0
2001-05-13 11:30:00,0.0,0.0,0.0,0.0,20.0,27.0,0.0,100.0,3.0
2001-05-13 12:30:00,0.0,0.0,0.0,0.0,20.0,27.0,0.0,100.0,3.0
2001-05-13 13:30:00,-336.3790373099937,-336.3790373099937,0.0,0.0,20.0,27.0,0.0,100.0,-1.0
2001-05-13 14:30:00,-525.9065659722373,-525.9065659722373,0.0,0.0,20.0,27.0,0.0,100.0,-1.0
2001-05-13 15:30:00,-508.2684684449914,-508.2684684449914,0.0,0.0,20.0,27.0,0.0,100.0,-1.0
2001-05-13 16:30:00,-372.92715498454436,-372.92715498454436,0.0,0.0,20.0,27.0,0.0,100.0,-1.0
2001-05-13 17:30:00,-127.06991701146762,-127.06991701146762,0.0,0.0,20.0,27.0,0.0,100.0,-1.0
2001-05-13 18:30:00,0.0,0.0,0.0,0.0,20.0,27.0,0.0,100.0,3.0
2001-05-13 19:30:00,0.0,0.0,0.0,0.0,20.0,27.0,0.0,100.0,3.0
2001-05-13 20:30:00,0.0,0.0,0.0,0.0,20.0,27.0,0.0,100.0,3.0
2001-05-13 21:30:00,0.0,0.0,0.0,0.0,20.0,27.0,0.0,100.0,3.0
2001-05-13 22:30:00,0.0,0.0,0.0,0.0,20.0,27.0,0.0,100.0,3.0
2001-05-13 23:30:00,70.78014246287148,70.78014246287148,0.0,0.0,20.0,27.0,0.0,100.0,1.0
2001-05-14 00:30:00,420.06608783208867,420.06608783208867,0.0,0.0,20.0,27.0,0.0,100.0,1.0
2001-05-14 01:30:00,626.2732188144746,626.2732188144746,0.0,0.0,20.0,27.0,0.0,100.0,1.0
2001-05-14 02:30:00,780.6647670736411,780.6647670736411,0.0,0.0,20.0,27.0,0.0,100.0,1.0
2001-05-14 03:30:00,908.5765750991322,908.5765750991322,0.0,0.0,20.0,27.0,0.0,100.0,1.0
2001-05-14 04:30:00,1016.5603474505633,1016.5603474505633,0.0,0.0,20.0,27.0,0.0,100.0,1.0
2001-05-14 05:30:00,1093.727030682794,1093.727030682794,0.0,0.0,20.0,27.0,0.0,100.0,1.0
2001-05-14 06:30:00,995.5222625807328,995.5222625807328,0.0,0.0,20.0,27.0,0.0,100.0,1.0
2001-05-14 07:30:00,686.193485843447,686.193485843447,0.0,0.0,20.0,27.0,0.0,100.0,1.0
2001-05-14 08:30:00,286.8974145127786,286.8974145127786,0.0,0.0,20.0,27.0,0.0,100.0,1.0
2001-05-14 09:30:00,0.0,0.0,0.0,0.0,20.0,27.0,0.0,100.0,3.0
2001-05-14 10:30:00,0.0,0.0,0.0,0.0,20.0,27.0,0.0,100.0,3.0
2001-05-14 11:30:00,0.0,0.0,0.0,0.0,20.0,27.0,0.0,100.0,3.0
2001-05-14 12:30:00,0.0,0.0,0.0,0.0,20.0,27.0,0.0,100.0,3.0
2001-05-14 13:30:00,-50.48957255786263,-50.48957255786263,0.0,0.0,20.0,27.0,0.0,100.0,-1.0
2001-05-14 14:30:00,-433.5679334283059,-433.5679334283059,0.0,0.0,20.0,27.0,0.0,100.0,-1.0
2001-05-14 15:30:00,-538.1813924467451,-538.1813924467451,0.0,0.0,20.0,27.0,0.0,100.0,-1.0
2001-05-14 16:30:00,-412.5306038227891,-412.5306038227891,0.0,0.0,20.0,27.0,0.0,100.0,-1.0
2001-05-14 17:30:00,-198.19921733793763,-198.19921733793763,0.0,0.0,20.0,27.0,0.0,100.0,-1.0
2001-05-14 18:30:00,0.0,0.0,0.0,0.0,20.0,27.0,0.0,100.0,3.0
2001-05-14 19:30:00,0.0,0.0,0.0,0.0,20.0,27.0,0.0,100.0,3.0
2001-05-14 20:30:00,0.0,0.0,0.0,0.0,20.0,27.0,0.0,100.0,3.0
2001-05-14 21:30:00,0.0,0.0,0.0,0.0,20.0,27.0,0.0,100.0,3.0
2001-05-14 22:30:00,0.0,0.0,0.0,0.0,20.0,27.0,0.0,100.0,3.0
2001-05-14 23:30:00,40.96498440152391,40.96498440152391,0.0,0.0,20.0,27.0,0.0,100.0,1.0
2001-05-15 00:30:00,318.7349156052878,318.7349156052878,0.0,0.0,20.0,27.0,0.0,100.0,1.0
2001-05-15 01:30:00,447.25198521768016,447.25198521768016,0.0,0.0,20.0,27.0,0.0,100.0,1.0
2001-05-15 02:30:00,520.1435667384712,520.1435667384712,0.0,0.0,20.0,27.0,0.0,100.0,1.0
2001-05-15 03:30:00,554.4419956252277,554.4419956252277,0.0,0.0,20.0,27.0,0.0,100.0,1.0
2001-05-15 04:30:00,575.8634588753976,575.8634588753976,0.0,0.0,20.0,27.0,0.0,100.0,1.0
2001-05-15 05:30:00,568.9829391215444,568.9829391215444,0.0,0.0,20.0,27.0,0.0,100.0,1.0
2001-05-15 06:30:00,469.4971230363026,469.4971230363026,0.0,0.0,20.0,27.0,0.0,100.0,1.0
2001-05-15 07:30:00,388.5335980787677,388.5335980787677,0.0,0.0,20.0,27.0,0.0,100.0,1.0
2001-05-15 08:30:00,100.45753501613763,100.45753501613763,0.0,0.0,20.0,27.0,0.0,100.0,1.0
2001-05-15 09:30:00,0.0,0.0,0.0,0.0,20.0,27.0,0.0,100.0,3.0
2001-05-15 10:30:00,0.0,0.0,0.0,0.0,20.0,27.0,0.0,100.0,3.0
2001-05-15 11:30:00,0.0,0.0,0.0,0.0,20.0,27.0,0.0,100.0,3.0
2001-05-15 12:30:00,-247.17867386967282,-247.17867386967282,0.0,0.0,20.0,27.0,0.0,100.0,-1.0
2001-05-15 13:30:00,-725.9317767136263,-725.9317767136263,0.0,0.0,20.0,27.0,0.0,100.0,-1.0
2001-05-15 14:30:00,-982.3057385962429,-982.3057385962429,0.0,0.0,20.0,27.0,0.0,100.0,-1.0
2001-05-15 15:30:00,-1072.035193213581,-1072.035193213581,0.0,0.0,20.0,27.0,0.0,100.0,-1.0
2001-05-15 16:30:00,-989.8024420716474,-989.8024420716474,0.0,0.0,20.0,27.0,0.0,100.0,-1.0
2001-05-15 17:30:00,-796.6127853653643,-796.6127853653643,0.0,0.0,20.0,27.0,0.0,100.0,-1.0
2001-05-15 18:30:00,-474.57545276925066,-474.57545276925066,0.0,0.0,20.0,27.0,0.0,100.0,-1.0
2001-05-15 19:30:00,-120.13745934780945,-120.13745934780945,0.0,0.0,20.0,27.0,0.0,100.0,-1.0
2001-05-15 20:30:00,0.0,0.0,0.0,0.0,20.0,27.0,0.0,100.0,3.0
2001-05-15 21:30:00,0.0,0.0,0.0,0.0,20.0,27.0,0.0,100.0,3.0
2001-05-15 22:30:00,0.0,0.0,0.0,0.0,20.0,27.0,0.0,100.0,3.0
2001-05-15 23:30:00,0.0,0.0,0.0,0.0,20.0,27.0,0.0,100.0,3.0
2001-05-16 00:30:00,0.0,0.0,0.0,0.0,20.0,27.0,0.0,100.0,3.0
2001-05-16 01:30:00,0.0,0.0,0.0,0.0,20.0,27.0,0.0,100.0,3.0
2001-05-16 02:30:00,115.41868454651103,115.41868454651103,0.0,0.0,20.0,27.0,0.0,100.0,1.0
2001-05-16 03:30:00,433.76782874894434,433.76782874894434,0.0,0.0,20.0,27.0,0.0,100.0,1.0
2001-05-16 04:30:00,649.8880451920768,649.8880451920768,0.0,0.0,20.0,27.0,0.0,100.0,1.0
2001-05-16 05:30:00,805.4728674274011,805.4728674274011,0.0,0.0,20.0,27.0,0.0,100.0,1.0
2001-05-16 06:30:00,730.3318355325409,730.3318355325409,0.0,0.0,20.0,27.0,0.0,100.0,1.0
2001-05-16 07:30:00,388.2295682301783,388.2295682301783,0.0,0.0,20.0,27.0,0.0,100.0,1.0
2001-05-16 08:30:00,0.0,0.0,0.0,0.0,20.0,27.0,0.0,100.0,3.0
2001-05-16 09:30:00,0.0,0.0,0.0,0.0,20.0,27.0,0.0,100.0,3.0
2001-05-16 10:30:00,0.0,0.0,0.0,0.0,20.0,27.0,0.0,100.0,3.0
2001-05-16 11:30:00,0.0,0.0,0.0,0.0,20.0,27.0,0.0,100.0,3.0
2001-05-16 12:30:00,-79.2533088733262,-79.2533088733262,0.0,0.0,20.0,27.0,0.0,100.0,-1.0
2001-05-16 13:30:00,-501.1362033233627,-501.1362033233627,0.0,0.0,20.0,27.0,0.0,100.0,-1.0
2001-05-16 14:30:00,-713.0953233136233,-713.0953233136233,0.0,0.0,20.0,27.0,0.0,100.0,-1.0
2001-05-16 15:30:00,-813.3730790748605,-813.3730790748605,0.0,0.0,20.0,27.0,0.0,100.0,-1.0
2001-05-16 16:30:00,-755.7220254806662,-755.7220254806662,0.0,0.0,20.0,27.0,0.0,100.0,-1.0
2001-05-16 17:30:00,-561.7727281149664,-561.7727281149664,0.0,0.0,20.0,27.0,0.0,100.0,-1.0
2001-05-16 18:30:00,-256.6241290028356,-256.6241290028356,0.0,0.0,20.0,27.0,0.0,100.0,-1.0
2001-05-16 19:30:00,0.0,0.0,0.0,0.0,20.0,27.0,0.0,100.0,3.0
2001-05-16 20:30:00,0.0,0.0,0.0,0.0,20.0,27.0,0.0,100.0,3.0
2001-05-16 21:30:00,0.0,0.0,0.0,0.0,20.0,27.0,0.0,100.0,3.0
2001-05-16 22:30:00,0.0,0.0,0.0,0.0,20.0,27.0,0.0,100.0,3.0
2001-05-16 23:30:00,0.0,0.0,0.0,0.0,20.0,27.0,0.0,100.0,3.0
2001-05-17 00:30:00,0.0,0.0,0.0,0.0,20.0,27.0,0.0,100.0,3.0
2001-05-17 01:30:00,252.13232381161106,252.13232381161106,0.0,0.0,20.0,27.0,0.0,100.0,1.0
2001-05-17 02:30:00,447.2509911402731,447.2509911402731,0.0,0.0,20.0,27.0,0.0,100.0,1.0
2001-05-17 03:30:00,573.0168883479828,573.0168883479828,0.0,0.0,20.0,27.0,0.0,100.0,1.0
2001-05-17 04:30:00,669.0812180344765,669.0812180344765,0.0,0.0,20.0,27.0,0.0,100.0,1.0
2001-05-17 05:30:00,701.0672268147509,701.0672268147509,0.0,0.0,20.0,27.0,0.0,100.0,1.0
2001-05-17 06:30:00,469.37189226193914,469.37189226193914,0.0,0.0,20.0,27.0,0.0,100.0,1.0
2001-05-17 07:30:00,170.81408548008767,170.81408548008767,0.0,0.0,20.0,27.0,0.0,100.0,1.0
2001-05-17 08:30:00,0.0,0.0,0.0,0.0,20.0,27.0,0.0,100.0,3.0
2001-05-17 09:30:00,0.0,0.0,0.0,0.0,20.0,27.0,0.0,100.0,3.0
2001-05-17 10:30:00,0.0,0.0,0.0,0.0,20.0,27.0,0.0,100.0,3.0
2001-05-17 11:30:00,0.0,0.0,0.0,0.0,20.0,27.0,0.0,100.0,3.0
2001-05-17 12:30:00,-198.05012676166098,-198.05012676166098,0.0,0.0,20.0,27.0,0.0,100.0,-1.0
2001-05-17 13:30:00,-638.0477864496561,-638.0477864496561,0.0,0.0,20.0,27.0,0.0,100.0,-1.0
2001-05-17 14:30:00,-834.8876792083784,-834.8876792083784,0.0,0.0,20.0,27.0,0.0,100.0,-1.0
2001-05-17 15:30:00,-846.3062762631826,-846.3062762631826,0.0,0.0,20.0,27.0,0.0,100.0,-1.0
2001-05-17 16:30:00,-772.3867659761845,-772.3867659761845,0.0,0.0,20.0,27.0,0.0,100.0,-1.0
2001-05-17 17:30:00,-578.7584040264401,-578.7584040264401,0.0,0.0,20.0,27.0,0.0,100.0,-1.0
2001-05-17 18:30:00,-213.11098839762053,-213.11098839762053,0.0,0.0,20.0,27.0,0.0,100.0,-1.0
2001-05-17 19:30:00,0.0,0.0,0.0,0.0,20.0,27.0,0.0,100.0,3.0
2001-05-17 20:30:00,0.0,0.0,0.0,0.0,20.0,27.0,0.0,100.0,3.0
2001-05-17 21:30:00,0.0,0.0,0.0,0.0,20.0,27.0,0.0,100.0,3.0
2001-05-17 22:30:00,0.0,0.0,0.0,0.0,20.0,27.0,0.0,100.0,3.0
2001-05-17 23:30:00,0.0,0.0,0.0,0.0,20.0,27.0,0.0,100.0,3.0
2001-05-18 00:30:00,0.0,0.0,0.0,0.0,20.0,27.0,0.0,100.0,3.0
2001-05-18 01:30:00,169.9955191105946,169.9955191105946,0.0,0.0,20.0,27.0,0.0,100.0,1.0
2001-05-18 02:30:00,424.73754956442644,424.73754956442644,0.0,0.0,20.0,27.0,0.0,100.0,1.0
2001-05-18 03:30:00,591.2228578280847,591.2228578280847,0.0,0.0,20.0,27.0,0.0,100.0,1.0
2001-05-18 04:30:00,718.1590438727972,718.1590438727972,0.0,0.0,20.0,27.0,0.0,100.0,1.0
2001-05-18 05:30:00,787.2144776317364,787.2144776317364,0.0,0.0,20.0,27.0,0.0,100.0,1.0
2001-05-18 06:30:00,595.7267987583036,595.7267987583036,0.0,0.0,20.0,27.0,0.0,100.0,1.0
2001-05-18 07:30:00,310.49274681704173,310.49274681704173,0.0,0.0,20.0,27.0,0.0,100.0,1.0
2001-05-18 08:30:00,0.0,0.0,0.0,0.0,20.0,27.0,0.0,100.0,3.0
2001-05-18 09:30:00,0.0,0.0,0.0,0.0,20.0,27.0,0.0,100.0,3.0
2001-05-18 10:30:00,0.0,0.0,0.0,0.0,20.0,27.0,0.0,100.0,3.0
2001-05-18 11:30:00,0.0,0.0,0.0,0.0,20.0,27.0,0.0,100.0,3.0
2001-05-18 12:30:00,-137.62652503063237,-137.62652503063237,0.0,0.0,20.0,27.0,0.0,100.0,-1.0
2001-05-18 13:30:00,-495.0028826075586,-495.0028826075586,0.0,0.0,20.0,27.0,0.0,100.0,-1.0
2001-05-18 14:30:00,-692.7372599453274,-692.7372599453274,0.0,0.0,20.0,27.0,0.0,100.0,-1.0
2001-05-18 15:30:00,-738.2733708162677,-738.2733708162677,0.0,0.0,20.0,27.0,0.0,100.0,-1.0
2001-05-18 16:30:00,-590.6388420892026,-590.6388420892026,0.0,0.0,20.0,27.0,0.0,100.0,-1.0
2001-05-18 17:30:00,-347.4465232199509,-347.4465232199509,0.0,0.0,20.0,27.0,0.0,100.0,-1.0
2001-05-18 18:30:00,0.0,0.0,0.0,0.0,20.0,27.0,0.0,100.0,3.0
2001-05-18 19:30:00,0.0,0.0,0.0,0.0,20.0,27.0,0.0,100.0,3.0
2001-05-18 20:30:00,0.0,0.0,0.0,0.0,20.0,27.0,0.0,100.0,3.0
2001-05-18 21:30:00,0.0,0.0,0.0,0.0,20.0,27.0,0.0,100.0,3.0
2001-05-18 22:30:00,0.0,0.0,0.0,0.0,20.0,27.0,0.0,100.0,3.0
2001-05-18 23:30:00,0.0,0.0,0.0,0.0,20.0,27.0,0.0,100.0,3.0
2001-05-19 00:30:00,30.947953484474056,30.947953484474056,0.0,0.0,20.0,27.0,0.0,100.0,1.0
2001-05-19 01:30:00,270.6745474746922,270.6745474746922,0.0,0.0,20.0,27.0,0.0,100.0,1.0
2001-05-19 02:30:00,394.9655997339314,394.9655997339314,0.0,0.0,20.0,27.0,0.0,100.0,1.0
2001-05-19 03:30:00,474.49850180479007,474.49850180479007,0.0,0.0,20.0,27.0,0.0,100.0,1.0
2001-05-19 04:30:00,527.9584252448358,527.9584252448358,0.0,0.0,20.0,27.0,0.0,100.0,1.0
2001-05-19 05:30:00,537.4672702842581,537.4672702842581,0.0,0.0,20.0,27.0,0.0,100.0,1.0
2001-05-19 06:30:00,366.39486857083466,366.39486857083466,0.0,0.0,20.0,27.0,0.0,100.0,1.0
2001-05-19 07:30:00,92.94118169704598,92.94118169704598,0.0,0.0,20.0,27.0,0.0,100.0,1.0
2001-05-19 08:30:00,0.0,0.0,0.0,0.0,20.0,27.0,0.0,100.0,3.0
2001-05-19 09:30:00,0.0,0.0,0.0,0.0,20.0,27.0,0.0,100.0,3.0
2001-05-19 10:30:00,0.0,0.0,0.0,0.0,20.0,27.0,0.0,100.0,3.0
2001-05-19 11:30:00,-99.61914100829654,-99.61914100829654,0.0,0.0,20.0,27.0,0.0,100.0,-1.0
2001-05-19 12:30:00,-666.2138433391528,-666.2138433391528,0.0,0.0,20.0,27.0,0.0,100.0,-1.0
2001-05-19 13:30:00,-943.1407415726708,-943.1407415726708,0.0,0.0,20.0,27.0,0.0,100.0,-1.0
2001-05-19 14:30:00,-1091.595972338374,-1091.595972338374,0.0,0.0,20.0,27.0,0.0,100.0,-1.0
2001-05-19 15:30:00,-1097.4408059141306,-1097.4408059141306,0.0,0.0,20.0,27.0,0.0,100.0,-1.0
2001-05-19 16:30:00,-938.6815479838888,-938.6815479838888,0.0,0.0,20.0,27.0,0.0,100.0,-1.0
2001-05-19 17:30:00,-700.5523076891741,-700.5523076891741,0.0,0.0,20.0,27.0,0.0,100.0,-1.0
2001-05-19 18:30:00,-358.93053444251655,-358.93053444251655,0.0,0.0,20.0,27.0,0.0,100.0,-1.0
2001-05-19 19:30:00,0.0,0.0,0.0,0.0,20.0,27.0,0.0,100.0,3.0
2001-05-19 20:30:00,0.0,0.0,0.0,0.0,20.0,27.0,0.0,100.0,3.0
2001-05-19 21:30:00,0.0,0.0,0.0,0.0,20.0,27.0,0.0,100.0,3.0
2001-05-19 22:30:00,0.0,0.0,0.0,0.0,20.0,27.0,0.0,100.0,3.0
2001-05-19 23:30:00,0.0,0.0,0.0,0.0,20.0,27.0,0.0,100.0,3.0
2001-05-20 00:30:00,0.0,0.0,0.0,0.0,20.0,27.0,0.0,100.0,3.0
2001-05-20 01:30:00,0.0,0.0,0.0,0.0,20.0,27.0,0.0,100.0,3.0
2001-05-20 02:30:00,0.0,0.0,0.0,0.0,20.0,27.0,0.0,100.0,3.0
2001-05-20 03:30:00,0.0,0.0,0.0,0.0,20.0,27.0,0.0,100.0,3.0
2001-05-20 04:30:00,0.0,0.0,0.0,0.0,20.0,27.0,0.0,100.0,3.0
2001-05-20 05:30:00,0.0,0.0,0.0,0.0,20.0,27.0,0.0,100.0,3.0
2001-05-20 06:30:00,0.0,0.0,0.0,0.0,20.0,27.0,0.0,100.0,3.0
2001-05-20 07:30:00,0.0,0.0,0.0,0.0,20.0,27.0,0.0,100.0,3.0
2001-05-20 08:30:00,0.0,0.0,0.0,0.0,20.0,27.0,0.0,100.0,3.0
2001-05-20 09:30:00,-161.2210435596544,-161.2210435596544,0.0,0.0,20.0,27.0,0.0,100.0,-1.0
2001-05-20 10:30:00,-850.9075849105584,-850.9075849105584,0.0,0.0,20.0,27.0,0.0,100.0,-1.0
2001-05-20 11:30:00,-1308.3767657139788,-1308.3767657139788,0.0,0.0,20.0,27.0,0.0,100.0,-1.0
2001-05-20 12:30:00,-1597.2291259261337,-1597.2291259261337,0.0,0.0,20.0,27.0,0.0,100.0,-1.0
2001-05-20 13:30:00,-1820.3207814705265,-1820.3207814705265,0.0,0.0,20.0,27.0,0.0,100.0,-1.0
2001-05-20 14:30:00,-1934.7269516150218,-1934.7269516150218,0.0,0.0,20.0,27.0,0.0,100.0,-1.0
2001-05-20 15:30:00,-1916.80585168597,-1916.80585168597,0.0,0.0,20.0,27.0,0.0,100.0,-1.0
2001-05-20 16:30:00,-1806.8721749183032,-1806.8721749183032,0.0,0.0,20.0,27.0,0.0,100.0,-1.0
2001-05-20 17:30:00,-1582.1685732129727,-1582.1685732129727,0.0,0.0,20.0,27.0,0.0,100.0,-1.0
2001-05-20 18:30:00,-1247.8282661070998,-1247.8282661070998,0.0,0.0,20.0,27.0,0.0,100.0,-1.0
2001-05-20 19:30:00,-881.2401895111971,-881.2401895111971,0.0,0.0,20.0,27.0,0.0,100.0,-1.0
2001-05-20 20:30:00,-543.9322068290794,-543.9322068290794,0.0,0.0,20.0,27.0,0.0,100.0,-1.0
2001-05-20 21:30:00,-305.63869785008865,-305.63869785008865,0.0,0.0,20.0,27.0,0.0,100.0,-1.0
2001-05-20 22:30:00,-128.25760892217932,-128.25760892217932,0.0,0.0,20.0,27.0,0.0,100.0,-1.0
2001-05-20 23:30:00,0.0,0.0,0.0,0.0,20.0,27.0,0.0,100.0,3.0
2001-05-21 00:30:00,0.0,0.0,0.0,0.0,20.0,27.0,0.0,100.0,3.0
2001-05-21 01:30:00,0.0,0.0,0.0,0.0,20.0,27.0,0.0,100.0,3.0
2001-05-21 02:30:00,0.0,0.0,0.0,0.0,20.0,27.0,0.0,100.0,3.0
2001-05-21 03:30:00,0.0,0.0,0.0,0.0,20.0,27.0,0.0,100.0,3.0
2001-05-21 04:30:00,0.0,0.0,0.0,0.0,20.0,27.0,0.0,100.0,3.0
2001-05-21 05:30:00,0.0,0.0,0.0,0.0,20.0,27.0,0.0,100.0,3.0
2001-05-21 06:30:00,0.0,0.0,0.0,0.0,20.0,27.0,0.0,100.0,3.0
2001-05-21 07:30:00,0.0,0.0,0.0,0.0,20.0,27.0,0.0,100.0,3.0
2001-05-21 08:30:00,0.0,0.0,0.0,0.0,20.0,27.0,0.0,100.0,3.0
2001-05-21 09:30:00,-329.1274756968205,-329.1274756968205,0.0,0.0,20.0,27.0,0.0,100.0,-1.0
2001-05-21 10:30:00,-934.8570042020738,-934.8570042020738,0.0,0.0,20.0,27.0,0.0,100.0,-1.0
2001-05-21 11:30:00,-1365.6800508052957,-1365.6800508052957,0.0,0.0,20.0,27.0,0.0,100.0,-1.0
2001-05-21 12:30:00,-1618.889250283234,-1618.889250283234,0.0,0.0,20.0,27.0,0.0,100.0,-1.0
2001-05-21 13:30:00,-1789.3768314224899,-1789.3768314224899,0.0,0.0,20.0,27.0,0.0,100.0,-1.0
2001-05-21 14:30:00,-1879.8984898894787,-1879.8984898894787,0.0,0.0,20.0,27.0,0.0,100.0,-1.0
2001-05-21 15:30:00,-1856.3799841652462,-1856.3799841652462,0.0,0.0,20.0,27.0,0.0,100.0,-1.0
2001-05-21 16:30:00,-1694.2659010260331,-1694.2659010260331,0.0,0.0,20.0,27.0,0.0,100.0,-1.0
2001-05-21 17:30:00,-1419.4971366852687,-1419.4971366852687,0.0,0.0,20.0,27.0,0.0,100.0,-1.0
2001-05-21 18:30:00,-1108.1194401388102,-1108.1194401388102,0.0,0.0,20.0,27.0,0.0,100.0,-1.0
2001-05-21 19:30:00,-739.9598362006736,-739.9598362006736,0.0,0.0,20.0,27.0,0.0,100.0,-1.0
2001-05-21 20:30:00,-364.47912990656823,-364.47912990656823,0.0,0.0,20.0,27.0,0.0,100.0,-1.0
2001-05-21 21:30:00,-88.06915586902414,-88.06915586902414,0.0,0.0,20.0,27.0,0.0,100.0,-1.0
2001-05-21 22:30:00,0.0,0.0,0.0,0.0,20.0,27.0,0.0,100.0,3.0
2001-05-21 23:30:00,0.0,0.0,0.0,0.0,20.0,27.0,0.0,100.0,3.0
2001-05-22 00:30:00,0.0,0.0,0.0,0.0,20.0,27.0,0.0,100.0,3.0
2001-05-22 01:30:00,0.0,0.0,0.0,0.0,20.0,27.0,0.0,100.0,3.0
2001-05-22 02:30:00,0.0,0.0,0.0,0.0,20.0,27.0,0.0,100.0,3.0
2001-05-22 03:30:00,0.0,0.0,0.0,0.0,20.0,27.0,0.0,100.0,3.0
2001-05-22 04:30:00,0.0,0.0,0.0,0.0,20.0,27.0,0.0,100.0,3.0
2001-05-22 05:30:00,0.0,0.0,0.0,0.0,20.0,27.0,0.0,100.0,3.0
2001-05-22 06:30:00,0.0,0.0,0.0,0.0,20.0,27.0,0.0,100.0,3.0
2001-05-22 07:30:00,0.0,0.0,0.0,0.0,20.0,27.0,0.0,100.0,3.0
2001-05-22 08:30:00,0.0,0.0,0.0,0.0,20.0,27.0,0.0,100.0,3.0
2001-05-22 09:30:00,0.0,0.0,0.0,0.0,20.0,27.0,0.0,100.0,3.0
2001-05-22 10:30:00,-203.61292743775175,-203.61292743775175,0.0,0.0,20.0,27.0,0.0,100.0,-1.0
2001-05-22 11:30:00,-838.2139211257263,-838.2139211257263,0.0,0.0,20.0,27.0,0.0,100.0,-1.0
2001-05-22 12:30:00,-1208.0502344192728,-1208.0502344192728,0.0,0.0,20.0,27.0,0.0,100.0,-1.0
2001-05-22 13:30:00,-1340.7966411166499,-1340.7966411166499,0.0,0.0,20.0,27.0,0.0,100.0,-1.0
2001-05-22 14:30:00,-1443.2596366992757,-1443.2596366992757,0.0,0.0,20.0,27.0,0.0,100.0,-1.0
2001-05-22 15:30:00,-1501.422661644815,-1501.422661644815,0.0,0.0,20.0,27.0,0.0,100.0,-1.0
2001-05-22 16:30:00,-1388.429978140307,-1388.429978140307,0.0,0.0,20.0,27.0,0.0,100.0,-1.0
2001-05-22 17:30:00,-1148.2576526419134,-1148.2576526419134,0.0,0.0,20.0,27.0,0.0,100.0,-1.0
2001-05-22 18:30:00,-863.501772246248,-863.501772246248,0.0,0.0,20.0,27.0,0.0,100.0,-1.0
2001-05-22 19:30:00,-471.9512298446707,-471.9512298446707,0.0,0.0,20.0,27.0,0.0,100.0,-1.0
2001-05-22 20:30:00,-118.81377493349555,-118.81377493349555,0.0,0.0,20.0,27.0,0.0,100.0,-1.0
2001-05-22 21:30:00,0.0,0.0,0.0,0.0,20.0,27.0,0.0,100.0,3.0
2001-05-22 22:30:00,0.0,0.0,0.0,0.0,20.0,27.0,0.0,100.0,3.0
2001-05-22 23:30:00,0.0,0.0,0.0,0.0,20.0,27.0,0.0,100.0,3.0
2001-05-23 00:30:00,0.0,0.0,0.0,0.0,20.0,27.0,0.0,100.0,3.0
2001-05-23 01:30:00,0.0,0.0,0.0,0.0,20.0,27.0,0.0,100.0,3.0
2001-05-23 02:30:00,0.0,0.0,0.0,0.0,20.0,27.0,0.0,100.0,3.0
2001-05-23 03:30:00,0.0,0.0,0.0,0.0,20.0,27.0,0.0,100.0,3.0
2001-05-23 04:30:00,0.0,0.0,0.0,0.0,20.0,27.0,0.0,100.0,3.0
2001-05-23 05:30:00,0.0,0.0,0.0,0.0,20.0,27.0,0.0,100.0,3.0
2001-05-23 06:30:00,0.0,0.0,0.0,0.0,20.0,27.0,0.0,100.0,3.0
2001-05-23 07:30:00,0.0,0.0,0.0,0.0,20.0,27.0,0.0,100.0,3.0
2001-05-23 08:30:00,0.0,0.0,0.0,0.0,20.0,27.0,0.0,100.0,3.0
2001-05-23 09:30:00,0.0,0.0,0.0,0.0,20.0,27.0,0.0,100.0,3.0
2001-05-23 10:30:00,-536.584037260066,-536.584037260066,0.0,0.0,20.0,27.0,0.0,100.0,-1.0
2001-05-23 11:30:00,-1077.8284136451903,-1077.8284136451903,0.0,0.0,20.0,27.0,0.0,100.0,-1.0
2001-05-23 12:30:00,-1379.2986998775696,-1379.2986998775696,0.0,0.0,20.0,27.0,0.0,100.0,-1.0
2001-05-23 13:30:00,-1561.9236496389885,-1561.9236496389885,0.0,0.0,20.0,27.0,0.0,100.0,-1.0
2001-05-23 14:30:00,-1685.484542630994,-1685.484542630994,0.0,0.0,20.0,27.0,0.0,100.0,-1.0
2001-05-23 15:30:00,-1684.2498857634337,-1684.2498857634337,0.0,0.0,20.0,27.0,0.0,100.0,-1.0
2001-05-23 16:30:00,-1567.3671346511283,-1567.3671346511283,0.0,0.0,20.0,27.0,0.0,100.0,-1.0
2001-05-23 17:30:00,-1339.015737978828,-1339.015737978828,0.0,0.0,20.0,27.0,0.0,100.0,-1.0
2001-05-23 18:30:00,-1003.6463611060126,-1003.6463611060126,0.0,0.0,20.0,27.0,0.0,100.0,-1.0
2001-05-23 19:30:00,-615.115211884312,-615.115211884312,0.0,0.0,20.0,27.0,0.0,100.0,-1.0
2001-05-23 20:30:00,-244.3313580983895,-244.3313580983895,0.0,0.0,20.0,27.0,0.0,100.0,-1.0
2001-05-23 21:30:00,0.0,0.0,0.0,0.0,20.0,27.0,0.0,100.0,3.0
2001-05-23 22:30:00,0.0,0.0,0.0,0.0,20.0,27.0,0.0,100.0,3.0
2001-05-23 23:30:00,0.0,0.0,0.0,0.0,20.0,27.0,0.0,100.0,3.0
2001-05-24 00:30:00,0.0,0.0,0.0,0.0,20.0,27.0,0.0,100.0,3.0
2001-05-24 01:30:00,0.0,0.0,0.0,0.0,20.0,27.0,0.0,100.0,3.0
2001-05-24 02:30:00,0.0,0.0,0.0,0.0,20.0,27.0,0.0,100.0,3.0
2001-05-24 03:30:00,0.0,0.0,0.0,0.0,20.0,27.0,0.0,100.0,3.0
2001-05-24 04:30:00,0.0,0.0,0.0,0.0,20.0,27.0,0.0,100.0,3.0
2001-05-24 05:30:00,213.64458159202786,213.64458159202786,0.0,0.0,20.0,27.0,0.0,100.0,1.0
2001-05-24 06:30:00,71.5123104954937,71.5123104954937,0.0,0.0,20.0,27.0,0.0,100.0,1.0
2001-05-24 07:30:00,0.0,0.0,0.0,0.0,20.0,27.0,0.0,100.0,3.0
2001-05-24 08:30:00,0.0,0.0,0.0,0.0,20.0,27.0,0.0,100.0,3.0
2001-05-24 09:30:00,0.0,0.0,0.0,0.0,20.0,27.0,0.0,100.0,3.0
2001-05-24 10:30:00,0.0,0.0,0.0,0.0,20.0,27.0,0.0,100.0,3.0
2001-05-24 11:30:00,-427.15944580957785,-427.15944580957785,0.0,0.0,20.0,27.0,0.0,100.0,-1.0
2001-05-24 12:30:00,-862.2241243065573,-862.2241243065573,0.0,0.0,20.0,27.0,0.0,100.0,-1.0
2001-05-24 13:30:00,-1085.355669631269,-1085.355669631269,0.0,0.0,20.0,27.0,0.0,100.0,-1.0
2001-05-24 14:30:00,-1224.0135709840933,-1224.0135709840933,0.0,0.0,20.0,27.0,0.0,100.0,-1.0
2001-05-24 15:30:00,-1235.829249670066,-1235.829249670066,0.0,0.0,20.0,27.0,0.0,100.0,-1.0
2001-05-24 16:30:00,-1119.6664319306756,-1119.6664319306756,0.0,0.0,20.0,27.0,0.0,100.0,-1.0
2001-05-24 17:30:00,-900.9253136177767,-900.9253136177767,0.0,0.0,20.0,27.0,0.0,100.0,-1.0
2001-05-24 18:30:00,-556.0037058722401,-556.0037058722401,0.0,0.0,20.0,27.0,0.0,100.0,-1.0
2001-05-24 19:30:00,-162.3193058883562,-162.3193058883562,0.0,0.0,20.0,27.0,0.0,100.0,-1.0
2001-05-24 20:30:00,0.0,0.0,0.0,0.0,20.0,27.0,0.0,100.0,3.0
2001-05-24 21:30:00,0.0,0.0,0.0,0.0,20.0,27.0,0.0,100.0,3.0
2001-05-24 22:30:00,0.0,0.0,0.0,0.0,20.0,27.0,0.0,100.0,3.0
2001-05-24 23:30:00,0.0,0.0,0.0,0.0,20.0,27.0,0.0,100.0,3.0
2001-05-25 00:30:00,0.0,0.0,0.0,0.0,20.0,27.0,0.0,100.0,3.0
2001-05-25 01:30:00,0.0,0.0,0.0,0.0,20.0,27.0,0.0,100.0,3.0
2001-05-25 02:30:00,0.0,0.0,0.0,0.0,20.0,27.0,0.0,100.0,3.0
2001-05-25 03:30:00,0.0,0.0,0.0,0.0,20.0,27.0,0.0,100.0,3.0
2001-05-25 04:30:00,0.0,0.0,0.0,0.0,20.0,27.0,0.0,100.0,3.0
2001-05-25 05:30:00,0.0,0.0,0.0,0.0,20.0,27.0,0.0,100.0,3.0
2001-05-25 06:30:00,0.0,0.0,0.0,0.0,20.0,27.0,0.0,100.0,3.0
2001-05-25 07:30:00,0.0,0.0,0.0,0.0,20.0,27.0,0.0,100.0,3.0
2001-05-25 08:30:00,0.0,0.0,0.0,0.0,20.0,27.0,0.0,100.0,3.0
2001-05-25 09:30:00,0.0,0.0,0.0,0.0,20.0,27.0,0.0,100.0,3.0
2001-05-25 10:30:00,0.0,0.0,0.0,0.0,20.0,27.0,0.0,100.0,3.0
2001-05-25 11:30:00,0.0,0.0,0.0,0.0,20.0,27.0,0.0,100.0,3.0
2001-05-25 12:30:00,0.0,0.0,0.0,0.0,20.0,27.0,0.0,100.0,3.0
2001-05-25 13:30:00,0.0,0.0,0.0,0.0,20.0,27.0,0.0,100.0,3.0
2001-05-25 14:30:00,0.0,0.0,0.0,0.0,20.0,27.0,0.0,100.0,3.0
2001-05-25 15:30:00,0.0,0.0,0.0,0.0,20.0,27.0,0.0,100.0,3.0
2001-05-25 16:30:00,0.0,0.0,0.0,0.0,20.0,27.0,0.0,100.0,3.0
2001-05-25 17:30:00,0.0,0.0,0.0,0.0,20.0,27.0,0.0,100.0,3.0
2001-05-25 18:30:00,0.0,0.0,0.0,0.0,20.0,27.0,0.0,100.0,3.0
2001-05-25 19:30:00,0.0,0.0,0.0,0.0,20.0,27.0,0.0,100.0,3.0
2001-05-25 20:30:00,0.0,0.0,0.0,0.0,20.0,27.0,0.0,100.0,3.0
2001-05-25 21:30:00,0.0,0.0,0.0,0.0,20.0,27.0,0.0,100.0,3.0
2001-05-25 22:30:00,0.0,0.0,0.0,0.0,20.0,27.0,0.0,100.0,3.0
2001-05-25 23:30:00,0.0,0.0,0.0,0.0,20.0,27.0,0.0,100.0,3.0
2001-05-26 00:30:00,0.0,0.0,0.0,0.0,20.0,27.0,0.0,100.0,3.0
2001-05-26 01:30:00,0.0,0.0,0.0,0.0,20.0,27.0,0.0,100.0,3.0
2001-05-26 02:30:00,0.0,0.0,0.0,0.0,20.0,27.0,0.0,100.0,3.0
2001-05-26 03:30:00,0.0,0.0,0.0,0.0,20.0,27.0,0.0,100.0,3.0
2001-05-26 04:30:00,0.0,0.0,0.0,0.0,20.0,27.0,0.0,100.0,3.0
2001-05-26 05:30:00,79.98999977425319,79.98999977425319,0.0,0.0,20.0,27.0,0.0,100.0,1.0
2001-05-26 06:30:00,0.0,0.0,0.0,0.0,20.0,27.0,0.0,100.0,3.0
2001-05-26 07:30:00,0.0,0.0,0.0,0.0,20.0,27.0,0.0,100.0,3.0
2001-05-26 08:30:00,0.0,0.0,0.0,0.0,20.0,27.0,0.0,100.0,3.0
2001-05-26 09:30:00,0.0,0.0,0.0,0.0,20.0,27.0,0.0,100.0,3.0
2001-05-26 10:30:00,-285.7271734140486,-285.7271734140486,0.0,0.0,20.0,27.0,0.0,100.0,-1.0
2001-05-26 11:30:00,-890.7143969065119,-890.7143969065119,0.0,0.0,20.0,27.0,0.0,100.0,-1.0
2001-05-26 12:30:00,-1249.8522845221005,-1249.8522845221005,0.0,0.0,20.0,27.0,0.0,100.0,-1.0
2001-05-26 13:30:00,-1454.6766031815432,-1454.6766031815432,0.0,0.0,20.0,27.0,0.0,100.0,-1.0
2001-05-26 14:30:00,-1597.1093091034409,-1597.1093091034409,0.0,0.0,20.0,27.0,0.0,100.0,-1.0
2001-05-26 15:30:00,-1609.0986350456906,-1609.0986350456906,0.0,0.0,20.0,27.0,0.0,100.0,-1.0
2001-05-26 16:30:00,-1491.560368084888,-1491.560368084888,0.0,0.0,20.0,27.0,0.0,100.0,-1.0
2001-05-26 17:30:00,-1270.6960356034715,-1270.6960356034715,0.0,0.0,20.0,27.0,0.0,100.0,-1.0
2001-05-26 18:30:00,-876.181518709468,-876.181518709468,0.0,0.0,20.0,27.0,0.0,100.0,-1.0
2001-05-26 19:30:00,-475.1338927021179,-475.1338927021179,0.0,0.0,20.0,27.0,0.0,100.0,-1.0
2001-05-26 20:30:00,-151.3266916498851,-151.3266916498851,0.0,0.0,20.0,27.0,0.0,100.0,-1.0
2001-05-26 21:30:00,0.0,0.0,0.0,0.0,20.0,27.0,0.0,100.0,3.0
2001-05-26 22:30:00,0.0,0.0,0.0,0.0,20.0,27.0,0.0,100.0,3.0
2001-05-26 23:30:00,0.0,0.0,0.0,0.0,20.0,27.0,0.0,100.0,3.0
2001-05-27 00:30:00,0.0,0.0,0.0,0.0,20.0,27.0,0.0,100.0,3.0
2001-05-27 01:30:00,0.0,0.0,0.0,0.0,20.0,27.0,0.0,100.0,3.0
2001-05-27 02:30:00,0.0,0.0,0.0,0.0,20.0,27.0,0.0,100.0,3.0
2001-05-27 03:30:00,0.0,0.0,0.0,0.0,20.0,27.0,0.0,100.0,3.0
2001-05-27 04:30:00,0.0,0.0,0.0,0.0,20.0,27.0,0.0,100.0,3.0
2001-05-27 05:30:00,0.0,0.0,0.0,0.0,20.0,27.0,0.0,100.0,3.0
2001-05-27 06:30:00,0.0,0.0,0.0,0.0,20.0,27.0,0.0,100.0,3.0
2001-05-27 07:30:00,0.0,0.0,0.0,0.0,20.0,27.0,0.0,100.0,3.0
2001-05-27 08:30:00,0.0,0.0,0.0,0.0,20.0,27.0,0.0,100.0,3.0
2001-05-27 09:30:00,0.0,0.0,0.0,0.0,20.0,27.0,0.0,100.0,3.0
2001-05-27 10:30:00,-512.6887458705778,-512.6887458705778,0.0,0.0,20.0,27.0,0.0,100.0,-1.0
2001-05-27 11:30:00,-1040.7640117500077,-1040.7640117500077,0.0,0.0,20.0,27.0,0.0,100.0,-1.0
2001-05-27 12:30:00,-1366.3244933809356,-1366.3244933809356,0.0,0.0,20.0,27.0,0.0,100.0,-1.0
2001-05-27 13:30:00,-1569.8985285771623,-1569.8985285771623,0.0,0.0,20.0,27.0,0.0,100.0,-1.0
2001-05-27 14:30:00,-1624.879321804744,-1624.879321804744,0.0,0.0,20.0,27.0,0.0,100.0,-1.0
2001-05-27 15:30:00,-1629.7785604851479,-1629.7785604851479,0.0,0.0,20.0,27.0,0.0,100.0,-1.0
2001-05-27 16:30:00,-1518.0778258360015,-1518.0778258360015,0.0,0.0,20.0,27.0,0.0,100.0,-1.0
2001-05-27 17:30:00,-1314.6827063056417,-1314.6827063056417,0.0,0.0,20.0,27.0,0.0,100.0,-1.0
2001-05-27 18:30:00,-1028.9810957877535,-1028.9810957877535,0.0,0.0,20.0,27.0,0.0,100.0,-1.0
2001-05-27 19:30:00,-657.9871497673657,-657.9871497673657,0.0,0.0,20.0,27.0,0.0,100.0,-1.0
2001-05-27 20:30:00,-341.47251748974486,-341.47251748974486,0.0,0.0,20.0,27.0,0.0,100.0,-1.0
2001-05-27 21:30:00,-134.1159994638483,-134.1159994638483,0.0,0.0,20.0,27.0,0.0,100.0,-1.0
2001-05-27 22:30:00,0.0,0.0,0.0,0.0,20.0,27.0,0.0,100.0,3.0
2001-05-27 23:30:00,0.0,0.0,0.0,0.0,20.0,27.0,0.0,100.0,3.0
2001-05-28 00:30:00,0.0,0.0,0.0,0.0,20.0,27.0,0.0,100.0,3.0
2001-05-28 01:30:00,0.0,0.0,0.0,0.0,20.0,27.0,0.0,100.0,3.0
2001-05-28 02:30:00,0.0,0.0,0.0,0.0,20.0,27.0,0.0,100.0,3.0
2001-05-28 03:30:00,0.0,0.0,0.0,0.0,20.0,27.0,0.0,100.0,3.0
2001-05-28 04:30:00,0.0,0.0,0.0,0.0,20.0,27.0,0.0,100.0,3.0
2001-05-28 05:30:00,0.0,0.0,0.0,0.0,20.0,27.0,0.0,100.0,3.0
2001-05-28 06:30:00,0.0,0.0,0.0,0.0,20.0,27.0,0.0,100.0,3.0
2001-05-28 07:30:00,0.0,0.0,0.0,0.0,20.0,27.0,0.0,100.0,3.0
2001-05-28 08:30:00,-290.1008901067371,-290.1008901067371,0.0,0.0,20.0,27.0,0.0,100.0,-1.0
2001-05-28 09:30:00,-819.8940091571085,-819.8940091571085,0.0,0.0,20.0,27.0,0.0,100.0,-1.0
2001-05-28 10:30:00,-1208.9418845521604,-1208.9418845521604,0.0,0.0,20.0,27.0,0.0,100.0,-1.0
2001-05-28 11:30:00,-1540.660004459448,-1540.660004459448,0.0,0.0,20.0,27.0,0.0,100.0,-1.0
2001-05-28 12:30:00,-1762.1126812412358,-1762.1126812412358,0.0,0.0,20.0,27.0,0.0,100.0,-1.0
2001-05-28 13:30:00,-1921.058003155481,-1921.058003155481,0.0,0.0,20.0,27.0,0.0,100.0,-1.0
2001-05-28 14:30:00,-2006.9146661128352,-2006.9146661128352,0.0,0.0,20.0,27.0,0.0,100.0,-1.0
2001-05-28 15:30:00,-1938.6751298743611,-1938.6751298743611,0.0,0.0,20.0,27.0,0.0,100.0,-1.0
2001-05-28 16:30:00,-1781.8351161630208,-1781.8351161630208,0.0,0.0,20.0,27.0,0.0,100.0,-1.0
2001-05-28 17:30:00,-1561.0463792029414,-1561.0463792029414,0.0,0.0,20.0,27.0,0.0,100.0,-1.0
2001-05-28 18:30:00,-1271.7569004221814,-1271.7569004221814,0.0,0.0,20.0,27.0,0.0,100.0,-1.0
2001-05-28 19:30:00,-927.6227959077396,-927.6227959077396,0.0,0.0,20.0,27.0,0.0,100.0,-1.0
2001-05-28 20:30:00,-580.7929580877781,-580.7929580877781,0.0,0.0,20.0,27.0,0.0,100.0,-1.0
2001-05-28 21:30:00,-328.9122032397463,-328.9122032397463,0.0,0.0,20.0,27.0,0.0,100.0,-1.0
2001-05-28 22:30:00,-135.55389716068112,-135.55389716068112,0.0,0.0,20.0,27.0,0.0,100.0,-1.0
2001-05-28 23:30:00,0.0,0.0,0.0,0.0,20.0,27.0,0.0,100.0,3.0
2001-05-29 00:30:00,0.0,0.0,0.0,0.0,20.0,27.0,0.0,100.0,3.0
2001-05-29 01:30:00,0.0,0.0,0.0,0.0,20.0,27.0,0.0,100.0,3.0
2001-05-29 02:30:00,0.0,0.0,0.0,0.0,20.0,27.0,0.0,100.0,3.0
2001-05-29 03:30:00,0.0,0.0,0.0,0.0,20.0,27.0,0.0,100.0,3.0
2001-05-29 04:30:00,0.0,0.0,0.0,0.0,20.0,27.0,0.0,100.0,3.0
2001-05-29 05:30:00,0.0,0.0,0.0,0.0,20.0,27.0,0.0,100.0,3.0
2001-05-29 06:30:00,0.0,0.0,0.0,0.0,20.0,27.0,0.0,100.0,3.0
2001-05-29 07:30:00,0.0,0.0,0.0,0.0,20.0,27.0,0.0,100.0,3.0
2001-05-29 08:30:00,0.0,0.0,0.0,0.0,20.0,27.0,0.0,100.0,3.0
2001-05-29 09:30:00,0.0,0.0,0.0,0.0,20.0,27.0,0.0,100.0,3.0
2001-05-29 10:30:00,0.0,0.0,0.0,0.0,20.0,27.0,0.0,100.0,3.0
2001-05-29 11:30:00,-500.6779455689348,-500.6779455689348,0.0,0.0,20.0,27.0,0.0,100.0,-1.0
2001-05-29 12:30:00,-975.9429198386433,-975.9429198386433,0.0,0.0,20.0,27.0,0.0,100.0,-1.0
2001-05-29 13:30:00,-1184.1911900879777,-1184.1911900879777,0.0,0.0,20.0,27.0,0.0,100.0,-1.0
2001-05-29 14:30:00,-1095.8524596684338,-1095.8524596684338,0.0,0.0,20.0,27.0,0.0,100.0,-1.0
2001-05-29 15:30:00,-929.7042110352368,-929.7042110352368,0.0,0.0,20.0,27.0,0.0,100.0,-1.0
2001-05-29 16:30:00,-801.442777123445,-801.442777123445,0.0,0.0,20.0,27.0,0.0,100.0,-1.0
2001-05-29 17:30:00,-756.956005548228,-756.956005548228,0.0,0.0,20.0,27.0,0.0,100.0,-1.0
2001-05-29 18:30:00,-551.170537994697,-551.170537994697,0.0,0.0,20.0,27.0,0.0,100.0,-1.0
2001-05-29 19:30:00,-281.5692470392578,-281.5692470392578,0.0,0.0,20.0,27.0,0.0,100.0,-1.0
2001-05-29 20:30:00,0.0,0.0,0.0,0.0,20.0,27.0,0.0,100.0,3.0
2001-05-29 21:30:00,0.0,0.0,0.0,0.0,20.0,27.0,0.0,100.0,3.0
2001-05-29 22:30:00,0.0,0.0,0.0,0.0,20.0,27.0,0.0,100.0,3.0
2001-05-29 23:30:00,0.0,0.0,0.0,0.0,20.0,27.0,0.0,100.0,3.0
2001-05-30 00:30:00,0.0,0.0,0.0,0.0,20.0,27.0,0.0,100.0,3.0
2001-05-30 01:30:00,0.0,0.0,0.0,0.0,20.0,27.0,0.0,100.0,3.0
2001-05-30 02:30:00,0.0,0.0,0.0,0.0,20.0,27.0,0.0,100.0,3.0
2001-05-30 03:30:00,0.0,0.0,0.0,0.0,20.0,27.0,0.0,100.0,3.0
2001-05-30 04:30:00,0.0,0.0,0.0,0.0,20.0,27.0,0.0,100.0,3.0
2001-05-30 05:30:00,0.0,0.0,0.0,0.0,20.0,27.0,0.0,100.0,3.0
2001-05-30 06:30:00,0.0,0.0,0.0,0.0,20.0,27.0,0.0,100.0,3.0
2001-05-30 07:30:00,0.0,0.0,0.0,0.0,20.0,27.0,0.0,100.0,3.0
2001-05-30 08:30:00,0.0,0.0,0.0,0.0,20.0,27.0,0.0,100.0,3.0
2001-05-30 09:30:00,0.0,0.0,0.0,0.0,20.0,27.0,0.0,100.0,3.0
2001-05-30 10:30:00,0.0,0.0,0.0,0.0,20.0,27.0,0.0,100.0,3.0
2001-05-30 11:30:00,-89.11086062426966,-89.11086062426966,0.0,0.0,20.0,27.0,0.0,100.0,-1.0
2001-05-30 12:30:00,-610.9681469025209,-610.9681469025209,0.0,0.0,20.0,27.0,0.0,100.0,-1.0
2001-05-30 13:30:00,-952.2625147337376,-952.2625147337376,0.0,0.0,20.0,27.0,0.0,100.0,-1.0
2001-05-30 14:30:00,-1031.871763082293,-1031.871763082293,0.0,0.0,20.0,27.0,0.0,100.0,-1.0
2001-05-30 15:30:00,-660.7323651369034,-660.7323651369034,0.0,0.0,20.0,27.0,0.0,100.0,-1.0
2001-05-30 16:30:00,-415.97632737873846,-415.97632737873846,0.0,0.0,20.0,27.0,0.0,100.0,-1.0
2001-05-30 17:30:00,-134.6516661302021,-134.6516661302021,0.0,0.0,20.0,27.0,0.0,100.0,-1.0
2001-05-30 18:30:00,-36.891909641611164,-36.891909641611164,0.0,0.0,20.0,27.0,0.0,100.0,-1.0
2001-05-30 19:30:00,0.0,0.0,0.0,0.0,20.0,27.0,0.0,100.0,3.0
2001-05-30 20:30:00,0.0,0.0,0.0,0.0,20.0,27.0,0.0,100.0,3.0
2001-05-30 21:30:00,0.0,0.0,0.0,0.0,20.0,27.0,0.0,100.0,3.0
2001-05-30 22:30:00,0.0,0.0,0.0,0.0,20.0,27.0,0.0,100.0,3.0
2001-05-30 23:30:00,0.0,0.0,0.0,0.0,20.0,27.0,0.0,100.0,3.0
2001-05-31 00:30:00,0.0,0.0,0.0,0.0,20.0,27.0,0.0,100.0,3.0
2001-05-31 01:30:00,0.0,0.0,0.0,0.0,20.0,27.0,0.0,100.0,3.0
2001-05-31 02:30:00,0.0,0.0,0.0,0.0,20.0,27.0,0.0,100.0,3.0
2001-05-31 03:30:00,0.0,0.0,0.0,0.0,20.0,27.0,0.0,100.0,3.0
2001-05-31 04:30:00,14.19394916829242,14.19394916829242,0.0,0.0,20.0,27.0,0.0,100.0,1.0
2001-05-31 05:30:00,165.89470992050428,165.89470992050428,0.0,0.0,20.0,27.0,0.0,100.0,1.0
2001-05-31 06:30:00,0.0,0.0,0.0,0.0,20.0,27.0,0.0,100.0,3.0
2001-05-31 07:30:00,0.0,0.0,0.0,0.0,20.0,27.0,0.0,100.0,3.0
2001-05-31 08:30:00,0.0,0.0,0.0,0.0,20.0,27.0,0.0,100.0,3.0
2001-05-31 09:30:00,0.0,0.0,0.0,0.0,20.0,27.0,0.0,100.0,3.0
2001-05-31 10:30:00,-192.49245330532267,-192.49245330532267,0.0,0.0,20.0,27.0,0.0,100.0,-1.0
2001-05-31 11:30:00,-766.73490503431,-766.73490503431,0.0,0.0,20.0,27.0,0.0,100.0,-1.0
2001-05-31 12:30:00,-1062.5245525669843,-1062.5245525669843,0.0,0.0,20.0,27.0,0.0,100.0,-1.0
2001-05-31 13:30:00,-1227.206570349902,-1227.206570349902,0.0,0.0,20.0,27.0,0.0,100.0,-1.0
2001-05-31 14:30:00,-1276.0338536754161,-1276.0338536754161,0.0,0.0,20.0,27.0,0.0,100.0,-1.0
2001-05-31 15:30:00,-1214.5770767434778,-1214.5770767434778,0.0,0.0,20.0,27.0,0.0,100.0,-1.0
2001-05-31 16:30:00,-1024.649859322145,-1024.649859322145,0.0,0.0,20.0,27.0,0.0,100.0,-1.0
2001-05-31 17:30:00,-735.3304433808034,-735.3304433808034,0.0,0.0,20.0,27.0,0.0,100.0,-1.0
2001-05-31 18:30:00,-412.20890319433875,-412.20890319433875,0.0,0.0,20.0,27.0,0.0,100.0,-1.0
2001-05-31 19:30:00,-84.36294701006136,-84.36294701006136,0.0,0.0,20.0,27.0,0.0,100.0,-1.0
2001-05-31 20:30:00,0.0,0.0,0.0,0.0,20.0,27.0,0.0,100.0,3.0
2001-05-31 21:30:00,0.0,0.0,0.0,0.0,20.0,27.0,0.0,100.0,3.0
2001-05-31 22:30:00,0.0,0.0,0.0,0.0,20.0,27.0,0.0,100.0,3.0
2001-05-31 23:30:00,0.0,0.0,0.0,0.0,20.0,27.0,0.0,100.0,3.0
2001-06-01 00:30:00,0.0,0.0,0.0,0.0,20.0,27.0,0.0,100.0,3.0
2001-06-01 01:30:00,0.0,0.0,0.0,0.0,20.0,27.0,0.0,100.0,3.0
2001-06-01 02:30:00,0.0,0.0,0.0,0.0,20.0,27.0,0.0,100.0,3.0
2001-06-01 03:30:00,148.00895009745727,148.00895009745727,0.0,0.0,20.0,27.0,0.0,100.0,1.0
2001-06-01 04:30:00,371.8410630683702,371.8410630683702,0.0,0.0,20.0,27.0,0.0,100.0,1.0
2001-06-01 05:30:00,487.7655577200494,487.7655577200494,0.0,0.0,20.0,27.0,0.0,100.0,1.0
2001-06-01 06:30:00,260.0828312456324,260.0828312456324,0.0,0.0,20.0,27.0,0.0,100.0,1.0
2001-06-01 07:30:00,0.0,0.0,0.0,0.0,20.0,27.0,0.0,100.0,3.0
2001-06-01 08:30:00,0.0,0.0,0.0,0.0,20.0,27.0,0.0,100.0,3.0
2001-06-01 09:30:00,0.0,0.0,0.0,0.0,20.0,27.0,0.0,100.0,3.0
2001-06-01 10:30:00,0.0,0.0,0.0,0.0,20.0,27.0,0.0,100.0,3.0
2001-06-01 11:30:00,-249.95734900435764,-249.95734900435764,0.0,0.0,20.0,27.0,0.0,100.0,-1.0
2001-06-01 12:30:00,-819.2233592402727,-819.2233592402727,0.0,0.0,20.0,27.0,0.0,100.0,-1.0
2001-06-01 13:30:00,-1112.7841527006958,-1112.7841527006958,0.0,0.0,20.0,27.0,0.0,100.0,-1.0
2001-06-01 14:30:00,-1262.3653326566646,-1262.3653326566646,0.0,0.0,20.0,27.0,0.0,100.0,-1.0
2001-06-01 15:30:00,-1261.534993934917,-1261.534993934917,0.0,0.0,20.0,27.0,0.0,100.0,-1.0
2001-06-01 16:30:00,-1180.983511542404,-1180.983511542404,0.0,0.0,20.0,27.0,0.0,100.0,-1.0
2001-06-01 17:30:00,-967.4207462550012,-967.4207462550012,0.0,0.0,20.0,27.0,0.0,100.0,-1.0
2001-06-01 18:30:00,-709.2643675519857,-709.2643675519857,0.0,0.0,20.0,27.0,0.0,100.0,-1.0
2001-06-01 19:30:00,-301.9366810311067,-301.9366810311067,0.0,0.0,20.0,27.0,0.0,100.0,-1.0
2001-06-01 20:30:00,0.0,0.0,0.0,0.0,20.0,27.0,0.0,100.0,3.0
2001-06-01 21:30:00,0.0,0.0,0.0,0.0,20.0,27.0,0.0,100.0,3.0
2001-06-01 22:30:00,0.0,0.0,0.0,0.0,20.0,27.0,0.0,100.0,3.0
2001-06-01 23:30:00,0.0,0.0,0.0,0.0,20.0,27.0,0.0,100.0,3.0
2001-06-02 00:30:00,0.0,0.0,0.0,0.0,20.0,27.0,0.0,100.0,3.0
2001-06-02 01:30:00,0.0,0.0,0.0,0.0,20.0,27.0,0.0,100.0,3.0
2001-06-02 02:30:00,0.0,0.0,0.0,0.0,20.0,27.0,0.0,100.0,3.0
2001-06-02 03:30:00,44.05374974532151,44.05374974532151,0.0,0.0,20.0,27.0,0.0,100.0,1.0
2001-06-02 04:30:00,291.27656038037003,291.27656038037003,0.0,0.0,20.0,27.0,0.0,100.0,1.0
2001-06-02 05:30:00,415.20861477664766,415.20861477664766,0.0,0.0,20.0,27.0,0.0,100.0,1.0
2001-06-02 06:30:00,260.4178402858124,260.4178402858124,0.0,0.0,20.0,27.0,0.0,100.0,1.0
2001-06-02 07:30:00,3.80419377191447,3.80419377191447,0.0,0.0,20.0,27.0,0.0,100.0,1.0
2001-06-02 08:30:00,0.0,0.0,0.0,0.0,20.0,27.0,0.0,100.0,3.0
2001-06-02 09:30:00,0.0,0.0,0.0,0.0,20.0,27.0,0.0,100.0,3.0
2001-06-02 10:30:00,0.0,0.0,0.0,0.0,20.0,27.0,0.0,100.0,3.0
2001-06-02 11:30:00,-225.97882575264066,-225.97882575264066,0.0,0.0,20.0,27.0,0.0,100.0,-1.0
2001-06-02 12:30:00,-811.2755862603817,-811.2755862603817,0.0,0.0,20.0,27.0,0.0,100.0,-1.0
2001-06-02 13:30:00,-1128.0845681511064,-1128.0845681511064,0.0,0.0,20.0,27.0,0.0,100.0,-1.0
2001-06-02 14:30:00,-1259.7064272236848,-1259.7064272236848,0.0,0.0,20.0,27.0,0.0,100.0,-1.0
2001-06-02 15:30:00,-1330.7055390080777,-1330.7055390080777,0.0,0.0,20.0,27.0,0.0,100.0,-1.0
2001-06-02 16:30:00,-1266.0069003540038,-1266.0069003540038,0.0,0.0,20.0,27.0,0.0,100.0,-1.0
2001-06-02 17:30:00,-1075.5249767222422,-1075.5249767222422,0.0,0.0,20.0,27.0,0.0,100.0,-1.0
2001-06-02 18:30:00,-779.674326468813,-779.674326468813,0.0,0.0,20.0,27.0,0.0,100.0,-1.0
2001-06-02 19:30:00,-375.57073556796695,-375.57073556796695,0.0,0.0,20.0,27.0,0.0,100.0,-1.0
2001-06-02 20:30:00,-7.482375579553263,-7.482375579553263,0.0,0.0,20.0,27.0,0.0,100.0,-1.0
2001-06-02 21:30:00,0.0,0.0,0.0,0.0,20.0,27.0,0.0,100.0,3.0
2001-06-02 22:30:00,0.0,0.0,0.0,0.0,20.0,27.0,0.0,100.0,3.0
2001-06-02 23:30:00,0.0,0.0,0.0,0.0,20.0,27.0,0.0,100.0,3.0
2001-06-03 00:30:00,0.0,0.0,0.0,0.0,20.0,27.0,0.0,100.0,3.0
2001-06-03 01:30:00,0.0,0.0,0.0,0.0,20.0,27.0,0.0,100.0,3.0
2001-06-03 02:30:00,0.0,0.0,0.0,0.0,20.0,27.0,0.0,100.0,3.0
2001-06-03 03:30:00,0.0,0.0,0.0,0.0,20.0,27.0,0.0,100.0,3.0
2001-06-03 04:30:00,142.32414167599563,142.32414167599563,0.0,0.0,20.0,27.0,0.0,100.0,1.0
2001-06-03 05:30:00,317.77569885942285,317.77569885942285,0.0,0.0,20.0,27.0,0.0,100.0,1.0
2001-06-03 06:30:00,205.25576167977033,205.25576167977033,0.0,0.0,20.0,27.0,0.0,100.0,1.0
2001-06-03 07:30:00,0.0,0.0,0.0,0.0,20.0,27.0,0.0,100.0,3.0
2001-06-03 08:30:00,0.0,0.0,0.0,0.0,20.0,27.0,0.0,100.0,3.0
2001-06-03 09:30:00,0.0,0.0,0.0,0.0,20.0,27.0,0.0,100.0,3.0
2001-06-03 10:30:00,0.0,0.0,0.0,0.0,20.0,27.0,0.0,100.0,3.0
2001-06-03 11:30:00,-354.3169465306919,-354.3169465306919,0.0,0.0,20.0,27.0,0.0,100.0,-1.0
2001-06-03 12:30:00,-921.2952502469916,-921.2952502469916,0.0,0.0,20.0,27.0,0.0,100.0,-1.0
2001-06-03 13:30:00,-1184.9353955496363,-1184.9353955496363,0.0,0.0,20.0,27.0,0.0,100.0,-1.0
2001-06-03 14:30:00,-1366.2019069795924,-1366.2019069795924,0.0,0.0,20.0,27.0,0.0,100.0,-1.0
2001-06-03 15:30:00,-1394.6639576575808,-1394.6639576575808,0.0,0.0,20.0,27.0,0.0,100.0,-1.0
2001-06-03 16:30:00,-1304.605129808896,-1304.605129808896,0.0,0.0,20.0,27.0,0.0,100.0,-1.0
2001-06-03 17:30:00,-1099.5919014566998,-1099.5919014566998,0.0,0.0,20.0,27.0,0.0,100.0,-1.0
2001-06-03 18:30:00,-787.4318389230857,-787.4318389230857,0.0,0.0,20.0,27.0,0.0,100.0,-1.0
2001-06-03 19:30:00,-436.85732370315327,-436.85732370315327,0.0,0.0,20.0,27.0,0.0,100.0,-1.0
2001-06-03 20:30:00,-43.17319508333185,-43.17319508333185,0.0,0.0,20.0,27.0,0.0,100.0,-1.0
2001-06-03 21:30:00,0.0,0.0,0.0,0.0,20.0,27.0,0.0,100.0,3.0
2001-06-03 22:30:00,0.0,0.0,0.0,0.0,20.0,27.0,0.0,100.0,3.0
2001-06-03 23:30:00,0.0,0.0,0.0,0.0,20.0,27.0,0.0,100.0,3.0
2001-06-04 00:30:00,0.0,0.0,0.0,0.0,20.0,27.0,0.0,100.0,3.0
2001-06-04 01:30:00,0.0,0.0,0.0,0.0,20.0,27.0,0.0,100.0,3.0
2001-06-04 02:30:00,56.108134898497156,56.108134898497156,0.0,0.0,20.0,27.0,0.0,100.0,1.0
2001-06-04 03:30:00,439.01017954115287,439.01017954115287,0.0,0.0,20.0,27.0,0.0,100.0,1.0
2001-06-04 04:30:00,691.953000133607,691.953000133607,0.0,0.0,20.0,27.0,0.0,100.0,1.0
2001-06-04 05:30:00,852.3620378361184,852.3620378361184,0.0,0.0,20.0,27.0,0.0,100.0,1.0
2001-06-04 06:30:00,545.067865056134,545.067865056134,0.0,0.0,20.0,27.0,0.0,100.0,1.0
2001-06-04 07:30:00,236.85892824354505,236.85892824354505,0.0,0.0,20.0,27.0,0.0,100.0,1.0
2001-06-04 08:30:00,0.0,0.0,0.0,0.0,20.0,27.0,0.0,100.0,3.0
2001-06-04 09:30:00,0.0,0.0,0.0,0.0,20.0,27.0,0.0,100.0,3.0
2001-06-04 10:30:00,0.0,0.0,0.0,0.0,20.0,27.0,0.0,100.0,3.0
2001-06-04 11:30:00,0.0,0.0,0.0,0.0,20.0,27.0,0.0,100.0,3.0
2001-06-04 12:30:00,-277.3601724106402,-277.3601724106402,0.0,0.0,20.0,27.0,0.0,100.0,-1.0
2001-06-04 13:30:00,-645.8023522556659,-645.8023522556659,0.0,0.0,20.0,27.0,0.0,100.0,-1.0
2001-06-04 14:30:00,-821.5861433462114,-821.5861433462114,0.0,0.0,20.0,27.0,0.0,100.0,-1.0
2001-06-04 15:30:00,-858.2132731958272,-858.2132731958272,0.0,0.0,20.0,27.0,0.0,100.0,-1.0
2001-06-04 16:30:00,-744.3573863781157,-744.3573863781157,0.0,0.0,20.0,27.0,0.0,100.0,-1.0
2001-06-04 17:30:00,-550.6319236671834,-550.6319236671834,0.0,0.0,20.0,27.0,0.0,100.0,-1.0
2001-06-04 18:30:00,-237.41322734573168,-237.41322734573168,0.0,0.0,20.0,27.0,0.0,100.0,-1.0
2001-06-04 19:30:00,0.0,0.0,0.0,0.0,20.0,27.0,0.0,100.0,3.0
2001-06-04 20:30:00,0.0,0.0,0.0,0.0,20.0,27.0,0.0,100.0,3.0
2001-06-04 21:30:00,0.0,0.0,0.0,0.0,20.0,27.0,0.0,100.0,3.0
2001-06-04 22:30:00,0.0,0.0,0.0,0.0,20.0,27.0,0.0,100.0,3.0
2001-06-04 23:30:00,0.0,0.0,0.0,0.0,20.0,27.0,0.0,100.0,3.0
2001-06-05 00:30:00,0.0,0.0,0.0,0.0,20.0,27.0,0.0,100.0,3.0
2001-06-05 01:30:00,262.56298057149434,262.56298057149434,0.0,0.0,20.0,27.0,0.0,100.0,1.0
2001-06-05 02:30:00,429.29211074625346,429.29211074625346,0.0,0.0,20.0,27.0,0.0,100.0,1.0
2001-06-05 03:30:00,534.0162377548331,534.0162377548331,0.0,0.0,20.0,27.0,0.0,100.0,1.0
2001-06-05 04:30:00,604.3623207499259,604.3623207499259,0.0,0.0,20.0,27.0,0.0,100.0,1.0
2001-06-05 05:30:00,632.611560699751,632.611560699751,0.0,0.0,20.0,27.0,0.0,100.0,1.0
2001-06-05 06:30:00,426.390990400846,426.390990400846,0.0,0.0,20.0,27.0,0.0,100.0,1.0
2001-06-05 07:30:00,55.15214871759417,55.15214871759417,0.0,0.0,20.0,27.0,0.0,100.0,1.0
2001-06-05 08:30:00,0.0,0.0,0.0,0.0,20.0,27.0,0.0,100.0,3.0
2001-06-05 09:30:00,0.0,0.0,0.0,0.0,20.0,27.0,0.0,100.0,3.0
2001-06-05 10:30:00,0.0,0.0,0.0,0.0,20.0,27.0,0.0,100.0,3.0
2001-06-05 11:30:00,-237.62794987839698,-237.62794987839698,0.0,0.0,20.0,27.0,0.0,100.0,-1.0
2001-06-05 12:30:00,-819.5165549375715,-819.5165549375715,0.0,0.0,20.0,27.0,0.0,100.0,-1.0
2001-06-05 13:30:00,-1100.6812446473696,-1100.6812446473696,0.0,0.0,20.0,27.0,0.0,100.0,-1.0
2001-06-05 14:30:00,-1242.5620834426836,-1242.5620834426836,0.0,0.0,20.0,27.0,0.0,100.0,-1.0
2001-06-05 15:30:00,-1260.346916166328,-1260.346916166328,0.0,0.0,20.0,27.0,0.0,100.0,-1.0
2001-06-05 16:30:00,-1170.6475055823894,-1170.6475055823894,0.0,0.0,20.0,27.0,0.0,100.0,-1.0
2001-06-05 17:30:00,-969.9145573394298,-969.9145573394298,0.0,0.0,20.0,27.0,0.0,100.0,-1.0
2001-06-05 18:30:00,-683.2996130160564,-683.2996130160564,0.0,0.0,20.0,27.0,0.0,100.0,-1.0
2001-06-05 19:30:00,-337.9730422269249,-337.9730422269249,0.0,0.0,20.0,27.0,0.0,100.0,-1.0
2001-06-05 20:30:00,0.0,0.0,0.0,0.0,20.0,27.0,0.0,100.0,3.0
2001-06-05 21:30:00,0.0,0.0,0.0,0.0,20.0,27.0,0.0,100.0,3.0
2001-06-05 22:30:00,0.0,0.0,0.0,0.0,20.0,27.0,0.0,100.0,3.0
2001-06-05 23:30:00,0.0,0.0,0.0,0.0,20.0,27.0,0.0,100.0,3.0
2001-06-06 00:30:00,0.0,0.0,0.0,0.0,20.0,27.0,0.0,100.0,3.0
2001-06-06 01:30:00,0.0,0.0,0.0,0.0,20.0,27.0,0.0,100.0,3.0
2001-06-06 02:30:00,0.0,0.0,0.0,0.0,20.0,27.0,0.0,100.0,3.0
2001-06-06 03:30:00,212.72053083365427,212.72053083365427,0.0,0.0,20.0,27.0,0.0,100.0,1.0
2001-06-06 04:30:00,447.16677097325373,447.16677097325373,0.0,0.0,20.0,27.0,0.0,100.0,1.0
2001-06-06 05:30:00,568.4169729875239,568.4169729875239,0.0,0.0,20.0,27.0,0.0,100.0,1.0
2001-06-06 06:30:00,332.0186464788376,332.0186464788376,0.0,0.0,20.0,27.0,0.0,100.0,1.0
2001-06-06 07:30:00,69.03225619876866,69.03225619876866,0.0,0.0,20.0,27.0,0.0,100.0,1.0
2001-06-06 08:30:00,0.0,0.0,0.0,0.0,20.0,27.0,0.0,100.0,3.0
2001-06-06 09:30:00,0.0,0.0,0.0,0.0,20.0,27.0,0.0,100.0,3.0
2001-06-06 10:30:00,0.0,0.0,0.0,0.0,20.0,27.0,0.0,100.0,3.0
2001-06-06 11:30:00,-105.70588042361942,-105.70588042361942,0.0,0.0,20.0,27.0,0.0,100.0,-1.0
2001-06-06 12:30:00,-684.940199342821,-684.940199342821,0.0,0.0,20.0,27.0,0.0,100.0,-1.0
2001-06-06 13:30:00,-979.4190448191011,-979.4190448191011,0.0,0.0,20.0,27.0,0.0,100.0,-1.0
2001-06-06 14:30:00,-1140.170326037126,-1140.170326037126,0.0,0.0,20.0,27.0,0.0,100.0,-1.0
2001-06-06 15:30:00,-1163.1370157691263,-1163.1370157691263,0.0,0.0,20.0,27.0,0.0,100.0,-1.0
2001-06-06 16:30:00,-1037.1726945927394,-1037.1726945927394,0.0,0.0,20.0,27.0,0.0,100.0,-1.0
2001-06-06 17:30:00,-857.6730492703,-857.6730492703,0.0,0.0,20.0,27.0,0.0,100.0,-1.0
2001-06-06 18:30:00,-526.7428390960586,-526.7428390960586,0.0,0.0,20.0,27.0,0.0,100.0,-1.0
2001-06-06 19:30:00,-186.94204092906966,-186.94204092906966,0.0,0.0,20.0,27.0,0.0,100.0,-1.0
2001-06-06 20:30:00,0.0,0.0,0.0,0.0,20.0,27.0,0.0,100.0,3.0
2001-06-06 21:30:00,0.0,0.0,0.0,0.0,20.0,27.0,0.0,100.0,3.0
2001-06-06 22:30:00,0.0,0.0,0.0,0.0,20.0,27.0,0.0,100.0,3.0
2001-06-06 23:30:00,0.0,0.0,0.0,0.0,20.0,27.0,0.0,100.0,3.0
2001-06-07 00:30:00,0.0,0.0,0.0,0.0,20.0,27.0,0.0,100.0,3.0
2001-06-07 01:30:00,0.0,0.0,0.0,0.0,20.0,27.0,0.0,100.0,3.0
2001-06-07 02:30:00,294.79004100071506,294.79004100071506,0.0,0.0,20.0,27.0,0.0,100.0,1.0
2001-06-07 03:30:00,516.6979600673503,516.6979600673503,0.0,0.0,20.0,27.0,0.0,100.0,1.0
2001-06-07 04:30:00,678.2392104247374,678.2392104247374,0.0,0.0,20.0,27.0,0.0,100.0,1.0
2001-06-07 05:30:00,764.6870042147748,764.6870042147748,0.0,0.0,20.0,27.0,0.0,100.0,1.0
2001-06-07 06:30:00,427.58616602629445,427.58616602629445,0.0,0.0,20.0,27.0,0.0,100.0,1.0
2001-06-07 07:30:00,86.61869213967293,86.61869213967293,0.0,0.0,20.0,27.0,0.0,100.0,1.0
2001-06-07 08:30:00,0.0,0.0,0.0,0.0,20.0,27.0,0.0,100.0,3.0
2001-06-07 09:30:00,0.0,0.0,0.0,0.0,20.0,27.0,0.0,100.0,3.0
2001-06-07 10:30:00,0.0,0.0,0.0,0.0,20.0,27.0,0.0,100.0,3.0
2001-06-07 11:30:00,0.0,0.0,0.0,0.0,20.0,27.0,0.0,100.0,3.0
2001-06-07 12:30:00,-581.7087371124644,-581.7087371124644,0.0,0.0,20.0,27.0,0.0,100.0,-1.0
2001-06-07 13:30:00,-823.337315696509,-823.337315696509,0.0,0.0,20.0,27.0,0.0,100.0,-1.0
2001-06-07 14:30:00,-977.3119534803782,-977.3119534803782,0.0,0.0,20.0,27.0,0.0,100.0,-1.0
2001-06-07 15:30:00,-1057.7246736494772,-1057.7246736494772,0.0,0.0,20.0,27.0,0.0,100.0,-1.0
2001-06-07 16:30:00,-983.4807685746391,-983.4807685746391,0.0,0.0,20.0,27.0,0.0,100.0,-1.0
2001-06-07 17:30:00,-810.950834088856,-810.950834088856,0.0,0.0,20.0,27.0,0.0,100.0,-1.0
2001-06-07 18:30:00,-551.700314504501,-551.700314504501,0.0,0.0,20.0,27.0,0.0,100.0,-1.0
2001-06-07 19:30:00,-141.57677833183516,-141.57677833183516,0.0,0.0,20.0,27.0,0.0,100.0,-1.0
2001-06-07 20:30:00,0.0,0.0,0.0,0.0,20.0,27.0,0.0,100.0,3.0
2001-06-07 21:30:00,0.0,0.0,0.0,0.0,20.0,27.0,0.0,100.0,3.0
2001-06-07 22:30:00,0.0,0.0,0.0,0.0,20.0,27.0,0.0,100.0,3.0
2001-06-07 23:30:00,0.0,0.0,0.0,0.0,20.0,27.0,0.0,100.0,3.0
2001-06-08 00:30:00,0.0,0.0,0.0,0.0,20.0,27.0,0.0,100.0,3.0
2001-06-08 01:30:00,151.74762593092237,151.74762593092237,0.0,0.0,20.0,27.0,0.0,100.0,1.0
2001-06-08 02:30:00,469.7593365290668,469.7593365290668,0.0,0.0,20.0,27.0,0.0,100.0,1.0
2001-06-08 03:30:00,679.620027528138,679.620027528138,0.0,0.0,20.0,27.0,0.0,100.0,1.0
2001-06-08 04:30:00,852.6718976045177,852.6718976045177,0.0,0.0,20.0,27.0,0.0,100.0,1.0
2001-06-08 05:30:00,953.112089586175,953.112089586175,0.0,0.0,20.0,27.0,0.0,100.0,1.0
2001-06-08 06:30:00,614.4638660437267,614.4638660437267,0.0,0.0,20.0,27.0,0.0,100.0,1.0
2001-06-08 07:30:00,290.8089516531327,290.8089516531327,0.0,0.0,20.0,27.0,0.0,100.0,1.0
2001-06-08 08:30:00,0.0,0.0,0.0,0.0,20.0,27.0,0.0,100.0,3.0
2001-06-08 09:30:00,0.0,0.0,0.0,0.0,20.0,27.0,0.0,100.0,3.0
2001-06-08 10:30:00,0.0,0.0,0.0,0.0,20.0,27.0,0.0,100.0,3.0
2001-06-08 11:30:00,0.0,0.0,0.0,0.0,20.0,27.0,0.0,100.0,3.0
2001-06-08 12:30:00,0.0,0.0,0.0,0.0,20.0,27.0,0.0,100.0,3.0
2001-06-08 13:30:00,-192.09436432025723,-192.09436432025723,0.0,0.0,20.0,27.0,0.0,100.0,-1.0
2001-06-08 14:30:00,-465.0196840538965,-465.0196840538965,0.0,0.0,20.0,27.0,0.0,100.0,-1.0
2001-06-08 15:30:00,-565.438975421489,-565.438975421489,0.0,0.0,20.0,27.0,0.0,100.0,-1.0
2001-06-08 16:30:00,-535.5978951031639,-535.5978951031639,0.0,0.0,20.0,27.0,0.0,100.0,-1.0
2001-06-08 17:30:00,-357.01140498137556,-357.01140498137556,0.0,0.0,20.0,27.0,0.0,100.0,-1.0
2001-06-08 18:30:00,-90.70791328890118,-90.70791328890118,0.0,0.0,20.0,27.0,0.0,100.0,-1.0
2001-06-08 19:30:00,0.0,0.0,0.0,0.0,20.0,27.0,0.0,100.0,3.0
2001-06-08 20:30:00,0.0,0.0,0.0,0.0,20.0,27.0,0.0,100.0,3.0
2001-06-08 21:30:00,0.0,0.0,0.0,0.0,20.0,27.0,0.0,100.0,3.0
2001-06-08 22:30:00,0.0,0.0,0.0,0.0,20.0,27.0,0.0,100.0,3.0
2001-06-08 23:30:00,0.0,0.0,0.0,0.0,20.0,27.0,0.0,100.0,3.0
2001-06-09 00:30:00,346.41617221981323,346.41617221981323,0.0,0.0,20.0,27.0,0.0,100.0,1.0
2001-06-09 01:30:00,547.2455178008022,547.2455178008022,0.0,0.0,20.0,27.0,0.0,100.0,1.0
2001-06-09 02:30:00,667.7720037237559,667.7720037237559,0.0,0.0,20.0,27.0,0.0,100.0,1.0
2001-06-09 03:30:00,745.3093816591045,745.3093816591045,0.0,0.0,20.0,27.0,0.0,100.0,1.0
2001-06-09 04:30:00,797.5825019134463,797.5825019134463,0.0,0.0,20.0,27.0,0.0,100.0,1.0
2001-06-09 05:30:00,802.9834801047709,802.9834801047709,0.0,0.0,20.0,27.0,0.0,100.0,1.0
2001-06-09 06:30:00,501.9489159824734,501.9489159824734,0.0,0.0,20.0,27.0,0.0,100.0,1.0
2001-06-09 07:30:00,136.10820196322948,136.10820196322948,0.0,0.0,20.0,27.0,0.0,100.0,1.0
2001-06-09 08:30:00,0.0,0.0,0.0,0.0,20.0,27.0,0.0,100.0,3.0
2001-06-09 09:30:00,0.0,0.0,0.0,0.0,20.0,27.0,0.0,100.0,3.0
2001-06-09 10:30:00,0.0,0.0,0.0,0.0,20.0,27.0,0.0,100.0,3.0
2001-06-09 11:30:00,0.0,0.0,0.0,0.0,20.0,27.0,0.0,100.0,3.0
2001-06-09 12:30:00,-446.53408224393115,-446.53408224393115,0.0,0.0,20.0,27.0,0.0,100.0,-1.0
2001-06-09 13:30:00,-752.4478307180825,-752.4478307180825,0.0,0.0,20.0,27.0,0.0,100.0,-1.0
2001-06-09 14:30:00,-945.2485755539792,-945.2485755539792,0.0,0.0,20.0,27.0,0.0,100.0,-1.0
2001-06-09 15:30:00,-990.3761684783558,-990.3761684783558,0.0,0.0,20.0,27.0,0.0,100.0,-1.0
2001-06-09 16:30:00,-900.2423275333467,-900.2423275333467,0.0,0.0,20.0,27.0,0.0,100.0,-1.0
2001-06-09 17:30:00,-702.9141558432739,-702.9141558432739,0.0,0.0,20.0,27.0,0.0,100.0,-1.0
2001-06-09 18:30:00,-462.19397157320327,-462.19397157320327,0.0,0.0,20.0,27.0,0.0,100.0,-1.0
2001-06-09 19:30:00,-78.09431378863246,-78.09431378863246,0.0,0.0,20.0,27.0,0.0,100.0,-1.0
2001-06-09 20:30:00,0.0,0.0,0.0,0.0,20.0,27.0,0.0,100.0,3.0
2001-06-09 21:30:00,0.0,0.0,0.0,0.0,20.0,27.0,0.0,100.0,3.0
2001-06-09 22:30:00,0.0,0.0,0.0,0.0,20.0,27.0,0.0,100.0,3.0
2001-06-09 23:30:00,0.0,0.0,0.0,0.0,20.0,27.0,0.0,100.0,3.0
2001-06-10 00:30:00,0.0,0.0,0.0,0.0,20.0,27.0,0.0,100.0,3.0
2001-06-10 01:30:00,19.016988905872495,19.016988905872495,0.0,0.0,20.0,27.0,0.0,100.0,1.0
2001-06-10 02:30:00,334.6749774908585,334.6749774908585,0.0,0.0,20.0,27.0,0.0,100.0,1.0
2001-06-10 03:30:00,527.182144436606,527.182144436606,0.0,0.0,20.0,27.0,0.0,100.0,1.0
2001-06-10 04:30:00,671.0553742244037,671.0553742244037,0.0,0.0,20.0,27.0,0.0,100.0,1.0
2001-06-10 05:30:00,750.4286980791012,750.4286980791012,0.0,0.0,20.0,27.0,0.0,100.0,1.0
2001-06-10 06:30:00,439.35141373759416,439.35141373759416,0.0,0.0,20.0,27.0,0.0,100.0,1.0
2001-06-10 07:30:00,65.85530306184319,65.85530306184319,0.0,0.0,20.0,27.0,0.0,100.0,1.0
2001-06-10 08:30:00,0.0,0.0,0.0,0.0,20.0,27.0,0.0,100.0,3.0
2001-06-10 09:30:00,0.0,0.0,0.0,0.0,20.0,27.0,0.0,100.0,3.0
2001-06-10 10:30:00,0.0,0.0,0.0,0.0,20.0,27.0,0.0,100.0,3.0
2001-06-10 11:30:00,-60.51345228450646,-60.51345228450646,0.0,0.0,20.0,27.0,0.0,100.0,-1.0
2001-06-10 12:30:00,-612.0097572076384,-612.0097572076384,0.0,0.0,20.0,27.0,0.0,100.0,-1.0
2001-06-10 13:30:00,-884.037636832355,-884.037636832355,0.0,0.0,20.0,27.0,0.0,100.0,-1.0
2001-06-10 14:30:00,-1055.158822543067,-1055.158822543067,0.0,0.0,20.0,27.0,0.0,100.0,-1.0
2001-06-10 15:30:00,-1147.7434041304523,-1147.7434041304523,0.0,0.0,20.0,27.0,0.0,100.0,-1.0
2001-06-10 16:30:00,-1101.9480234332686,-1101.9480234332686,0.0,0.0,20.0,27.0,0.0,100.0,-1.0
2001-06-10 17:30:00,-907.8179261729865,-907.8179261729865,0.0,0.0,20.0,27.0,0.0,100.0,-1.0
2001-06-10 18:30:00,-637.5406969163059,-637.5406969163059,0.0,0.0,20.0,27.0,0.0,100.0,-1.0
2001-06-10 19:30:00,-243.4445254328666,-243.4445254328666,0.0,0.0,20.0,27.0,0.0,100.0,-1.0
2001-06-10 20:30:00,0.0,0.0,0.0,0.0,20.0,27.0,0.0,100.0,3.0
2001-06-10 21:30:00,0.0,0.0,0.0,0.0,20.0,27.0,0.0,100.0,3.0
2001-06-10 22:30:00,0.0,0.0,0.0,0.0,20.0,27.0,0.0,100.0,3.0
2001-06-10 23:30:00,0.0,0.0,0.0,0.0,20.0,27.0,0.0,100.0,3.0
2001-06-11 00:30:00,0.0,0.0,0.0,0.0,20.0,27.0,0.0,100.0,3.0
2001-06-11 01:30:00,0.0,0.0,0.0,0.0,20.0,27.0,0.0,100.0,3.0
2001-06-11 02:30:00,0.0,0.0,0.0,0.0,20.0,27.0,0.0,100.0,3.0
2001-06-11 03:30:00,10.479882470934172,10.479882470934172,0.0,0.0,20.0,27.0,0.0,100.0,1.0
2001-06-11 04:30:00,214.34193093900922,214.34193093900922,0.0,0.0,20.0,27.0,0.0,100.0,1.0
2001-06-11 05:30:00,292.4747610056311,292.4747610056311,0.0,0.0,20.0,27.0,0.0,100.0,1.0
2001-06-11 06:30:00,0.0,0.0,0.0,0.0,20.0,27.0,0.0,100.0,3.0
2001-06-11 07:30:00,0.0,0.0,0.0,0.0,20.0,27.0,0.0,100.0,3.0
2001-06-11 08:30:00,0.0,0.0,0.0,0.0,20.0,27.0,0.0,100.0,3.0
2001-06-11 09:30:00,0.0,0.0,0.0,0.0,20.0,27.0,0.0,100.0,3.0
2001-06-11 10:30:00,0.0,0.0,0.0,0.0,20.0,27.0,0.0,100.0,3.0
2001-06-11 11:30:00,-576.1134974111874,-576.1134974111874,0.0,0.0,20.0,27.0,0.0,100.0,-1.0
2001-06-11 12:30:00,-905.9862427782873,-905.9862427782873,0.0,0.0,20.0,27.0,0.0,100.0,-1.0
2001-06-11 13:30:00,-1130.595336647838,-1130.595336647838,0.0,0.0,20.0,27.0,0.0,100.0,-1.0
2001-06-11 14:30:00,-1292.7372645598216,-1292.7372645598216,0.0,0.0,20.0,27.0,0.0,100.0,-1.0
2001-06-11 15:30:00,-1282.6432952398764,-1282.6432952398764,0.0,0.0,20.0,27.0,0.0,100.0,-1.0
2001-06-11 16:30:00,-1187.18551902126,-1187.18551902126,0.0,0.0,20.0,27.0,0.0,100.0,-1.0
2001-06-11 17:30:00,-1001.9555677137496,-1001.9555677137496,0.0,0.0,20.0,27.0,0.0,100.0,-1.0
2001-06-11 18:30:00,-710.6772417816273,-710.6772417816273,0.0,0.0,20.0,27.0,0.0,100.0,-1.0
2001-06-11 19:30:00,-404.505445275644,-404.505445275644,0.0,0.0,20.0,27.0,0.0,100.0,-1.0
2001-06-11 20:30:00,-57.85543232146392,-57.85543232146392,0.0,0.0,20.0,27.0,0.0,100.0,-1.0
2001-06-11 21:30:00,0.0,0.0,0.0,0.0,20.0,27.0,0.0,100.0,3.0
2001-06-11 22:30:00,0.0,0.0,0.0,0.0,20.0,27.0,0.0,100.0,3.0
2001-06-11 23:30:00,0.0,0.0,0.0,0.0,20.0,27.0,0.0,100.0,3.0
2001-06-12 00:30:00,0.0,0.0,0.0,0.0,20.0,27.0,0.0,100.0,3.0
2001-06-12 01:30:00,0.0,0.0,0.0,0.0,20.0,27.0,0.0,100.0,3.0
2001-06-12 02:30:00,0.0,0.0,0.0,0.0,20.0,27.0,0.0,100.0,3.0
2001-06-12 03:30:00,0.0,0.0,0.0,0.0,20.0,27.0,0.0,100.0,3.0
2001-06-12 04:30:00,0.0,0.0,0.0,0.0,20.0,27.0,0.0,100.0,3.0
2001-06-12 05:30:00,0.0,0.0,0.0,0.0,20.0,27.0,0.0,100.0,3.0
2001-06-12 06:30:00,0.0,0.0,0.0,0.0,20.0,27.0,0.0,100.0,3.0
2001-06-12 07:30:00,0.0,0.0,0.0,0.0,20.0,27.0,0.0,100.0,3.0
2001-06-12 08:30:00,0.0,0.0,0.0,0.0,20.0,27.0,0.0,100.0,3.0
2001-06-12 09:30:00,0.0,0.0,0.0,0.0,20.0,27.0,0.0,100.0,3.0
2001-06-12 10:30:00,0.0,0.0,0.0,0.0,20.0,27.0,0.0,100.0,3.0
2001-06-12 11:30:00,-342.0236968553445,-342.0236968553445,0.0,0.0,20.0,27.0,0.0,100.0,-1.0
2001-06-12 12:30:00,-745.9842120386375,-745.9842120386375,0.0,0.0,20.0,27.0,0.0,100.0,-1.0
2001-06-12 13:30:00,-1036.0494007111874,-1036.0494007111874,0.0,0.0,20.0,27.0,0.0,100.0,-1.0
2001-06-12 14:30:00,-1148.2962490987438,-1148.2962490987438,0.0,0.0,20.0,27.0,0.0,100.0,-1.0
2001-06-12 15:30:00,-1149.0913522842484,-1149.0913522842484,0.0,0.0,20.0,27.0,0.0,100.0,-1.0
2001-06-12 16:30:00,-1024.169594054717,-1024.169594054717,0.0,0.0,20.0,27.0,0.0,100.0,-1.0
2001-06-12 17:30:00,-857.2914302986437,-857.2914302986437,0.0,0.0,20.0,27.0,0.0,100.0,-1.0
2001-06-12 18:30:00,-541.7305523994628,-541.7305523994628,0.0,0.0,20.0,27.0,0.0,100.0,-1.0
2001-06-12 19:30:00,-276.1839371596834,-276.1839371596834,0.0,0.0,20.0,27.0,0.0,100.0,-1.0
2001-06-12 20:30:00,-9.805078234924622,-9.805078234924622,0.0,0.0,20.0,27.0,0.0,100.0,-1.0
2001-06-12 21:30:00,0.0,0.0,0.0,0.0,20.0,27.0,0.0,100.0,3.0
2001-06-12 22:30:00,0.0,0.0,0.0,0.0,20.0,27.0,0.0,100.0,3.0
2001-06-12 23:30:00,0.0,0.0,0.0,0.0,20.0,27.0,0.0,100.0,3.0
2001-06-13 00:30:00,0.0,0.0,0.0,0.0,20.0,27.0,0.0,100.0,3.0
2001-06-13 01:30:00,0.0,0.0,0.0,0.0,20.0,27.0,0.0,100.0,3.0
2001-06-13 02:30:00,0.0,0.0,0.0,0.0,20.0,27.0,0.0,100.0,3.0
2001-06-13 03:30:00,0.0,0.0,0.0,0.0,20.0,27.0,0.0,100.0,3.0
2001-06-13 04:30:00,0.0,0.0,0.0,0.0,20.0,27.0,0.0,100.0,3.0
2001-06-13 05:30:00,0.0,0.0,0.0,0.0,20.0,27.0,0.0,100.0,3.0
2001-06-13 06:30:00,0.0,0.0,0.0,0.0,20.0,27.0,0.0,100.0,3.0
2001-06-13 07:30:00,0.0,0.0,0.0,0.0,20.0,27.0,0.0,100.0,3.0
2001-06-13 08:30:00,-7.3725084336911095,-7.3725084336911095,0.0,0.0,20.0,27.0,0.0,100.0,-1.0
2001-06-13 09:30:00,-587.2106020455731,-587.2106020455731,0.0,0.0,20.0,27.0,0.0,100.0,-1.0
2001-06-13 10:30:00,-831.8751451728995,-831.8751451728995,0.0,0.0,20.0,27.0,0.0,100.0,-1.0
2001-06-13 11:30:00,-1163.3801321376732,-1163.3801321376732,0.0,0.0,20.0,27.0,0.0,100.0,-1.0
2001-06-13 12:30:00,-1369.7011449251995,-1369.7011449251995,0.0,0.0,20.0,27.0,0.0,100.0,-1.0
2001-06-13 13:30:00,-1175.883270600546,-1175.883270600546,0.0,0.0,20.0,27.0,0.0,100.0,-1.0
2001-06-13 14:30:00,-1068.070607196586,-1068.070607196586,0.0,0.0,20.0,27.0,0.0,100.0,-1.0
2001-06-13 15:30:00,-1208.099048792291,-1208.099048792291,0.0,0.0,20.0,27.0,0.0,100.0,-1.0
2001-06-13 16:30:00,-1207.8137876208739,-1207.8137876208739,0.0,0.0,20.0,27.0,0.0,100.0,-1.0
2001-06-13 17:30:00,-1099.2816773453042,-1099.2816773453042,0.0,0.0,20.0,27.0,0.0,100.0,-1.0
2001-06-13 18:30:00,-762.6227329133153,-762.6227329133153,0.0,0.0,20.0,27.0,0.0,100.0,-1.0
2001-06-13 19:30:00,-484.33602440625054,-484.33602440625054,0.0,0.0,20.0,27.0,0.0,100.0,-1.0
2001-06-13 20:30:00,-210.3455548017746,-210.3455548017746,0.0,0.0,20.0,27.0,0.0,100.0,-1.0
2001-06-13 21:30:00,-5.875306931909108,-5.875306931909108,0.0,0.0,20.0,27.0,0.0,100.0,-1.0
2001-06-13 22:30:00,0.0,0.0,0.0,0.0,20.0,27.0,0.0,100.0,3.0
2001-06-13 23:30:00,0.0,0.0,0.0,0.0,20.0,27.0,0.0,100.0,3.0
2001-06-14 00:30:00,0.0,0.0,0.0,0.0,20.0,27.0,0.0,100.0,3.0
2001-06-14 01:30:00,0.0,0.0,0.0,0.0,20.0,27.0,0.0,100.0,3.0
2001-06-14 02:30:00,0.0,0.0,0.0,0.0,20.0,27.0,0.0,100.0,3.0
2001-06-14 03:30:00,0.0,0.0,0.0,0.0,20.0,27.0,0.0,100.0,3.0
2001-06-14 04:30:00,0.0,0.0,0.0,0.0,20.0,27.0,0.0,100.0,3.0
2001-06-14 05:30:00,0.5864122265484184,0.5864122265484184,0.0,0.0,20.0,27.0,0.0,100.0,1.0
2001-06-14 06:30:00,0.0,0.0,0.0,0.0,20.0,27.0,0.0,100.0,3.0
2001-06-14 07:30:00,0.0,0.0,0.0,0.0,20.0,27.0,0.0,100.0,3.0
2001-06-14 08:30:00,0.0,0.0,0.0,0.0,20.0,27.0,0.0,100.0,3.0
2001-06-14 09:30:00,0.0,0.0,0.0,0.0,20.0,27.0,0.0,100.0,3.0
2001-06-14 10:30:00,-184.69722563694722,-184.69722563694722,0.0,0.0,20.0,27.0,0.0,100.0,-1.0
2001-06-14 11:30:00,-773.3192163939084,-773.3192163939084,0.0,0.0,20.0,27.0,0.0,100.0,-1.0
2001-06-14 12:30:00,-1101.7992109317393,-1101.7992109317393,0.0,0.0,20.0,27.0,0.0,100.0,-1.0
2001-06-14 13:30:00,-1296.9138905242062,-1296.9138905242062,0.0,0.0,20.0,27.0,0.0,100.0,-1.0
2001-06-14 14:30:00,-1417.8976296699793,-1417.8976296699793,0.0,0.0,20.0,27.0,0.0,100.0,-1.0
2001-06-14 15:30:00,-1459.7047216669098,-1459.7047216669098,0.0,0.0,20.0,27.0,0.0,100.0,-1.0
2001-06-14 16:30:00,-1392.0004768558092,-1392.0004768558092,0.0,0.0,20.0,27.0,0.0,100.0,-1.0
2001-06-14 17:30:00,-1207.6764147251515,-1207.6764147251515,0.0,0.0,20.0,27.0,0.0,100.0,-1.0
2001-06-14 18:30:00,-926.2894894380397,-926.2894894380397,0.0,0.0,20.0,27.0,0.0,100.0,-1.0
2001-06-14 19:30:00,-574.2609988985323,-574.2609988985323,0.0,0.0,20.0,27.0,0.0,100.0,-1.0
2001-06-14 20:30:00,-181.04508293034723,-181.04508293034723,0.0,0.0,20.0,27.0,0.0,100.0,-1.0
2001-06-14 21:30:00,0.0,0.0,0.0,0.0,20.0,27.0,0.0,100.0,3.0
2001-06-14 22:30:00,0.0,0.0,0.0,0.0,20.0,27.0,0.0,100.0,3.0
2001-06-14 23:30:00,0.0,0.0,0.0,0.0,20.0,27.0,0.0,100.0,3.0
2001-06-15 00:30:00,0.0,0.0,0.0,0.0,20.0,27.0,0.0,100.0,3.0
2001-06-15 01:30:00,0.0,0.0,0.0,0.0,20.0,27.0,0.0,100.0,3.0
2001-06-15 02:30:00,0.0,0.0,0.0,0.0,20.0,27.0,0.0,100.0,3.0
2001-06-15 03:30:00,0.0,0.0,0.0,0.0,20.0,27.0,0.0,100.0,3.0
2001-06-15 04:30:00,61.84399933208806,61.84399933208806,0.0,0.0,20.0,27.0,0.0,100.0,1.0
2001-06-15 05:30:00,285.17376092181985,285.17376092181985,0.0,0.0,20.0,27.0,0.0,100.0,1.0
2001-06-15 06:30:00,8.123204087580234,8.123204087580234,0.0,0.0,20.0,27.0,0.0,100.0,1.0
2001-06-15 07:30:00,0.0,0.0,0.0,0.0,20.0,27.0,0.0,100.0,3.0
2001-06-15 08:30:00,0.0,0.0,0.0,0.0,20.0,27.0,0.0,100.0,3.0
2001-06-15 09:30:00,0.0,0.0,0.0,0.0,20.0,27.0,0.0,100.0,3.0
2001-06-15 10:30:00,0.0,0.0,0.0,0.0,20.0,27.0,0.0,100.0,3.0
2001-06-15 11:30:00,-630.5396260758944,-630.5396260758944,0.0,0.0,20.0,27.0,0.0,100.0,-1.0
2001-06-15 12:30:00,-1029.878201524908,-1029.878201524908,0.0,0.0,20.0,27.0,0.0,100.0,-1.0
2001-06-15 13:30:00,-1304.9708191135587,-1304.9708191135587,0.0,0.0,20.0,27.0,0.0,100.0,-1.0
2001-06-15 14:30:00,-1409.6247686046654,-1409.6247686046654,0.0,0.0,20.0,27.0,0.0,100.0,-1.0
2001-06-15 15:30:00,-1425.3429824436962,-1425.3429824436962,0.0,0.0,20.0,27.0,0.0,100.0,-1.0
2001-06-15 16:30:00,-1323.4653509807058,-1323.4653509807058,0.0,0.0,20.0,27.0,0.0,100.0,-1.0
2001-06-15 17:30:00,-1119.3332582611229,-1119.3332582611229,0.0,0.0,20.0,27.0,0.0,100.0,-1.0
2001-06-15 18:30:00,-843.4544921958177,-843.4544921958177,0.0,0.0,20.0,27.0,0.0,100.0,-1.0
2001-06-15 19:30:00,-433.0608946246675,-433.0608946246675,0.0,0.0,20.0,27.0,0.0,100.0,-1.0
2001-06-15 20:30:00,-68.74239428729379,-68.74239428729379,0.0,0.0,20.0,27.0,0.0,100.0,-1.0
2001-06-15 21:30:00,0.0,0.0,0.0,0.0,20.0,27.0,0.0,100.0,3.0
2001-06-15 22:30:00,0.0,0.0,0.0,0.0,20.0,27.0,0.0,100.0,3.0
2001-06-15 23:30:00,0.0,0.0,0.0,0.0,20.0,27.0,0.0,100.0,3.0
2001-06-16 00:30:00,0.0,0.0,0.0,0.0,20.0,27.0,0.0,100.0,3.0
2001-06-16 01:30:00,0.0,0.0,0.0,0.0,20.0,27.0,0.0,100.0,3.0
2001-06-16 02:30:00,0.0,0.0,0.0,0.0,20.0,27.0,0.0,100.0,3.0
2001-06-16 03:30:00,0.0,0.0,0.0,0.0,20.0,27.0,0.0,100.0,3.0
2001-06-16 04:30:00,0.0,0.0,0.0,0.0,20.0,27.0,0.0,100.0,3.0
2001-06-16 05:30:00,0.0,0.0,0.0,0.0,20.0,27.0,0.0,100.0,3.0
2001-06-16 06:30:00,0.0,0.0,0.0,0.0,20.0,27.0,0.0,100.0,3.0
2001-06-16 07:30:00,0.0,0.0,0.0,0.0,20.0,27.0,0.0,100.0,3.0
2001-06-16 08:30:00,0.0,0.0,0.0,0.0,20.0,27.0,0.0,100.0,3.0
2001-06-16 09:30:00,0.0,0.0,0.0,0.0,20.0,27.0,0.0,100.0,3.0
2001-06-16 10:30:00,-153.55104898013178,-153.55104898013178,0.0,0.0,20.0,27.0,0.0,100.0,-1.0
2001-06-16 11:30:00,-723.7996177960949,-723.7996177960949,0.0,0.0,20.0,27.0,0.0,100.0,-1.0
2001-06-16 12:30:00,-1093.4797257979908,-1093.4797257979908,0.0,0.0,20.0,27.0,0.0,100.0,-1.0
2001-06-16 13:30:00,-1315.8425544661213,-1315.8425544661213,0.0,0.0,20.0,27.0,0.0,100.0,-1.0
2001-06-16 14:30:00,-1459.5083905372821,-1459.5083905372821,0.0,0.0,20.0,27.0,0.0,100.0,-1.0
2001-06-16 15:30:00,-1476.2179763106533,-1476.2179763106533,0.0,0.0,20.0,27.0,0.0,100.0,-1.0
2001-06-16 16:30:00,-1395.192750636953,-1395.192750636953,0.0,0.0,20.0,27.0,0.0,100.0,-1.0
2001-06-16 17:30:00,-1243.7806212992245,-1243.7806212992245,0.0,0.0,20.0,27.0,0.0,100.0,-1.0
2001-06-16 18:30:00,-923.6271688356146,-923.6271688356146,0.0,0.0,20.0,27.0,0.0,100.0,-1.0
2001-06-16 19:30:00,-565.9302927737181,-565.9302927737181,0.0,0.0,20.0,27.0,0.0,100.0,-1.0
2001-06-16 20:30:00,-218.75450046220521,-218.75450046220521,0.0,0.0,20.0,27.0,0.0,100.0,-1.0
2001-06-16 21:30:00,0.0,0.0,0.0,0.0,20.0,27.0,0.0,100.0,3.0
2001-06-16 22:30:00,0.0,0.0,0.0,0.0,20.0,27.0,0.0,100.0,3.0
2001-06-16 23:30:00,0.0,0.0,0.0,0.0,20.0,27.0,0.0,100.0,3.0
2001-06-17 00:30:00,0.0,0.0,0.0,0.0,20.0,27.0,0.0,100.0,3.0
2001-06-17 01:30:00,0.0,0.0,0.0,0.0,20.0,27.0,0.0,100.0,3.0
2001-06-17 02:30:00,0.0,0.0,0.0,0.0,20.0,27.0,0.0,100.0,3.0
2001-06-17 03:30:00,0.0,0.0,0.0,0.0,20.0,27.0,0.0,100.0,3.0
2001-06-17 04:30:00,0.0,0.0,0.0,0.0,20.0,27.0,0.0,100.0,3.0
2001-06-17 05:30:00,0.0,0.0,0.0,0.0,20.0,27.0,0.0,100.0,3.0
2001-06-17 06:30:00,0.0,0.0,0.0,0.0,20.0,27.0,0.0,100.0,3.0
2001-06-17 07:30:00,0.0,0.0,0.0,0.0,20.0,27.0,0.0,100.0,3.0
2001-06-17 08:30:00,0.0,0.0,0.0,0.0,20.0,27.0,0.0,100.0,3.0
2001-06-17 09:30:00,0.0,0.0,0.0,0.0,20.0,27.0,0.0,100.0,3.0
2001-06-17 10:30:00,-406.30872228101816,-406.30872228101816,0.0,0.0,20.0,27.0,0.0,100.0,-1.0
2001-06-17 11:30:00,-950.5723597880615,-950.5723597880615,0.0,0.0,20.0,27.0,0.0,100.0,-1.0
2001-06-17 12:30:00,-1258.7511849800894,-1258.7511849800894,0.0,0.0,20.0,27.0,0.0,100.0,-1.0
2001-06-17 13:30:00,-1419.0801955228499,-1419.0801955228499,0.0,0.0,20.0,27.0,0.0,100.0,-1.0
2001-06-17 14:30:00,-1504.2648539485044,-1504.2648539485044,0.0,0.0,20.0,27.0,0.0,100.0,-1.0
2001-06-17 15:30:00,-1471.6843954963906,-1471.6843954963906,0.0,0.0,20.0,27.0,0.0,100.0,-1.0
2001-06-17 16:30:00,-1343.3176738852044,-1343.3176738852044,0.0,0.0,20.0,27.0,0.0,100.0,-1.0
2001-06-17 17:30:00,-1148.0727260448502,-1148.0727260448502,0.0,0.0,20.0,27.0,0.0,100.0,-1.0
2001-06-17 18:30:00,-831.1687435303947,-831.1687435303947,0.0,0.0,20.0,27.0,0.0,100.0,-1.0
2001-06-17 19:30:00,-428.4778257218122,-428.4778257218122,0.0,0.0,20.0,27.0,0.0,100.0,-1.0
2001-06-17 20:30:00,-138.30686977346704,-138.30686977346704,0.0,0.0,20.0,27.0,0.0,100.0,-1.0
2001-06-17 21:30:00,0.0,0.0,0.0,0.0,20.0,27.0,0.0,100.0,3.0
2001-06-17 22:30:00,0.0,0.0,0.0,0.0,20.0,27.0,0.0,100.0,3.0
2001-06-17 23:30:00,0.0,0.0,0.0,0.0,20.0,27.0,0.0,100.0,3.0
2001-06-18 00:30:00,0.0,0.0,0.0,0.0,20.0,27.0,0.0,100.0,3.0
2001-06-18 01:30:00,0.0,0.0,0.0,0.0,20.0,27.0,0.0,100.0,3.0
2001-06-18 02:30:00,0.0,0.0,0.0,0.0,20.0,27.0,0.0,100.0,3.0
2001-06-18 03:30:00,0.0,0.0,0.0,0.0,20.0,27.0,0.0,100.0,3.0
2001-06-18 04:30:00,0.0,0.0,0.0,0.0,20.0,27.0,0.0,100.0,3.0
2001-06-18 05:30:00,0.0,0.0,0.0,0.0,20.0,27.0,0.0,100.0,3.0
2001-06-18 06:30:00,0.0,0.0,0.0,0.0,20.0,27.0,0.0,100.0,3.0
2001-06-18 07:30:00,0.0,0.0,0.0,0.0,20.0,27.0,0.0,100.0,3.0
2001-06-18 08:30:00,0.0,0.0,0.0,0.0,20.0,27.0,0.0,100.0,3.0
2001-06-18 09:30:00,-332.007971313451,-332.007971313451,0.0,0.0,20.0,27.0,0.0,100.0,-1.0
2001-06-18 10:30:00,-879.0241973734146,-879.0241973734146,0.0,0.0,20.0,27.0,0.0,100.0,-1.0
2001-06-18 11:30:00,-1276.9058246694485,-1276.9058246694485,0.0,0.0,20.0,27.0,0.0,100.0,-1.0
2001-06-18 12:30:00,-1536.5894851395688,-1536.5894851395688,0.0,0.0,20.0,27.0,0.0,100.0,-1.0
2001-06-18 13:30:00,-1698.0810823525835,-1698.0810823525835,0.0,0.0,20.0,27.0,0.0,100.0,-1.0
2001-06-18 14:30:00,-1800.4198444141684,-1800.4198444141684,0.0,0.0,20.0,27.0,0.0,100.0,-1.0
2001-06-18 15:30:00,-1803.025900313597,-1803.025900313597,0.0,0.0,20.0,27.0,0.0,100.0,-1.0
2001-06-18 16:30:00,-1665.0204616768578,-1665.0204616768578,0.0,0.0,20.0,27.0,0.0,100.0,-1.0
2001-06-18 17:30:00,-1455.510513625216,-1455.510513625216,0.0,0.0,20.0,27.0,0.0,100.0,-1.0
2001-06-18 18:30:00,-1168.7676210018572,-1168.7676210018572,0.0,0.0,20.0,27.0,0.0,100.0,-1.0
2001-06-18 19:30:00,-844.6567640977146,-844.6567640977146,0.0,0.0,20.0,27.0,0.0,100.0,-1.0
2001-06-18 20:30:00,-499.26182633188455,-499.26182633188455,0.0,0.0,20.0,27.0,0.0,100.0,-1.0
2001-06-18 21:30:00,-268.4947865447384,-268.4947865447384,0.0,0.0,20.0,27.0,0.0,100.0,-1.0
2001-06-18 22:30:00,-123.09019672154045,-123.09019672154045,0.0,0.0,20.0,27.0,0.0,100.0,-1.0
2001-06-18 23:30:00,-15.79630726380492,-15.79630726380492,0.0,0.0,20.0,27.0,0.0,100.0,-1.0
2001-06-19 00:30:00,0.0,0.0,0.0,0.0,20.0,27.0,0.0,100.0,3.0
2001-06-19 01:30:00,0.0,0.0,0.0,0.0,20.0,27.0,0.0,100.0,3.0
2001-06-19 02:30:00,0.0,0.0,0.0,0.0,20.0,27.0,0.0,100.0,3.0
2001-06-19 03:30:00,0.0,0.0,0.0,0.0,20.0,27.0,0.0,100.0,3.0
2001-06-19 04:30:00,0.0,0.0,0.0,0.0,20.0,27.0,0.0,100.0,3.0
2001-06-19 05:30:00,0.0,0.0,0.0,0.0,20.0,27.0,0.0,100.0,3.0
2001-06-19 06:30:00,0.0,0.0,0.0,0.0,20.0,27.0,0.0,100.0,3.0
2001-06-19 07:30:00,-29.489017295082704,-29.489017295082704,0.0,0.0,20.0,27.0,0.0,100.0,-1.0
2001-06-19 08:30:00,-588.757615560583,-588.757615560583,0.0,0.0,20.0,27.0,0.0,100.0,-1.0
2001-06-19 09:30:00,-1010.9217109765805,-1010.9217109765805,0.0,0.0,20.0,27.0,0.0,100.0,-1.0
2001-06-19 10:30:00,-1436.8320451227255,-1436.8320451227255,0.0,0.0,20.0,27.0,0.0,100.0,-1.0
2001-06-19 11:30:00,-1756.181660367548,-1756.181660367548,0.0,0.0,20.0,27.0,0.0,100.0,-1.0
2001-06-19 12:30:00,-1929.2684926315096,-1929.2684926315096,0.0,0.0,20.0,27.0,0.0,100.0,-1.0
2001-06-19 13:30:00,-1854.9531902290319,-1854.9531902290319,0.0,0.0,20.0,27.0,0.0,100.0,-1.0
2001-06-19 14:30:00,-1954.3882534784852,-1954.3882534784852,0.0,0.0,20.0,27.0,0.0,100.0,-1.0
2001-06-19 15:30:00,-1916.882234995036,-1916.882234995036,0.0,0.0,20.0,27.0,0.0,100.0,-1.0
2001-06-19 16:30:00,-1752.703783589167,-1752.703783589167,0.0,0.0,20.0,27.0,0.0,100.0,-1.0
2001-06-19 17:30:00,-1642.846104437186,-1642.846104437186,0.0,0.0,20.0,27.0,0.0,100.0,-1.0
2001-06-19 18:30:00,-1443.8399858583862,-1443.8399858583862,0.0,0.0,20.0,27.0,0.0,100.0,-1.0
2001-06-19 19:30:00,-1169.2820537458329,-1169.2820537458329,0.0,0.0,20.0,27.0,0.0,100.0,-1.0
2001-06-19 20:30:00,-827.8002067908919,-827.8002067908919,0.0,0.0,20.0,27.0,0.0,100.0,-1.0
2001-06-19 21:30:00,-581.8148173082964,-581.8148173082964,0.0,0.0,20.0,27.0,0.0,100.0,-1.0
2001-06-19 22:30:00,-395.80816020712973,-395.80816020712973,0.0,0.0,20.0,27.0,0.0,100.0,-1.0
2001-06-19 23:30:00,-252.52675318093043,-252.52675318093043,0.0,0.0,20.0,27.0,0.0,100.0,-1.0
2001-06-20 00:30:00,-123.25825080263166,-123.25825080263166,0.0,0.0,20.0,27.0,0.0,100.0,-1.0
2001-06-20 01:30:00,-12.80589866442915,-12.80589866442915,0.0,0.0,20.0,27.0,0.0,100.0,-1.0
2001-06-20 02:30:00,0.0,0.0,0.0,0.0,20.0,27.0,0.0,100.0,3.0
2001-06-20 03:30:00,0.0,0.0,0.0,0.0,20.0,27.0,0.0,100.0,3.0
2001-06-20 04:30:00,0.0,0.0,0.0,0.0,20.0,27.0,0.0,100.0,3.0
2001-06-20 05:30:00,0.0,0.0,0.0,0.0,20.0,27.0,0.0,100.0,3.0
2001-06-20 06:30:00,0.0,0.0,0.0,0.0,20.0,27.0,0.0,100.0,3.0
2001-06-20 07:30:00,0.0,0.0,0.0,0.0,20.0,27.0,0.0,100.0,3.0
2001-06-20 08:30:00,-374.0633317893926,-374.0633317893926,0.0,0.0,20.0,27.0,0.0,100.0,-1.0
2001-06-20 09:30:00,-861.3497527118316,-861.3497527118316,0.0,0.0,20.0,27.0,0.0,100.0,-1.0
2001-06-20 10:30:00,-1262.8908355806552,-1262.8908355806552,0.0,0.0,20.0,27.0,0.0,100.0,-1.0
2001-06-20 11:30:00,-1606.4527088690347,-1606.4527088690347,0.0,0.0,20.0,27.0,0.0,100.0,-1.0
2001-06-20 12:30:00,-1850.5205453109766,-1850.5205453109766,0.0,0.0,20.0,27.0,0.0,100.0,-1.0
2001-06-20 13:30:00,-2015.9448041193145,-2015.9448041193145,0.0,0.0,20.0,27.0,0.0,100.0,-1.0
2001-06-20 14:30:00,-2129.9414215371607,-2129.9414215371607,0.0,0.0,20.0,27.0,0.0,100.0,-1.0
2001-06-20 15:30:00,-2127.1546565452672,-2127.1546565452672,0.0,0.0,20.0,27.0,0.0,100.0,-1.0
2001-06-20 16:30:00,-1994.7766086077163,-1994.7766086077163,0.0,0.0,20.0,27.0,0.0,100.0,-1.0
2001-06-20 17:30:00,-1782.412481401082,-1782.412481401082,0.0,0.0,20.0,27.0,0.0,100.0,-1.0
2001-06-20 18:30:00,-1522.4549924369085,-1522.4549924369085,0.0,0.0,20.0,27.0,0.0,100.0,-1.0
2001-06-20 19:30:00,-1200.5587593691062,-1200.5587593691062,0.0,0.0,20.0,27.0,0.0,100.0,-1.0
2001-06-20 20:30:00,-827.6648099697713,-827.6648099697713,0.0,0.0,20.0,27.0,0.0,100.0,-1.0
2001-06-20 21:30:00,-566.041134127735,-566.041134127735,0.0,0.0,20.0,27.0,0.0,100.0,-1.0
2001-06-20 22:30:00,-374.8099055637713,-374.8099055637713,0.0,0.0,20.0,27.0,0.0,100.0,-1.0
2001-06-20 23:30:00,-223.1548507787138,-223.1548507787138,0.0,0.0,20.0,27.0,0.0,100.0,-1.0
2001-06-21 00:30:00,-94.33591345674085,-94.33591345674085,0.0,0.0,20.0,27.0,0.0,100.0,-1.0
2001-06-21 01:30:00,0.0,0.0,0.0,0.0,20.0,27.0,0.0,100.0,3.0
2001-06-21 02:30:00,0.0,0.0,0.0,0.0,20.0,27.0,0.0,100.0,3.0
2001-06-21 03:30:00,0.0,0.0,0.0,0.0,20.0,27.0,0.0,100.0,3.0
2001-06-21 04:30:00,0.0,0.0,0.0,0.0,20.0,27.0,0.0,100.0,3.0
2001-06-21 05:30:00,0.0,0.0,0.0,0.0,20.0,27.0,0.0,100.0,3.0
2001-06-21 06:30:00,0.0,0.0,0.0,0.0,20.0,27.0,0.0,100.0,3.0
2001-06-21 07:30:00,0.0,0.0,0.0,0.0,20.0,27.0,0.0,100.0,3.0
2001-06-21 08:30:00,-300.3517513429133,-300.3517513429133,0.0,0.0,20.0,27.0,0.0,100.0,-1.0
2001-06-21 09:30:00,-822.3755660912566,-822.3755660912566,0.0,0.0,20.0,27.0,0.0,100.0,-1.0
2001-06-21 10:30:00,-1226.5482918739335,-1226.5482918739335,0.0,0.0,20.0,27.0,0.0,100.0,-1.0
2001-06-21 11:30:00,-1589.110423333931,-1589.110423333931,0.0,0.0,20.0,27.0,0.0,100.0,-1.0
2001-06-21 12:30:00,-1812.7503228927808,-1812.7503228927808,0.0,0.0,20.0,27.0,0.0,100.0,-1.0
2001-06-21 13:30:00,-1969.1471837376603,-1969.1471837376603,0.0,0.0,20.0,27.0,0.0,100.0,-1.0
2001-06-21 14:30:00,-2024.2327829607466,-2024.2327829607466,0.0,0.0,20.0,27.0,0.0,100.0,-1.0
2001-06-21 15:30:00,-1911.6272171008486,-1911.6272171008486,0.0,0.0,20.0,27.0,0.0,100.0,-1.0
2001-06-21 16:30:00,-1764.4243743571506,-1764.4243743571506,0.0,0.0,20.0,27.0,0.0,100.0,-1.0
2001-06-21 17:30:00,-1587.349841775892,-1587.349841775892,0.0,0.0,20.0,27.0,0.0,100.0,-1.0
2001-06-21 18:30:00,-1332.0751841542433,-1332.0751841542433,0.0,0.0,20.0,27.0,0.0,100.0,-1.0
2001-06-21 19:30:00,-931.5298882794077,-931.5298882794077,0.0,0.0,20.0,27.0,0.0,100.0,-1.0
2001-06-21 20:30:00,-569.5451753455827,-569.5451753455827,0.0,0.0,20.0,27.0,0.0,100.0,-1.0
2001-06-21 21:30:00,-320.01190735053206,-320.01190735053206,0.0,0.0,20.0,27.0,0.0,100.0,-1.0
2001-06-21 22:30:00,-131.72613863315837,-131.72613863315837,0.0,0.0,20.0,27.0,0.0,100.0,-1.0
2001-06-21 23:30:00,0.0,0.0,0.0,0.0,20.0,27.0,0.0,100.0,3.0
2001-06-22 00:30:00,0.0,0.0,0.0,0.0,20.0,27.0,0.0,100.0,3.0
2001-06-22 01:30:00,0.0,0.0,0.0,0.0,20.0,27.0,0.0,100.0,3.0
2001-06-22 02:30:00,0.0,0.0,0.0,0.0,20.0,27.0,0.0,100.0,3.0
2001-06-22 03:30:00,0.0,0.0,0.0,0.0,20.0,27.0,0.0,100.0,3.0
2001-06-22 04:30:00,0.0,0.0,0.0,0.0,20.0,27.0,0.0,100.0,3.0
2001-06-22 05:30:00,0.0,0.0,0.0,0.0,20.0,27.0,0.0,100.0,3.0
2001-06-22 06:30:00,0.0,0.0,0.0,0.0,20.0,27.0,0.0,100.0,3.0
2001-06-22 07:30:00,0.0,0.0,0.0,0.0,20.0,27.0,0.0,100.0,3.0
2001-06-22 08:30:00,0.0,0.0,0.0,0.0,20.0,27.0,0.0,100.0,3.0
2001-06-22 09:30:00,-539.0604385187607,-539.0604385187607,0.0,0.0,20.0,27.0,0.0,100.0,-1.0
2001-06-22 10:30:00,-1027.82875683379,-1027.82875683379,0.0,0.0,20.0,27.0,0.0,100.0,-1.0
2001-06-22 11:30:00,-1451.8865505629046,-1451.8865505629046,0.0,0.0,20.0,27.0,0.0,100.0,-1.0
2001-06-22 12:30:00,-1733.0832682098726,-1733.0832682098726,0.0,0.0,20.0,27.0,0.0,100.0,-1.0
2001-06-22 13:30:00,-1912.5110592896644,-1912.5110592896644,0.0,0.0,20.0,27.0,0.0,100.0,-1.0
2001-06-22 14:30:00,-2003.2070029870692,-2003.2070029870692,0.0,0.0,20.0,27.0,0.0,100.0,-1.0
2001-06-22 15:30:00,-1973.8046733345245,-1973.8046733345245,0.0,0.0,20.0,27.0,0.0,100.0,-1.0
2001-06-22 16:30:00,-1849.182257633981,-1849.182257633981,0.0,0.0,20.0,27.0,0.0,100.0,-1.0
2001-06-22 17:30:00,-1644.7819502095563,-1644.7819502095563,0.0,0.0,20.0,27.0,0.0,100.0,-1.0
2001-06-22 18:30:00,-1410.1743215879296,-1410.1743215879296,0.0,0.0,20.0,27.0,0.0,100.0,-1.0
2001-06-22 19:30:00,-1010.0669655097108,-1010.0669655097108,0.0,0.0,20.0,27.0,0.0,100.0,-1.0
2001-06-22 20:30:00,-621.6690618035254,-621.6690618035254,0.0,0.0,20.0,27.0,0.0,100.0,-1.0
2001-06-22 21:30:00,-352.9803936951457,-352.9803936951457,0.0,0.0,20.0,27.0,0.0,100.0,-1.0
2001-06-22 22:30:00,-159.80828601068606,-159.80828601068606,0.0,0.0,20.0,27.0,0.0,100.0,-1.0
2001-06-22 23:30:00,-2.5322206467844808,-2.5322206467844808,0.0,0.0,20.0,27.0,0.0,100.0,-1.0
2001-06-23 00:30:00,0.0,0.0,0.0,0.0,20.0,27.0,0.0,100.0,3.0
2001-06-23 01:30:00,0.0,0.0,0.0,0.0,20.0,27.0,0.0,100.0,3.0
2001-06-23 02:30:00,0.0,0.0,0.0,0.0,20.0,27.0,0.0,100.0,3.0
2001-06-23 03:30:00,0.0,0.0,0.0,0.0,20.0,27.0,0.0,100.0,3.0
2001-06-23 04:30:00,0.0,0.0,0.0,0.0,20.0,27.0,0.0,100.0,3.0
2001-06-23 05:30:00,0.0,0.0,0.0,0.0,20.0,27.0,0.0,100.0,3.0
2001-06-23 06:30:00,0.0,0.0,0.0,0.0,20.0,27.0,0.0,100.0,3.0
2001-06-23 07:30:00,0.0,0.0,0.0,0.0,20.0,27.0,0.0,100.0,3.0
2001-06-23 08:30:00,-318.573457779602,-318.573457779602,0.0,0.0,20.0,27.0,0.0,100.0,-1.0
2001-06-23 09:30:00,-833.8439343043237,-833.8439343043237,0.0,0.0,20.0,27.0,0.0,100.0,-1.0
2001-06-23 10:30:00,-1215.467508199653,-1215.467508199653,0.0,0.0,20.0,27.0,0.0,100.0,-1.0
2001-06-23 11:30:00,-1555.0712416732376,-1555.0712416732376,0.0,0.0,20.0,27.0,0.0,100.0,-1.0
2001-06-23 12:30:00,-1752.5800024979098,-1752.5800024979098,0.0,0.0,20.0,27.0,0.0,100.0,-1.0
2001-06-23 13:30:00,-1899.070107824734,-1899.070107824734,0.0,0.0,20.0,27.0,0.0,100.0,-1.0
2001-06-23 14:30:00,-1980.6868063376305,-1980.6868063376305,0.0,0.0,20.0,27.0,0.0,100.0,-1.0
2001-06-23 15:30:00,-1968.7133978201882,-1968.7133978201882,0.0,0.0,20.0,27.0,0.0,100.0,-1.0
2001-06-23 16:30:00,-1884.4756484982272,-1884.4756484982272,0.0,0.0,20.0,27.0,0.0,100.0,-1.0
2001-06-23 17:30:00,-1728.1946270081635,-1728.1946270081635,0.0,0.0,20.0,27.0,0.0,100.0,-1.0
2001-06-23 18:30:00,-1388.101942801749,-1388.101942801749,0.0,0.0,20.0,27.0,0.0,100.0,-1.0
2001-06-23 19:30:00,-995.9580608898768,-995.9580608898768,0.0,0.0,20.0,27.0,0.0,100.0,-1.0
2001-06-23 20:30:00,-625.497602057555,-625.497602057555,0.0,0.0,20.0,27.0,0.0,100.0,-1.0
2001-06-23 21:30:00,-364.7049757310024,-364.7049757310024,0.0,0.0,20.0,27.0,0.0,100.0,-1.0
2001-06-23 22:30:00,-166.6988125554817,-166.6988125554817,0.0,0.0,20.0,27.0,0.0,100.0,-1.0
2001-06-23 23:30:00,-3.41204530068444,-3.41204530068444,0.0,0.0,20.0,27.0,0.0,100.0,-1.0
2001-06-24 00:30:00,0.0,0.0,0.0,0.0,20.0,27.0,0.0,100.0,3.0
2001-06-24 01:30:00,0.0,0.0,0.0,0.0,20.0,27.0,0.0,100.0,3.0
2001-06-24 02:30:00,0.0,0.0,0.0,0.0,20.0,27.0,0.0,100.0,3.0
2001-06-24 03:30:00,0.0,0.0,0.0,0.0,20.0,27.0,0.0,100.0,3.0
2001-06-24 04:30:00,0.0,0.0,0.0,0.0,20.0,27.0,0.0,100.0,3.0
2001-06-24 05:30:00,0.0,0.0,0.0,0.0,20.0,27.0,0.0,100.0,3.0
2001-06-24 06:30:00,0.0,0.0,0.0,0.0,20.0,27.0,0.0,100.0,3.0
2001-06-24 07:30:00,0.0,0.0,0.0,0.0,20.0,27.0,0.0,100.0,3.0
2001-06-24 08:30:00,0.0,0.0,0.0,0.0,20.0,27.0,0.0,100.0,3.0
2001-06-24 09:30:00,-417.6558256687631,-417.6558256687631,0.0,0.0,20.0,27.0,0.0,100.0,-1.0
2001-06-24 10:30:00,-918.8883945921543,-918.8883945921543,0.0,0.0,20.0,27.0,0.0,100.0,-1.0
2001-06-24 11:30:00,-1334.503693557278,-1334.503693557278,0.0,0.0,20.0,27.0,0.0,100.0,-1.0
2001-06-24 12:30:00,-1597.4059694232283,-1597.4059694232283,0.0,0.0,20.0,27.0,0.0,100.0,-1.0
2001-06-24 13:30:00,-1746.4059952682683,-1746.4059952682683,0.0,0.0,20.0,27.0,0.0,100.0,-1.0
2001-06-24 14:30:00,-1820.7417909560727,-1820.7417909560727,0.0,0.0,20.0,27.0,0.0,100.0,-1.0
2001-06-24 15:30:00,-1845.8411943557503,-1845.8411943557503,0.0,0.0,20.0,27.0,0.0,100.0,-1.0
2001-06-24 16:30:00,-1790.47371164593,-1790.47371164593,0.0,0.0,20.0,27.0,0.0,100.0,-1.0
2001-06-24 17:30:00,-1592.6183809882523,-1592.6183809882523,0.0,0.0,20.0,27.0,0.0,100.0,-1.0
2001-06-24 18:30:00,-1298.6714293970444,-1298.6714293970444,0.0,0.0,20.0,27.0,0.0,100.0,-1.0
2001-06-24 19:30:00,-969.8297716093557,-969.8297716093557,0.0,0.0,20.0,27.0,0.0,100.0,-1.0
2001-06-24 20:30:00,-597.964542664854,-597.964542664854,0.0,0.0,20.0,27.0,0.0,100.0,-1.0
2001-06-24 21:30:00,-339.026161882186,-339.026161882186,0.0,0.0,20.0,27.0,0.0,100.0,-1.0
2001-06-24 22:30:00,-155.10542611619076,-155.10542611619076,0.0,0.0,20.0,27.0,0.0,100.0,-1.0
2001-06-24 23:30:00,-20.729850415838882,-20.729850415838882,0.0,0.0,20.0,27.0,0.0,100.0,-1.0
2001-06-25 00:30:00,0.0,0.0,0.0,0.0,20.0,27.0,0.0,100.0,3.0
2001-06-25 01:30:00,0.0,0.0,0.0,0.0,20.0,27.0,0.0,100.0,3.0
2001-06-25 02:30:00,0.0,0.0,0.0,0.0,20.0,27.0,0.0,100.0,3.0
2001-06-25 03:30:00,0.0,0.0,0.0,0.0,20.0,27.0,0.0,100.0,3.0
2001-06-25 04:30:00,0.0,0.0,0.0,0.0,20.0,27.0,0.0,100.0,3.0
2001-06-25 05:30:00,0.0,0.0,0.0,0.0,20.0,27.0,0.0,100.0,3.0
2001-06-25 06:30:00,0.0,0.0,0.0,0.0,20.0,27.0,0.0,100.0,3.0
2001-06-25 07:30:00,0.0,0.0,0.0,0.0,20.0,27.0,0.0,100.0,3.0
2001-06-25 08:30:00,-173.82532392023677,-173.82532392023677,0.0,0.0,20.0,27.0,0.0,100.0,-1.0
2001-06-25 09:30:00,-741.163684534974,-741.163684534974,0.0,0.0,20.0,27.0,0.0,100.0,-1.0
2001-06-25 10:30:00,-1117.284065798579,-1117.284065798579,0.0,0.0,20.0,27.0,0.0,100.0,-1.0
2001-06-25 11:30:00,-1471.1529870659715,-1471.1529870659715,0.0,0.0,20.0,27.0,0.0,100.0,-1.0
2001-06-25 12:30:00,-1757.0140900234646,-1757.0140900234646,0.0,0.0,20.0,27.0,0.0,100.0,-1.0
2001-06-25 13:30:00,-1930.583871051279,-1930.583871051279,0.0,0.0,20.0,27.0,0.0,100.0,-1.0
2001-06-25 14:30:00,-1995.3217745890915,-1995.3217745890915,0.0,0.0,20.0,27.0,0.0,100.0,-1.0
2001-06-25 15:30:00,-1989.7651217662815,-1989.7651217662815,0.0,0.0,20.0,27.0,0.0,100.0,-1.0
2001-06-25 16:30:00,-1872.619009081608,-1872.619009081608,0.0,0.0,20.0,27.0,0.0,100.0,-1.0
2001-06-25 17:30:00,-1707.8280924811688,-1707.8280924811688,0.0,0.0,20.0,27.0,0.0,100.0,-1.0
2001-06-25 18:30:00,-1425.280291986538,-1425.280291986538,0.0,0.0,20.0,27.0,0.0,100.0,-1.0
2001-06-25 19:30:00,-1110.6675884628721,-1110.6675884628721,0.0,0.0,20.0,27.0,0.0,100.0,-1.0
2001-06-25 20:30:00,-713.4895185750765,-713.4895185750765,0.0,0.0,20.0,27.0,0.0,100.0,-1.0
2001-06-25 21:30:00,-416.9935660310539,-416.9935660310539,0.0,0.0,20.0,27.0,0.0,100.0,-1.0
2001-06-25 22:30:00,-187.0695001151571,-187.0695001151571,0.0,0.0,20.0,27.0,0.0,100.0,-1.0
2001-06-25 23:30:00,0.0,0.0,0.0,0.0,20.0,27.0,0.0,100.0,3.0
2001-06-26 00:30:00,0.0,0.0,0.0,0.0,20.0,27.0,0.0,100.0,3.0
2001-06-26 01:30:00,0.0,0.0,0.0,0.0,20.0,27.0,0.0,100.0,3.0
2001-06-26 02:30:00,0.0,0.0,0.0,0.0,20.0,27.0,0.0,100.0,3.0
2001-06-26 03:30:00,0.0,0.0,0.0,0.0,20.0,27.0,0.0,100.0,3.0
2001-06-26 04:30:00,0.0,0.0,0.0,0.0,20.0,27.0,0.0,100.0,3.0
2001-06-26 05:30:00,0.0,0.0,0.0,0.0,20.0,27.0,0.0,100.0,3.0
2001-06-26 06:30:00,0.0,0.0,0.0,0.0,20.0,27.0,0.0,100.0,3.0
2001-06-26 07:30:00,0.0,0.0,0.0,0.0,20.0,27.0,0.0,100.0,3.0
2001-06-26 08:30:00,0.0,0.0,0.0,0.0,20.0,27.0,0.0,100.0,3.0
2001-06-26 09:30:00,0.0,0.0,0.0,0.0,20.0,27.0,0.0,100.0,3.0
2001-06-26 10:30:00,-636.2574502914931,-636.2574502914931,0.0,0.0,20.0,27.0,0.0,100.0,-1.0
2001-06-26 11:30:00,-1099.1980706944187,-1099.1980706944187,0.0,0.0,20.0,27.0,0.0,100.0,-1.0
2001-06-26 12:30:00,-1413.286710831825,-1413.286710831825,0.0,0.0,20.0,27.0,0.0,100.0,-1.0
2001-06-26 13:30:00,-1636.6679264420209,-1636.6679264420209,0.0,0.0,20.0,27.0,0.0,100.0,-1.0
2001-06-26 14:30:00,-1701.1025962753765,-1701.1025962753765,0.0,0.0,20.0,27.0,0.0,100.0,-1.0
2001-06-26 15:30:00,-1689.5663527921452,-1689.5663527921452,0.0,0.0,20.0,27.0,0.0,100.0,-1.0
2001-06-26 16:30:00,-1593.3172197113154,-1593.3172197113154,0.0,0.0,20.0,27.0,0.0,100.0,-1.0
2001-06-26 17:30:00,-1390.95824912833,-1390.95824912833,0.0,0.0,20.0,27.0,0.0,100.0,-1.0
2001-06-26 18:30:00,-1106.1498914575595,-1106.1498914575595,0.0,0.0,20.0,27.0,0.0,100.0,-1.0
2001-06-26 19:30:00,-748.6719555087684,-748.6719555087684,0.0,0.0,20.0,27.0,0.0,100.0,-1.0
2001-06-26 20:30:00,-350.6780731073186,-350.6780731073186,0.0,0.0,20.0,27.0,0.0,100.0,-1.0
2001-06-26 21:30:00,-61.75972350095708,-61.75972350095708,0.0,0.0,20.0,27.0,0.0,100.0,-1.0
2001-06-26 22:30:00,0.0,0.0,0.0,0.0,20.0,27.0,0.0,100.0,3.0
2001-06-26 23:30:00,0.0,0.0,0.0,0.0,20.0,27.0,0.0,100.0,3.0
2001-06-27 00:30:00,0.0,0.0,0.0,0.0,20.0,27.0,0.0,100.0,3.0
2001-06-27 01:30:00,0.0,0.0,0.0,0.0,20.0,27.0,0.0,100.0,3.0
2001-06-27 02:30:00,0.0,0.0,0.0,0.0,20.0,27.0,0.0,100.0,3.0
2001-06-27 03:30:00,0.0,0.0,0.0,0.0,20.0,27.0,0.0,100.0,3.0
2001-06-27 04:30:00,0.0,0.0,0.0,0.0,20.0,27.0,0.0,100.0,3.0
2001-06-27 05:30:00,0.0,0.0,0.0,0.0,20.0,27.0,0.0,100.0,3.0
2001-06-27 06:30:00,0.0,0.0,0.0,0.0,20.0,27.0,0.0,100.0,3.0
2001-06-27 07:30:00,0.0,0.0,0.0,0.0,20.0,27.0,0.0,100.0,3.0
2001-06-27 08:30:00,0.0,0.0,0.0,0.0,20.0,27.0,0.0,100.0,3.0
2001-06-27 09:30:00,0.0,0.0,0.0,0.0,20.0,27.0,0.0,100.0,3.0
2001-06-27 10:30:00,-16.421176035400094,-16.421176035400094,0.0,0.0,20.0,27.0,0.0,100.0,-1.0
2001-06-27 11:30:00,-714.0230451654488,-714.0230451654488,0.0,0.0,20.0,27.0,0.0,100.0,-1.0
2001-06-27 12:30:00,-1130.0983794752256,-1130.0983794752256,0.0,0.0,20.0,27.0,0.0,100.0,-1.0
2001-06-27 13:30:00,-1335.9586154735398,-1335.9586154735398,0.0,0.0,20.0,27.0,0.0,100.0,-1.0
2001-06-27 14:30:00,-1469.990478771996,-1469.990478771996,0.0,0.0,20.0,27.0,0.0,100.0,-1.0
2001-06-27 15:30:00,-1550.2758391049383,-1550.2758391049383,0.0,0.0,20.0,27.0,0.0,100.0,-1.0
2001-06-27 16:30:00,-1477.4021581933166,-1477.4021581933166,0.0,0.0,20.0,27.0,0.0,100.0,-1.0
2001-06-27 17:30:00,-1292.3037471084526,-1292.3037471084526,0.0,0.0,20.0,27.0,0.0,100.0,-1.0
2001-06-27 18:30:00,-1028.0339652782668,-1028.0339652782668,0.0,0.0,20.0,27.0,0.0,100.0,-1.0
2001-06-27 19:30:00,-686.8889184084173,-686.8889184084173,0.0,0.0,20.0,27.0,0.0,100.0,-1.0
2001-06-27 20:30:00,-301.7188407200738,-301.7188407200738,0.0,0.0,20.0,27.0,0.0,100.0,-1.0
2001-06-27 21:30:00,-25.486370805295337,-25.486370805295337,0.0,0.0,20.0,27.0,0.0,100.0,-1.0
2001-06-27 22:30:00,0.0,0.0,0.0,0.0,20.0,27.0,0.0,100.0,3.0
2001-06-27 23:30:00,0.0,0.0,0.0,0.0,20.0,27.0,0.0,100.0,3.0
2001-06-28 00:30:00,0.0,0.0,0.0,0.0,20.0,27.0,0.0,100.0,3.0
2001-06-28 01:30:00,0.0,0.0,0.0,0.0,20.0,27.0,0.0,100.0,3.0
2001-06-28 02:30:00,0.0,0.0,0.0,0.0,20.0,27.0,0.0,100.0,3.0
2001-06-28 03:30:00,0.0,0.0,0.0,0.0,20.0,27.0,0.0,100.0,3.0
2001-06-28 04:30:00,0.0,0.0,0.0,0.0,20.0,27.0,0.0,100.0,3.0
2001-06-28 05:30:00,0.0,0.0,0.0,0.0,20.0,27.0,0.0,100.0,3.0
2001-06-28 06:30:00,0.0,0.0,0.0,0.0,20.0,27.0,0.0,100.0,3.0
2001-06-28 07:30:00,0.0,0.0,0.0,0.0,20.0,27.0,0.0,100.0,3.0
2001-06-28 08:30:00,0.0,0.0,0.0,0.0,20.0,27.0,0.0,100.0,3.0
2001-06-28 09:30:00,0.0,0.0,0.0,0.0,20.0,27.0,0.0,100.0,3.0
2001-06-28 10:30:00,-70.62071758451293,-70.62071758451293,0.0,0.0,20.0,27.0,0.0,100.0,-1.0
2001-06-28 11:30:00,-734.052793323056,-734.052793323056,0.0,0.0,20.0,27.0,0.0,100.0,-1.0
2001-06-28 12:30:00,-1025.077035573896,-1025.077035573896,0.0,0.0,20.0,27.0,0.0,100.0,-1.0
2001-06-28 13:30:00,-1149.695878996402,-1149.695878996402,0.0,0.0,20.0,27.0,0.0,100.0,-1.0
2001-06-28 14:30:00,-1146.60223626485,-1146.60223626485,0.0,0.0,20.0,27.0,0.0,100.0,-1.0
2001-06-28 15:30:00,-1282.422917020208,-1282.422917020208,0.0,0.0,20.0,27.0,0.0,100.0,-1.0
2001-06-28 16:30:00,-1252.6132184387143,-1252.6132184387143,0.0,0.0,20.0,27.0,0.0,100.0,-1.0
2001-06-28 17:30:00,-1111.1574621468944,-1111.1574621468944,0.0,0.0,20.0,27.0,0.0,100.0,-1.0
2001-06-28 18:30:00,-878.9144570940762,-878.9144570940762,0.0,0.0,20.0,27.0,0.0,100.0,-1.0
2001-06-28 19:30:00,-546.0582580456421,-546.0582580456421,0.0,0.0,20.0,27.0,0.0,100.0,-1.0
2001-06-28 20:30:00,-173.41590843670292,-173.41590843670292,0.0,0.0,20.0,27.0,0.0,100.0,-1.0
2001-06-28 21:30:00,0.0,0.0,0.0,0.0,20.0,27.0,0.0,100.0,3.0
2001-06-28 22:30:00,0.0,0.0,0.0,0.0,20.0,27.0,0.0,100.0,3.0
2001-06-28 23:30:00,0.0,0.0,0.0,0.0,20.0,27.0,0.0,100.0,3.0
2001-06-29 00:30:00,0.0,0.0,0.0,0.0,20.0,27.0,0.0,100.0,3.0
2001-06-29 01:30:00,0.0,0.0,0.0,0.0,20.0,27.0,0.0,100.0,3.0
2001-06-29 02:30:00,0.0,0.0,0.0,0.0,20.0,27.0,0.0,100.0,3.0
2001-06-29 03:30:00,0.0,0.0,0.0,0.0,20.0,27.0,0.0,100.0,3.0
2001-06-29 04:30:00,0.0,0.0,0.0,0.0,20.0,27.0,0.0,100.0,3.0
2001-06-29 05:30:00,51.36265956828993,51.36265956828993,0.0,0.0,20.0,27.0,0.0,100.0,1.0
2001-06-29 06:30:00,0.0,0.0,0.0,0.0,20.0,27.0,0.0,100.0,3.0
2001-06-29 07:30:00,0.0,0.0,0.0,0.0,20.0,27.0,0.0,100.0,3.0
2001-06-29 08:30:00,0.0,0.0,0.0,0.0,20.0,27.0,0.0,100.0,3.0
2001-06-29 09:30:00,0.0,0.0,0.0,0.0,20.0,27.0,0.0,100.0,3.0
2001-06-29 10:30:00,0.0,0.0,0.0,0.0,20.0,27.0,0.0,100.0,3.0
2001-06-29 11:30:00,-687.4058850727224,-687.4058850727224,0.0,0.0,20.0,27.0,0.0,100.0,-1.0
2001-06-29 12:30:00,-1087.3668455896232,-1087.3668455896232,0.0,0.0,20.0,27.0,0.0,100.0,-1.0
2001-06-29 13:30:00,-1311.1991083414496,-1311.1991083414496,0.0,0.0,20.0,27.0,0.0,100.0,-1.0
2001-06-29 14:30:00,-1461.9318112832798,-1461.9318112832798,0.0,0.0,20.0,27.0,0.0,100.0,-1.0
2001-06-29 15:30:00,-1481.814831773464,-1481.814831773464,0.0,0.0,20.0,27.0,0.0,100.0,-1.0
2001-06-29 16:30:00,-1386.470047580452,-1386.470047580452,0.0,0.0,20.0,27.0,0.0,100.0,-1.0
2001-06-29 17:30:00,-1187.5816755411151,-1187.5816755411151,0.0,0.0,20.0,27.0,0.0,100.0,-1.0
2001-06-29 18:30:00,-868.0764402293144,-868.0764402293144,0.0,0.0,20.0,27.0,0.0,100.0,-1.0
2001-06-29 19:30:00,-505.71192409696505,-505.71192409696505,0.0,0.0,20.0,27.0,0.0,100.0,-1.0
2001-06-29 20:30:00,-139.49181816569217,-139.49181816569217,0.0,0.0,20.0,27.0,0.0,100.0,-1.0
2001-06-29 21:30:00,0.0,0.0,0.0,0.0,20.0,27.0,0.0,100.0,3.0
2001-06-29 22:30:00,0.0,0.0,0.0,0.0,20.0,27.0,0.0,100.0,3.0
2001-06-29 23:30:00,0.0,0.0,0.0,0.0,20.0,27.0,0.0,100.0,3.0
2001-06-30 00:30:00,0.0,0.0,0.0,0.0,20.0,27.0,0.0,100.0,3.0
2001-06-30 01:30:00,0.0,0.0,0.0,0.0,20.0,27.0,0.0,100.0,3.0
2001-06-30 02:30:00,0.0,0.0,0.0,0.0,20.0,27.0,0.0,100.0,3.0
2001-06-30 03:30:00,0.0,0.0,0.0,0.0,20.0,27.0,0.0,100.0,3.0
2001-06-30 04:30:00,0.0,0.0,0.0,0.0,20.0,27.0,0.0,100.0,3.0
2001-06-30 05:30:00,0.0,0.0,0.0,0.0,20.0,27.0,0.0,100.0,3.0
2001-06-30 06:30:00,0.0,0.0,0.0,0.0,20.0,27.0,0.0,100.0,3.0
2001-06-30 07:30:00,0.0,0.0,0.0,0.0,20.0,27.0,0.0,100.0,3.0
2001-06-30 08:30:00,0.0,0.0,0.0,0.0,20.0,27.0,0.0,100.0,3.0
2001-06-30 09:30:00,0.0,0.0,0.0,0.0,20.0,27.0,0.0,100.0,3.0
2001-06-30 10:30:00,-289.273184640806,-289.273184640806,0.0,0.0,20.0,27.0,0.0,100.0,-1.0
2001-06-30 11:30:00,-929.7122749684959,-929.7122749684959,0.0,0.0,20.0,27.0,0.0,100.0,-1.0
2001-06-30 12:30:00,-1293.5667118636293,-1293.5667118636293,0.0,0.0,20.0,27.0,0.0,100.0,-1.0
2001-06-30 13:30:00,-1541.512644045467,-1541.512644045467,0.0,0.0,20.0,27.0,0.0,100.0,-1.0
2001-06-30 14:30:00,-1665.1092506132763,-1665.1092506132763,0.0,0.0,20.0,27.0,0.0,100.0,-1.0
2001-06-30 15:30:00,-1675.573594081602,-1675.573594081602,0.0,0.0,20.0,27.0,0.0,100.0,-1.0
2001-06-30 16:30:00,-1562.887416733559,-1562.887416733559,0.0,0.0,20.0,27.0,0.0,100.0,-1.0
2001-06-30 17:30:00,-1347.6797933079188,-1347.6797933079188,0.0,0.0,20.0,27.0,0.0,100.0,-1.0
2001-06-30 18:30:00,-1088.9085689149897,-1088.9085689149897,0.0,0.0,20.0,27.0,0.0,100.0,-1.0
2001-06-30 19:30:00,-697.5912884645995,-697.5912884645995,0.0,0.0,20.0,27.0,0.0,100.0,-1.0
2001-06-30 20:30:00,-299.4238466434517,-299.4238466434517,0.0,0.0,20.0,27.0,0.0,100.0,-1.0
2001-06-30 21:30:00,-25.19509466726413,-25.19509466726413,0.0,0.0,20.0,27.0,0.0,100.0,-1.0
2001-06-30 22:30:00,0.0,0.0,0.0,0.0,20.0,27.0,0.0,100.0,3.0
2001-06-30 23:30:00,0.0,0.0,0.0,0.0,20.0,27.0,0.0,100.0,3.0
2001-07-01 00:30:00,0.0,0.0,0.0,0.0,20.0,27.0,0.0,100.0,3.0
2001-07-01 01:30:00,0.0,0.0,0.0,0.0,20.0,27.0,0.0,100.0,3.0
2001-07-01 02:30:00,0.0,0.0,0.0,0.0,20.0,27.0,0.0,100.0,3.0
2001-07-01 03:30:00,0.0,0.0,0.0,0.0,20.0,27.0,0.0,100.0,3.0
2001-07-01 04:30:00,0.0,0.0,0.0,0.0,20.0,27.0,0.0,100.0,3.0
2001-07-01 05:30:00,71.12836587169295,71.12836587169295,0.0,0.0,20.0,27.0,0.0,100.0,1.0
2001-07-01 06:30:00,0.0,0.0,0.0,0.0,20.0,27.0,0.0,100.0,3.0
2001-07-01 07:30:00,0.0,0.0,0.0,0.0,20.0,27.0,0.0,100.0,3.0
2001-07-01 08:30:00,0.0,0.0,0.0,0.0,20.0,27.0,0.0,100.0,3.0
2001-07-01 09:30:00,0.0,0.0,0.0,0.0,20.0,27.0,0.0,100.0,3.0
2001-07-01 10:30:00,-88.09697314598452,-88.09697314598452,0.0,0.0,20.0,27.0,0.0,100.0,-1.0
2001-07-01 11:30:00,-736.8579523742401,-736.8579523742401,0.0,0.0,20.0,27.0,0.0,100.0,-1.0
2001-07-01 12:30:00,-1105.0428182559053,-1105.0428182559053,0.0,0.0,20.0,27.0,0.0,100.0,-1.0
2001-07-01 13:30:00,-1378.8470693422887,-1378.8470693422887,0.0,0.0,20.0,27.0,0.0,100.0,-1.0
2001-07-01 14:30:00,-1454.1953631608858,-1454.1953631608858,0.0,0.0,20.0,27.0,0.0,100.0,-1.0
2001-07-01 15:30:00,-1480.9760639951774,-1480.9760639951774,0.0,0.0,20.0,27.0,0.0,100.0,-1.0
2001-07-01 16:30:00,-1390.3807464566116,-1390.3807464566116,0.0,0.0,20.0,27.0,0.0,100.0,-1.0
2001-07-01 17:30:00,-1181.2118237368095,-1181.2118237368095,0.0,0.0,20.0,27.0,0.0,100.0,-1.0
2001-07-01 18:30:00,-933.5380391382232,-933.5380391382232,0.0,0.0,20.0,27.0,0.0,100.0,-1.0
2001-07-01 19:30:00,-592.8415237829386,-592.8415237829386,0.0,0.0,20.0,27.0,0.0,100.0,-1.0
2001-07-01 20:30:00,-205.65645536188003,-205.65645536188003,0.0,0.0,20.0,27.0,0.0,100.0,-1.0
2001-07-01 21:30:00,0.0,0.0,0.0,0.0,20.0,27.0,0.0,100.0,3.0
2001-07-01 22:30:00,0.0,0.0,0.0,0.0,20.0,27.0,0.0,100.0,3.0
2001-07-01 23:30:00,0.0,0.0,0.0,0.0,20.0,27.0,0.0,100.0,3.0
2001-07-02 00:30:00,0.0,0.0,0.0,0.0,20.0,27.0,0.0,100.0,3.0
2001-07-02 01:30:00,0.0,0.0,0.0,0.0,20.0,27.0,0.0,100.0,3.0
2001-07-02 02:30:00,0.0,0.0,0.0,0.0,20.0,27.0,0.0,100.0,3.0
2001-07-02 03:30:00,0.0,0.0,0.0,0.0,20.0,27.0,0.0,100.0,3.0
2001-07-02 04:30:00,0.0,0.0,0.0,0.0,20.0,27.0,0.0,100.0,3.0
2001-07-02 05:30:00,15.662372689423137,15.662372689423137,0.0,0.0,20.0,27.0,0.0,100.0,1.0
2001-07-02 06:30:00,0.0,0.0,0.0,0.0,20.0,27.0,0.0,100.0,3.0
2001-07-02 07:30:00,0.0,0.0,0.0,0.0,20.0,27.0,0.0,100.0,3.0
2001-07-02 08:30:00,0.0,0.0,0.0,0.0,20.0,27.0,0.0,100.0,3.0
2001-07-02 09:30:00,0.0,0.0,0.0,0.0,20.0,27.0,0.0,100.0,3.0
2001-07-02 10:30:00,-336.63376067696754,-336.63376067696754,0.0,0.0,20.0,27.0,0.0,100.0,-1.0
2001-07-02 11:30:00,-876.7839959356888,-876.7839959356888,0.0,0.0,20.0,27.0,0.0,100.0,-1.0
2001-07-02 12:30:00,-1198.4622293279908,-1198.4622293279908,0.0,0.0,20.0,27.0,0.0,100.0,-1.0
2001-07-02 13:30:00,-1391.9746264452415,-1391.9746264452415,0.0,0.0,20.0,27.0,0.0,100.0,-1.0
2001-07-02 14:30:00,-1513.9468672310095,-1513.9468672310095,0.0,0.0,20.0,27.0,0.0,100.0,-1.0
2001-07-02 15:30:00,-1589.858725360461,-1589.858725360461,0.0,0.0,20.0,27.0,0.0,100.0,-1.0
2001-07-02 16:30:00,-1537.1882116848346,-1537.1882116848346,0.0,0.0,20.0,27.0,0.0,100.0,-1.0
2001-07-02 17:30:00,-1403.4484924048165,-1403.4484924048165,0.0,0.0,20.0,27.0,0.0,100.0,-1.0
2001-07-02 18:30:00,-1149.351088837001,-1149.351088837001,0.0,0.0,20.0,27.0,0.0,100.0,-1.0
2001-07-02 19:30:00,-796.0412280537175,-796.0412280537175,0.0,0.0,20.0,27.0,0.0,100.0,-1.0
2001-07-02 20:30:00,-402.59795462076454,-402.59795462076454,0.0,0.0,20.0,27.0,0.0,100.0,-1.0
2001-07-02 21:30:00,-123.58732349510592,-123.58732349510592,0.0,0.0,20.0,27.0,0.0,100.0,-1.0
2001-07-02 22:30:00,0.0,0.0,0.0,0.0,20.0,27.0,0.0,100.0,3.0
2001-07-02 23:30:00,0.0,0.0,0.0,0.0,20.0,27.0,0.0,100.0,3.0
2001-07-03 00:30:00,0.0,0.0,0.0,0.0,20.0,27.0,0.0,100.0,3.0
2001-07-03 01:30:00,0.0,0.0,0.0,0.0,20.0,27.0,0.0,100.0,3.0
2001-07-03 02:30:00,0.0,0.0,0.0,0.0,20.0,27.0,0.0,100.0,3.0
2001-07-03 03:30:00,0.0,0.0,0.0,0.0,20.0,27.0,0.0,100.0,3.0
2001-07-03 04:30:00,0.0,0.0,0.0,0.0,20.0,27.0,0.0,100.0,3.0
2001-07-03 05:30:00,0.0,0.0,0.0,0.0,20.0,27.0,0.0,100.0,3.0
2001-07-03 06:30:00,0.0,0.0,0.0,0.0,20.0,27.0,0.0,100.0,3.0
2001-07-03 07:30:00,0.0,0.0,0.0,0.0,20.0,27.0,0.0,100.0,3.0
2001-07-03 08:30:00,0.0,0.0,0.0,0.0,20.0,27.0,0.0,100.0,3.0
2001-07-03 09:30:00,-130.24556481268246,-130.24556481268246,0.0,0.0,20.0,27.0,0.0,100.0,-1.0
2001-07-03 10:30:00,-762.0264743586949,-762.0264743586949,0.0,0.0,20.0,27.0,0.0,100.0,-1.0
2001-07-03 11:30:00,-1256.348257399498,-1256.348257399498,0.0,0.0,20.0,27.0,0.0,100.0,-1.0
2001-07-03 12:30:00,-1561.8203175550743,-1561.8203175550743,0.0,0.0,20.0,27.0,0.0,100.0,-1.0
2001-07-03 13:30:00,-1739.8596469307695,-1739.8596469307695,0.0,0.0,20.0,27.0,0.0,100.0,-1.0
2001-07-03 14:30:00,-1895.418064842589,-1895.418064842589,0.0,0.0,20.0,27.0,0.0,100.0,-1.0
2001-07-03 15:30:00,-1854.0217238421728,-1854.0217238421728,0.0,0.0,20.0,27.0,0.0,100.0,-1.0
2001-07-03 16:30:00,-1747.894857150036,-1747.894857150036,0.0,0.0,20.0,27.0,0.0,100.0,-1.0
2001-07-03 17:30:00,-1544.4552556045592,-1544.4552556045592,0.0,0.0,20.0,27.0,0.0,100.0,-1.0
2001-07-03 18:30:00,-1233.0745393403804,-1233.0745393403804,0.0,0.0,20.0,27.0,0.0,100.0,-1.0
2001-07-03 19:30:00,-847.4415801716395,-847.4415801716395,0.0,0.0,20.0,27.0,0.0,100.0,-1.0
2001-07-03 20:30:00,-440.878265249833,-440.878265249833,0.0,0.0,20.0,27.0,0.0,100.0,-1.0
2001-07-03 21:30:00,-142.3045678998178,-142.3045678998178,0.0,0.0,20.0,27.0,0.0,100.0,-1.0
2001-07-03 22:30:00,0.0,0.0,0.0,0.0,20.0,27.0,0.0,100.0,3.0
2001-07-03 23:30:00,0.0,0.0,0.0,0.0,20.0,27.0,0.0,100.0,3.0
2001-07-04 00:30:00,0.0,0.0,0.0,0.0,20.0,27.0,0.0,100.0,3.0
2001-07-04 01:30:00,0.0,0.0,0.0,0.0,20.0,27.0,0.0,100.0,3.0
2001-07-04 02:30:00,0.0,0.0,0.0,0.0,20.0,27.0,0.0,100.0,3.0
2001-07-04 03:30:00,0.0,0.0,0.0,0.0,20.0,27.0,0.0,100.0,3.0
2001-07-04 04:30:00,0.0,0.0,0.0,0.0,20.0,27.0,0.0,100.0,3.0
2001-07-04 05:30:00,0.0,0.0,0.0,0.0,20.0,27.0,0.0,100.0,3.0
2001-07-04 06:30:00,0.0,0.0,0.0,0.0,20.0,27.0,0.0,100.0,3.0
2001-07-04 07:30:00,0.0,0.0,0.0,0.0,20.0,27.0,0.0,100.0,3.0
2001-07-04 08:30:00,0.0,0.0,0.0,0.0,20.0,27.0,0.0,100.0,3.0
2001-07-04 09:30:00,0.0,0.0,0.0,0.0,20.0,27.0,0.0,100.0,3.0
2001-07-04 10:30:00,-133.87582565400862,-133.87582565400862,0.0,0.0,20.0,27.0,0.0,100.0,-1.0
2001-07-04 11:30:00,-788.3181909480163,-788.3181909480163,0.0,0.0,20.0,27.0,0.0,100.0,-1.0
2001-07-04 12:30:00,-1168.1058388100837,-1168.1058388100837,0.0,0.0,20.0,27.0,0.0,100.0,-1.0
2001-07-04 13:30:00,-1383.9204001424796,-1383.9204001424796,0.0,0.0,20.0,27.0,0.0,100.0,-1.0
2001-07-04 14:30:00,-1515.3021655240436,-1515.3021655240436,0.0,0.0,20.0,27.0,0.0,100.0,-1.0
2001-07-04 15:30:00,-1491.1957034378256,-1491.1957034378256,0.0,0.0,20.0,27.0,0.0,100.0,-1.0
2001-07-04 16:30:00,-1368.9239224484254,-1368.9239224484254,0.0,0.0,20.0,27.0,0.0,100.0,-1.0
2001-07-04 17:30:00,-1168.9921051967785,-1168.9921051967785,0.0,0.0,20.0,27.0,0.0,100.0,-1.0
2001-07-04 18:30:00,-826.4494960565889,-826.4494960565889,0.0,0.0,20.0,27.0,0.0,100.0,-1.0
2001-07-04 19:30:00,-462.36764000579115,-462.36764000579115,0.0,0.0,20.0,27.0,0.0,100.0,-1.0
2001-07-04 20:30:00,-65.46762040532394,-65.46762040532394,0.0,0.0,20.0,27.0,0.0,100.0,-1.0
2001-07-04 21:30:00,0.0,0.0,0.0,0.0,20.0,27.0,0.0,100.0,3.0
2001-07-04 22:30:00,0.0,0.0,0.0,0.0,20.0,27.0,0.0,100.0,3.0
2001-07-04 23:30:00,0.0,0.0,0.0,0.0,20.0,27.0,0.0,100.0,3.0
2001-07-05 00:30:00,0.0,0.0,0.0,0.0,20.0,27.0,0.0,100.0,3.0
2001-07-05 01:30:00,0.0,0.0,0.0,0.0,20.0,27.0,0.0,100.0,3.0
2001-07-05 02:30:00,0.0,0.0,0.0,0.0,20.0,27.0,0.0,100.0,3.0
2001-07-05 03:30:00,0.0,0.0,0.0,0.0,20.0,27.0,0.0,100.0,3.0
2001-07-05 04:30:00,121.0142175136425,121.0142175136425,0.0,0.0,20.0,27.0,0.0,100.0,1.0
2001-07-05 05:30:00,315.09319576337293,315.09319576337293,0.0,0.0,20.0,27.0,0.0,100.0,1.0
2001-07-05 06:30:00,181.81708710842213,181.81708710842213,0.0,0.0,20.0,27.0,0.0,100.0,1.0
2001-07-05 07:30:00,0.0,0.0,0.0,0.0,20.0,27.0,0.0,100.0,3.0
2001-07-05 08:30:00,0.0,0.0,0.0,0.0,20.0,27.0,0.0,100.0,3.0
2001-07-05 09:30:00,0.0,0.0,0.0,0.0,20.0,27.0,0.0,100.0,3.0
2001-07-05 10:30:00,0.0,0.0,0.0,0.0,20.0,27.0,0.0,100.0,3.0
2001-07-05 11:30:00,-488.8959276085088,-488.8959276085088,0.0,0.0,20.0,27.0,0.0,100.0,-1.0
2001-07-05 12:30:00,-924.9531387972847,-924.9531387972847,0.0,0.0,20.0,27.0,0.0,100.0,-1.0
2001-07-05 13:30:00,-1166.999718481261,-1166.999718481261,0.0,0.0,20.0,27.0,0.0,100.0,-1.0
2001-07-05 14:30:00,-1322.1773698025436,-1322.1773698025436,0.0,0.0,20.0,27.0,0.0,100.0,-1.0
2001-07-05 15:30:00,-1428.7341323266692,-1428.7341323266692,0.0,0.0,20.0,27.0,0.0,100.0,-1.0
2001-07-05 16:30:00,-1389.4332034462268,-1389.4332034462268,0.0,0.0,20.0,27.0,0.0,100.0,-1.0
2001-07-05 17:30:00,-1238.7200294277636,-1238.7200294277636,0.0,0.0,20.0,27.0,0.0,100.0,-1.0
2001-07-05 18:30:00,-978.6729658151517,-978.6729658151517,0.0,0.0,20.0,27.0,0.0,100.0,-1.0
2001-07-05 19:30:00,-624.4480223408218,-624.4480223408218,0.0,0.0,20.0,27.0,0.0,100.0,-1.0
2001-07-05 20:30:00,-221.58314911939215,-221.58314911939215,0.0,0.0,20.0,27.0,0.0,100.0,-1.0
2001-07-05 21:30:00,0.0,0.0,0.0,0.0,20.0,27.0,0.0,100.0,3.0
2001-07-05 22:30:00,0.0,0.0,0.0,0.0,20.0,27.0,0.0,100.0,3.0
2001-07-05 23:30:00,0.0,0.0,0.0,0.0,20.0,27.0,0.0,100.0,3.0
2001-07-06 00:30:00,0.0,0.0,0.0,0.0,20.0,27.0,0.0,100.0,3.0
2001-07-06 01:30:00,0.0,0.0,0.0,0.0,20.0,27.0,0.0,100.0,3.0
2001-07-06 02:30:00,0.0,0.0,0.0,0.0,20.0,27.0,0.0,100.0,3.0
2001-07-06 03:30:00,0.0,0.0,0.0,0.0,20.0,27.0,0.0,100.0,3.0
2001-07-06 04:30:00,249.41679195191864,249.41679195191864,0.0,0.0,20.0,27.0,0.0,100.0,1.0
2001-07-06 05:30:00,500.0262398494733,500.0262398494733,0.0,0.0,20.0,27.0,0.0,100.0,1.0
2001-07-06 06:30:00,353.19504689592577,353.19504689592577,0.0,0.0,20.0,27.0,0.0,100.0,1.0
2001-07-06 07:30:00,40.70616269054517,40.70616269054517,0.0,0.0,20.0,27.0,0.0,100.0,1.0
2001-07-06 08:30:00,0.0,0.0,0.0,0.0,20.0,27.0,0.0,100.0,3.0
2001-07-06 09:30:00,0.0,0.0,0.0,0.0,20.0,27.0,0.0,100.0,3.0
2001-07-06 10:30:00,0.0,0.0,0.0,0.0,20.0,27.0,0.0,100.0,3.0
2001-07-06 11:30:00,-62.64107747647631,-62.64107747647631,0.0,0.0,20.0,27.0,0.0,100.0,-1.0
2001-07-06 12:30:00,-608.8445898333621,-608.8445898333621,0.0,0.0,20.0,27.0,0.0,100.0,-1.0
2001-07-06 13:30:00,-895.6205112370781,-895.6205112370781,0.0,0.0,20.0,27.0,0.0,100.0,-1.0
2001-07-06 14:30:00,-1036.456519119497,-1036.456519119497,0.0,0.0,20.0,27.0,0.0,100.0,-1.0
2001-07-06 15:30:00,-1089.792921831112,-1089.792921831112,0.0,0.0,20.0,27.0,0.0,100.0,-1.0
2001-07-06 16:30:00,-1016.9738493843897,-1016.9738493843897,0.0,0.0,20.0,27.0,0.0,100.0,-1.0
2001-07-06 17:30:00,-845.7912469999637,-845.7912469999637,0.0,0.0,20.0,27.0,0.0,100.0,-1.0
2001-07-06 18:30:00,-583.7840924859147,-583.7840924859147,0.0,0.0,20.0,27.0,0.0,100.0,-1.0
2001-07-06 19:30:00,-237.98643328261187,-237.98643328261187,0.0,0.0,20.0,27.0,0.0,100.0,-1.0
2001-07-06 20:30:00,0.0,0.0,0.0,0.0,20.0,27.0,0.0,100.0,3.0
2001-07-06 21:30:00,0.0,0.0,0.0,0.0,20.0,27.0,0.0,100.0,3.0
2001-07-06 22:30:00,0.0,0.0,0.0,0.0,20.0,27.0,0.0,100.0,3.0
2001-07-06 23:30:00,0.0,0.0,0.0,0.0,20.0,27.0,0.0,100.0,3.0
2001-07-07 00:30:00,0.0,0.0,0.0,0.0,20.0,27.0,0.0,100.0,3.0
2001-07-07 01:30:00,0.0,0.0,0.0,0.0,20.0,27.0,0.0,100.0,3.0
2001-07-07 02:30:00,0.0,0.0,0.0,0.0,20.0,27.0,0.0,100.0,3.0
2001-07-07 03:30:00,0.0,0.0,0.0,0.0,20.0,27.0,0.0,100.0,3.0
2001-07-07 04:30:00,146.2781668316693,146.2781668316693,0.0,0.0,20.0,27.0,0.0,100.0,1.0
2001-07-07 05:30:00,248.25201157674383,248.25201157674383,0.0,0.0,20.0,27.0,0.0,100.0,1.0
2001-07-07 06:30:00,35.98718073448799,35.98718073448799,0.0,0.0,20.0,27.0,0.0,100.0,1.0
2001-07-07 07:30:00,0.0,0.0,0.0,0.0,20.0,27.0,0.0,100.0,3.0
2001-07-07 08:30:00,0.0,0.0,0.0,0.0,20.0,27.0,0.0,100.0,3.0
2001-07-07 09:30:00,0.0,0.0,0.0,0.0,20.0,27.0,0.0,100.0,3.0
2001-07-07 10:30:00,-181.8703328490783,-181.8703328490783,0.0,0.0,20.0,27.0,0.0,100.0,-1.0
2001-07-07 11:30:00,-896.3441190858857,-896.3441190858857,0.0,0.0,20.0,27.0,0.0,100.0,-1.0
2001-07-07 12:30:00,-1299.4736967275812,-1299.4736967275812,0.0,0.0,20.0,27.0,0.0,100.0,-1.0
2001-07-07 13:30:00,-1555.1562779444512,-1555.1562779444512,0.0,0.0,20.0,27.0,0.0,100.0,-1.0
2001-07-07 14:30:00,-1701.4567288737153,-1701.4567288737153,0.0,0.0,20.0,27.0,0.0,100.0,-1.0
2001-07-07 15:30:00,-1721.8365655365296,-1721.8365655365296,0.0,0.0,20.0,27.0,0.0,100.0,-1.0
2001-07-07 16:30:00,-1586.001998376577,-1586.001998376577,0.0,0.0,20.0,27.0,0.0,100.0,-1.0
2001-07-07 17:30:00,-1345.3726025918286,-1345.3726025918286,0.0,0.0,20.0,27.0,0.0,100.0,-1.0
2001-07-07 18:30:00,-1052.6631419588257,-1052.6631419588257,0.0,0.0,20.0,27.0,0.0,100.0,-1.0
2001-07-07 19:30:00,-704.1610785400726,-704.1610785400726,0.0,0.0,20.0,27.0,0.0,100.0,-1.0
2001-07-07 20:30:00,-343.95447495926874,-343.95447495926874,0.0,0.0,20.0,27.0,0.0,100.0,-1.0
2001-07-07 21:30:00,-108.90053597503811,-108.90053597503811,0.0,0.0,20.0,27.0,0.0,100.0,-1.0
2001-07-07 22:30:00,0.0,0.0,0.0,0.0,20.0,27.0,0.0,100.0,3.0
2001-07-07 23:30:00,0.0,0.0,0.0,0.0,20.0,27.0,0.0,100.0,3.0
2001-07-08 00:30:00,0.0,0.0,0.0,0.0,20.0,27.0,0.0,100.0,3.0
2001-07-08 01:30:00,0.0,0.0,0.0,0.0,20.0,27.0,0.0,100.0,3.0
2001-07-08 02:30:00,0.0,0.0,0.0,0.0,20.0,27.0,0.0,100.0,3.0
2001-07-08 03:30:00,0.0,0.0,0.0,0.0,20.0,27.0,0.0,100.0,3.0
2001-07-08 04:30:00,0.0,0.0,0.0,0.0,20.0,27.0,0.0,100.0,3.0
2001-07-08 05:30:00,0.0,0.0,0.0,0.0,20.0,27.0,0.0,100.0,3.0
2001-07-08 06:30:00,0.0,0.0,0.0,0.0,20.0,27.0,0.0,100.0,3.0
2001-07-08 07:30:00,0.0,0.0,0.0,0.0,20.0,27.0,0.0,100.0,3.0
2001-07-08 08:30:00,-100.81505175174698,-100.81505175174698,0.0,0.0,20.0,27.0,0.0,100.0,-1.0
2001-07-08 09:30:00,-750.6145604961412,-750.6145604961412,0.0,0.0,20.0,27.0,0.0,100.0,-1.0
2001-07-08 10:30:00,-1221.474760859809,-1221.474760859809,0.0,0.0,20.0,27.0,0.0,100.0,-1.0
2001-07-08 11:30:00,-1489.5552409793263,-1489.5552409793263,0.0,0.0,20.0,27.0,0.0,100.0,-1.0
2001-07-08 12:30:00,-1753.3106049610042,-1753.3106049610042,0.0,0.0,20.0,27.0,0.0,100.0,-1.0
2001-07-08 13:30:00,-1834.486824026094,-1834.486824026094,0.0,0.0,20.0,27.0,0.0,100.0,-1.0
2001-07-08 14:30:00,-1955.2787491529025,-1955.2787491529025,0.0,0.0,20.0,27.0,0.0,100.0,-1.0
2001-07-08 15:30:00,-1968.1197224238995,-1968.1197224238995,0.0,0.0,20.0,27.0,0.0,100.0,-1.0
2001-07-08 16:30:00,-1870.5898760020345,-1870.5898760020345,0.0,0.0,20.0,27.0,0.0,100.0,-1.0
2001-07-08 17:30:00,-1684.831320177388,-1684.831320177388,0.0,0.0,20.0,27.0,0.0,100.0,-1.0
2001-07-08 18:30:00,-1252.941996220744,-1252.941996220744,0.0,0.0,20.0,27.0,0.0,100.0,-1.0
2001-07-08 19:30:00,-843.7770265169556,-843.7770265169556,0.0,0.0,20.0,27.0,0.0,100.0,-1.0
2001-07-08 20:30:00,-541.0264299814107,-541.0264299814107,0.0,0.0,20.0,27.0,0.0,100.0,-1.0
2001-07-08 21:30:00,-339.6898967136085,-339.6898967136085,0.0,0.0,20.0,27.0,0.0,100.0,-1.0
2001-07-08 22:30:00,-194.82150932159038,-194.82150932159038,0.0,0.0,20.0,27.0,0.0,100.0,-1.0
2001-07-08 23:30:00,-79.62122215732143,-79.62122215732143,0.0,0.0,20.0,27.0,0.0,100.0,-1.0
2001-07-09 00:30:00,0.0,0.0,0.0,0.0,20.0,27.0,0.0,100.0,3.0
2001-07-09 01:30:00,0.0,0.0,0.0,0.0,20.0,27.0,0.0,100.0,3.0
2001-07-09 02:30:00,0.0,0.0,0.0,0.0,20.0,27.0,0.0,100.0,3.0
2001-07-09 03:30:00,0.0,0.0,0.0,0.0,20.0,27.0,0.0,100.0,3.0
2001-07-09 04:30:00,0.0,0.0,0.0,0.0,20.0,27.0,0.0,100.0,3.0
2001-07-09 05:30:00,0.0,0.0,0.0,0.0,20.0,27.0,0.0,100.0,3.0
2001-07-09 06:30:00,0.0,0.0,0.0,0.0,20.0,27.0,0.0,100.0,3.0
2001-07-09 07:30:00,0.0,0.0,0.0,0.0,20.0,27.0,0.0,100.0,3.0
2001-07-09 08:30:00,-567.1799160004493,-567.1799160004493,0.0,0.0,20.0,27.0,0.0,100.0,-1.0
2001-07-09 09:30:00,-1023.4516012945396,-1023.4516012945396,0.0,0.0,20.0,27.0,0.0,100.0,-1.0
2001-07-09 10:30:00,-1429.9924001941845,-1429.9924001941845,0.0,0.0,20.0,27.0,0.0,100.0,-1.0
2001-07-09 11:30:00,-1739.3768183500097,-1739.3768183500097,0.0,0.0,20.0,27.0,0.0,100.0,-1.0
2001-07-09 12:30:00,-1975.0586030416898,-1975.0586030416898,0.0,0.0,20.0,27.0,0.0,100.0,-1.0
2001-07-09 13:30:00,-2129.1662049672204,-2129.1662049672204,0.0,0.0,20.0,27.0,0.0,100.0,-1.0
2001-07-09 14:30:00,-2215.1864395372622,-2215.1864395372622,0.0,0.0,20.0,27.0,0.0,100.0,-1.0
2001-07-09 15:30:00,-2291.5978984492367,-2291.5978984492367,0.0,0.0,20.0,27.0,0.0,100.0,-1.0
2001-07-09 16:30:00,-2189.4212893531085,-2189.4212893531085,0.0,0.0,20.0,27.0,0.0,100.0,-1.0
2001-07-09 17:30:00,-1966.2349229979982,-1966.2349229979982,0.0,0.0,20.0,27.0,0.0,100.0,-1.0
2001-07-09 18:30:00,-1670.2824027958386,-1670.2824027958386,0.0,0.0,20.0,27.0,0.0,100.0,-1.0
2001-07-09 19:30:00,-1314.9926800476633,-1314.9926800476633,0.0,0.0,20.0,27.0,0.0,100.0,-1.0
2001-07-09 20:30:00,-923.1537512558198,-923.1537512558198,0.0,0.0,20.0,27.0,0.0,100.0,-1.0
2001-07-09 21:30:00,-631.5801624000969,-631.5801624000969,0.0,0.0,20.0,27.0,0.0,100.0,-1.0
2001-07-09 22:30:00,-414.5186790091111,-414.5186790091111,0.0,0.0,20.0,27.0,0.0,100.0,-1.0
2001-07-09 23:30:00,-232.5067322224886,-232.5067322224886,0.0,0.0,20.0,27.0,0.0,100.0,-1.0
2001-07-10 00:30:00,-74.59411220363745,-74.59411220363745,0.0,0.0,20.0,27.0,0.0,100.0,-1.0
2001-07-10 01:30:00,0.0,0.0,0.0,0.0,20.0,27.0,0.0,100.0,3.0
2001-07-10 02:30:00,0.0,0.0,0.0,0.0,20.0,27.0,0.0,100.0,3.0
2001-07-10 03:30:00,0.0,0.0,0.0,0.0,20.0,27.0,0.0,100.0,3.0
2001-07-10 04:30:00,0.0,0.0,0.0,0.0,20.0,27.0,0.0,100.0,3.0
2001-07-10 05:30:00,0.0,0.0,0.0,0.0,20.0,27.0,0.0,100.0,3.0
2001-07-10 06:30:00,0.0,0.0,0.0,0.0,20.0,27.0,0.0,100.0,3.0
2001-07-10 07:30:00,0.0,0.0,0.0,0.0,20.0,27.0,0.0,100.0,3.0
2001-07-10 08:30:00,0.0,0.0,0.0,0.0,20.0,27.0,0.0,100.0,3.0
2001-07-10 09:30:00,-569.8709237638877,-569.8709237638877,0.0,0.0,20.0,27.0,0.0,100.0,-1.0
2001-07-10 10:30:00,-1031.0773830502467,-1031.0773830502467,0.0,0.0,20.0,27.0,0.0,100.0,-1.0
2001-07-10 11:30:00,-1407.2376124406119,-1407.2376124406119,0.0,0.0,20.0,27.0,0.0,100.0,-1.0
2001-07-10 12:30:00,-1637.3642311158064,-1637.3642311158064,0.0,0.0,20.0,27.0,0.0,100.0,-1.0
2001-07-10 13:30:00,-1783.0294776222627,-1783.0294776222627,0.0,0.0,20.0,27.0,0.0,100.0,-1.0
2001-07-10 14:30:00,-1878.8022436587626,-1878.8022436587626,0.0,0.0,20.0,27.0,0.0,100.0,-1.0
2001-07-10 15:30:00,-1921.453294930846,-1921.453294930846,0.0,0.0,20.0,27.0,0.0,100.0,-1.0
2001-07-10 16:30:00,-1860.1738767733777,-1860.1738767733777,0.0,0.0,20.0,27.0,0.0,100.0,-1.0
2001-07-10 17:30:00,-1689.4351375415745,-1689.4351375415745,0.0,0.0,20.0,27.0,0.0,100.0,-1.0
2001-07-10 18:30:00,-1427.8912969545627,-1427.8912969545627,0.0,0.0,20.0,27.0,0.0,100.0,-1.0
2001-07-10 19:30:00,-1100.5543009415333,-1100.5543009415333,0.0,0.0,20.0,27.0,0.0,100.0,-1.0
2001-07-10 20:30:00,-705.4435406264683,-705.4435406264683,0.0,0.0,20.0,27.0,0.0,100.0,-1.0
2001-07-10 21:30:00,-411.9357842387044,-411.9357842387044,0.0,0.0,20.0,27.0,0.0,100.0,-1.0
2001-07-10 22:30:00,-188.6350653385207,-188.6350653385207,0.0,0.0,20.0,27.0,0.0,100.0,-1.0
2001-07-10 23:30:00,-4.476957496422074,-4.476957496422074,0.0,0.0,20.0,27.0,0.0,100.0,-1.0
2001-07-11 00:30:00,0.0,0.0,0.0,0.0,20.0,27.0,0.0,100.0,3.0
2001-07-11 01:30:00,0.0,0.0,0.0,0.0,20.0,27.0,0.0,100.0,3.0
2001-07-11 02:30:00,0.0,0.0,0.0,0.0,20.0,27.0,0.0,100.0,3.0
2001-07-11 03:30:00,0.0,0.0,0.0,0.0,20.0,27.0,0.0,100.0,3.0
2001-07-11 04:30:00,0.0,0.0,0.0,0.0,20.0,27.0,0.0,100.0,3.0
2001-07-11 05:30:00,0.0,0.0,0.0,0.0,20.0,27.0,0.0,100.0,3.0
2001-07-11 06:30:00,0.0,0.0,0.0,0.0,20.0,27.0,0.0,100.0,3.0
2001-07-11 07:30:00,0.0,0.0,0.0,0.0,20.0,27.0,0.0,100.0,3.0
2001-07-11 08:30:00,0.0,0.0,0.0,0.0,20.0,27.0,0.0,100.0,3.0
2001-07-11 09:30:00,-146.54543845990793,-146.54543845990793,0.0,0.0,20.0,27.0,0.0,100.0,-1.0
2001-07-11 10:30:00,-767.0271909685207,-767.0271909685207,0.0,0.0,20.0,27.0,0.0,100.0,-1.0
2001-07-11 11:30:00,-1187.945357782798,-1187.945357782798,0.0,0.0,20.0,27.0,0.0,100.0,-1.0
2001-07-11 12:30:00,-1465.1871696402368,-1465.1871696402368,0.0,0.0,20.0,27.0,0.0,100.0,-1.0
2001-07-11 13:30:00,-1628.4023796966712,-1628.4023796966712,0.0,0.0,20.0,27.0,0.0,100.0,-1.0
2001-07-11 14:30:00,-1734.7117553115522,-1734.7117553115522,0.0,0.0,20.0,27.0,0.0,100.0,-1.0
2001-07-11 15:30:00,-1774.7548324215268,-1774.7548324215268,0.0,0.0,20.0,27.0,0.0,100.0,-1.0
2001-07-11 16:30:00,-1708.5789682720015,-1708.5789682720015,0.0,0.0,20.0,27.0,0.0,100.0,-1.0
2001-07-11 17:30:00,-1531.4474076924007,-1531.4474076924007,0.0,0.0,20.0,27.0,0.0,100.0,-1.0
2001-07-11 18:30:00,-1272.4859526230439,-1272.4859526230439,0.0,0.0,20.0,27.0,0.0,100.0,-1.0
2001-07-11 19:30:00,-931.9232231214291,-931.9232231214291,0.0,0.0,20.0,27.0,0.0,100.0,-1.0
2001-07-11 20:30:00,-542.717563251611,-542.717563251611,0.0,0.0,20.0,27.0,0.0,100.0,-1.0
2001-07-11 21:30:00,-265.5801839576916,-265.5801839576916,0.0,0.0,20.0,27.0,0.0,100.0,-1.0
2001-07-11 22:30:00,-58.11920017246575,-58.11920017246575,0.0,0.0,20.0,27.0,0.0,100.0,-1.0
2001-07-11 23:30:00,0.0,0.0,0.0,0.0,20.0,27.0,0.0,100.0,3.0
2001-07-12 00:30:00,0.0,0.0,0.0,0.0,20.0,27.0,0.0,100.0,3.0
2001-07-12 01:30:00,0.0,0.0,0.0,0.0,20.0,27.0,0.0,100.0,3.0
2001-07-12 02:30:00,0.0,0.0,0.0,0.0,20.0,27.0,0.0,100.0,3.0
2001-07-12 03:30:00,0.0,0.0,0.0,0.0,20.0,27.0,0.0,100.0,3.0
2001-07-12 04:30:00,0.0,0.0,0.0,0.0,20.0,27.0,0.0,100.0,3.0
2001-07-12 05:30:00,0.0,0.0,0.0,0.0,20.0,27.0,0.0,100.0,3.0
2001-07-12 06:30:00,0.0,0.0,0.0,0.0,20.0,27.0,0.0,100.0,3.0
2001-07-12 07:30:00,0.0,0.0,0.0,0.0,20.0,27.0,0.0,100.0,3.0
2001-07-12 08:30:00,0.0,0.0,0.0,0.0,20.0,27.0,0.0,100.0,3.0
2001-07-12 09:30:00,-295.078027158831,-295.078027158831,0.0,0.0,20.0,27.0,0.0,100.0,-1.0
2001-07-12 10:30:00,-880.2670753441789,-880.2670753441789,0.0,0.0,20.0,27.0,0.0,100.0,-1.0
2001-07-12 11:30:00,-1364.6766294520885,-1364.6766294520885,0.0,0.0,20.0,27.0,0.0,100.0,-1.0
2001-07-12 12:30:00,-1639.840000903555,-1639.840000903555,0.0,0.0,20.0,27.0,0.0,100.0,-1.0
2001-07-12 13:30:00,-1866.4970844858353,-1866.4970844858353,0.0,0.0,20.0,27.0,0.0,100.0,-1.0
2001-07-12 14:30:00,-1944.93709832078,-1944.93709832078,0.0,0.0,20.0,27.0,0.0,100.0,-1.0
2001-07-12 15:30:00,-1982.5357192508227,-1982.5357192508227,0.0,0.0,20.0,27.0,0.0,100.0,-1.0
2001-07-12 16:30:00,-1856.912625049984,-1856.912625049984,0.0,0.0,20.0,27.0,0.0,100.0,-1.0
2001-07-12 17:30:00,-1645.1608819355688,-1645.1608819355688,0.0,0.0,20.0,27.0,0.0,100.0,-1.0
2001-07-12 18:30:00,-1378.0913681261836,-1378.0913681261836,0.0,0.0,20.0,27.0,0.0,100.0,-1.0
2001-07-12 19:30:00,-1004.0089787544357,-1004.0089787544357,0.0,0.0,20.0,27.0,0.0,100.0,-1.0
2001-07-12 20:30:00,-613.5493044795667,-613.5493044795667,0.0,0.0,20.0,27.0,0.0,100.0,-1.0
2001-07-12 21:30:00,-348.3510315523099,-348.3510315523099,0.0,0.0,20.0,27.0,0.0,100.0,-1.0
2001-07-12 22:30:00,-156.18856388286713,-156.18856388286713,0.0,0.0,20.0,27.0,0.0,100.0,-1.0
2001-07-12 23:30:00,-4.945403155920758,-4.945403155920758,0.0,0.0,20.0,27.0,0.0,100.0,-1.0
2001-07-13 00:30:00,0.0,0.0,0.0,0.0,20.0,27.0,0.0,100.0,3.0
2001-07-13 01:30:00,0.0,0.0,0.0,0.0,20.0,27.0,0.0,100.0,3.0
2001-07-13 02:30:00,0.0,0.0,0.0,0.0,20.0,27.0,0.0,100.0,3.0
2001-07-13 03:30:00,0.0,0.0,0.0,0.0,20.0,27.0,0.0,100.0,3.0
2001-07-13 04:30:00,0.0,0.0,0.0,0.0,20.0,27.0,0.0,100.0,3.0
2001-07-13 05:30:00,0.0,0.0,0.0,0.0,20.0,27.0,0.0,100.0,3.0
2001-07-13 06:30:00,0.0,0.0,0.0,0.0,20.0,27.0,0.0,100.0,3.0
2001-07-13 07:30:00,0.0,0.0,0.0,0.0,20.0,27.0,0.0,100.0,3.0
2001-07-13 08:30:00,-70.43470658526712,-70.43470658526712,0.0,0.0,20.0,27.0,0.0,100.0,-1.0
2001-07-13 09:30:00,-697.6009068791054,-697.6009068791054,0.0,0.0,20.0,27.0,0.0,100.0,-1.0
2001-07-13 10:30:00,-1138.4439550053676,-1138.4439550053676,0.0,0.0,20.0,27.0,0.0,100.0,-1.0
2001-07-13 11:30:00,-1565.1950778397068,-1565.1950778397068,0.0,0.0,20.0,27.0,0.0,100.0,-1.0
2001-07-13 12:30:00,-1838.141040093814,-1838.141040093814,0.0,0.0,20.0,27.0,0.0,100.0,-1.0
2001-07-13 13:30:00,-2051.6828051495786,-2051.6828051495786,0.0,0.0,20.0,27.0,0.0,100.0,-1.0
2001-07-13 14:30:00,-2170.4519747123186,-2170.4519747123186,0.0,0.0,20.0,27.0,0.0,100.0,-1.0
2001-07-13 15:30:00,-2150.312148646951,-2150.312148646951,0.0,0.0,20.0,27.0,0.0,100.0,-1.0
2001-07-13 16:30:00,-2040.132406779513,-2040.132406779513,0.0,0.0,20.0,27.0,0.0,100.0,-1.0
2001-07-13 17:30:00,-1815.9872478834504,-1815.9872478834504,0.0,0.0,20.0,27.0,0.0,100.0,-1.0
2001-07-13 18:30:00,-1492.2941536693515,-1492.2941536693515,0.0,0.0,20.0,27.0,0.0,100.0,-1.0
2001-07-13 19:30:00,-1137.8762160370998,-1137.8762160370998,0.0,0.0,20.0,27.0,0.0,100.0,-1.0
2001-07-13 20:30:00,-713.755777373749,-713.755777373749,0.0,0.0,20.0,27.0,0.0,100.0,-1.0
2001-07-13 21:30:00,-392.6776801615515,-392.6776801615515,0.0,0.0,20.0,27.0,0.0,100.0,-1.0
2001-07-13 22:30:00,-146.09244543430214,-146.09244543430214,0.0,0.0,20.0,27.0,0.0,100.0,-1.0
2001-07-13 23:30:00,0.0,0.0,0.0,0.0,20.0,27.0,0.0,100.0,3.0
2001-07-14 00:30:00,0.0,0.0,0.0,0.0,20.0,27.0,0.0,100.0,3.0
2001-07-14 01:30:00,0.0,0.0,0.0,0.0,20.0,27.0,0.0,100.0,3.0
2001-07-14 02:30:00,0.0,0.0,0.0,0.0,20.0,27.0,0.0,100.0,3.0
2001-07-14 03:30:00,0.0,0.0,0.0,0.0,20.0,27.0,0.0,100.0,3.0
2001-07-14 04:30:00,0.0,0.0,0.0,0.0,20.0,27.0,0.0,100.0,3.0
2001-07-14 05:30:00,0.0,0.0,0.0,0.0,20.0,27.0,0.0,100.0,3.0
2001-07-14 06:30:00,0.0,0.0,0.0,0.0,20.0,27.0,0.0,100.0,3.0
2001-07-14 07:30:00,0.0,0.0,0.0,0.0,20.0,27.0,0.0,100.0,3.0
2001-07-14 08:30:00,0.0,0.0,0.0,0.0,20.0,27.0,0.0,100.0,3.0
2001-07-14 09:30:00,0.0,0.0,0.0,0.0,20.0,27.0,0.0,100.0,3.0
2001-07-14 10:30:00,0.0,0.0,0.0,0.0,20.0,27.0,0.0,100.0,3.0
2001-07-14 11:30:00,-474.86845301112317,-474.86845301112317,0.0,0.0,20.0,27.0,0.0,100.0,-1.0
2001-07-14 12:30:00,-872.0102416933869,-872.0102416933869,0.0,0.0,20.0,27.0,0.0,100.0,-1.0
2001-07-14 13:30:00,-1097.64212443188,-1097.64212443188,0.0,0.0,20.0,27.0,0.0,100.0,-1.0
2001-07-14 14:30:00,-1242.9125360871194,-1242.9125360871194,0.0,0.0,20.0,27.0,0.0,100.0,-1.0
2001-07-14 15:30:00,-1335.684307051656,-1335.684307051656,0.0,0.0,20.0,27.0,0.0,100.0,-1.0
2001-07-14 16:30:00,-1296.4025816618332,-1296.4025816618332,0.0,0.0,20.0,27.0,0.0,100.0,-1.0
2001-07-14 17:30:00,-1091.7671735944123,-1091.7671735944123,0.0,0.0,20.0,27.0,0.0,100.0,-1.0
2001-07-14 18:30:00,-825.9574099189585,-825.9574099189585,0.0,0.0,20.0,27.0,0.0,100.0,-1.0
2001-07-14 19:30:00,-492.6980652796674,-492.6980652796674,0.0,0.0,20.0,27.0,0.0,100.0,-1.0
2001-07-14 20:30:00,-104.98869667572308,-104.98869667572308,0.0,0.0,20.0,27.0,0.0,100.0,-1.0
2001-07-14 21:30:00,0.0,0.0,0.0,0.0,20.0,27.0,0.0,100.0,3.0
2001-07-14 22:30:00,0.0,0.0,0.0,0.0,20.0,27.0,0.0,100.0,3.0
2001-07-14 23:30:00,0.0,0.0,0.0,0.0,20.0,27.0,0.0,100.0,3.0
2001-07-15 00:30:00,0.0,0.0,0.0,0.0,20.0,27.0,0.0,100.0,3.0
2001-07-15 01:30:00,0.0,0.0,0.0,0.0,20.0,27.0,0.0,100.0,3.0
2001-07-15 02:30:00,0.0,0.0,0.0,0.0,20.0,27.0,0.0,100.0,3.0
2001-07-15 03:30:00,41.29135606835371,41.29135606835371,0.0,0.0,20.0,27.0,0.0,100.0,1.0
2001-07-15 04:30:00,343.1454032929578,343.1454032929578,0.0,0.0,20.0,27.0,0.0,100.0,1.0
2001-07-15 05:30:00,533.2130875843604,533.2130875843604,0.0,0.0,20.0,27.0,0.0,100.0,1.0
2001-07-15 06:30:00,363.8303309134362,363.8303309134362,0.0,0.0,20.0,27.0,0.0,100.0,1.0
2001-07-15 07:30:00,23.245429366492317,23.245429366492317,0.0,0.0,20.0,27.0,0.0,100.0,1.0
2001-07-15 08:30:00,0.0,0.0,0.0,0.0,20.0,27.0,0.0,100.0,3.0
2001-07-15 09:30:00,0.0,0.0,0.0,0.0,20.0,27.0,0.0,100.0,3.0
2001-07-15 10:30:00,0.0,0.0,0.0,0.0,20.0,27.0,0.0,100.0,3.0
2001-07-15 11:30:00,-54.87397954208154,-54.87397954208154,0.0,0.0,20.0,27.0,0.0,100.0,-1.0
2001-07-15 12:30:00,-616.9669839144817,-616.9669839144817,0.0,0.0,20.0,27.0,0.0,100.0,-1.0
2001-07-15 13:30:00,-901.9771723248095,-901.9771723248095,0.0,0.0,20.0,27.0,0.0,100.0,-1.0
2001-07-15 14:30:00,-1069.758852183778,-1069.758852183778,0.0,0.0,20.0,27.0,0.0,100.0,-1.0
2001-07-15 15:30:00,-1178.7606095061265,-1178.7606095061265,0.0,0.0,20.0,27.0,0.0,100.0,-1.0
2001-07-15 16:30:00,-1134.708279851061,-1134.708279851061,0.0,0.0,20.0,27.0,0.0,100.0,-1.0
2001-07-15 17:30:00,-928.4576550281354,-928.4576550281354,0.0,0.0,20.0,27.0,0.0,100.0,-1.0
2001-07-15 18:30:00,-653.3286649489355,-653.3286649489355,0.0,0.0,20.0,27.0,0.0,100.0,-1.0
2001-07-15 19:30:00,-322.01985112643706,-322.01985112643706,0.0,0.0,20.0,27.0,0.0,100.0,-1.0
2001-07-15 20:30:00,0.0,0.0,0.0,0.0,20.0,27.0,0.0,100.0,3.0
2001-07-15 21:30:00,0.0,0.0,0.0,0.0,20.0,27.0,0.0,100.0,3.0
2001-07-15 22:30:00,0.0,0.0,0.0,0.0,20.0,27.0,0.0,100.0,3.0
2001-07-15 23:30:00,0.0,0.0,0.0,0.0,20.0,27.0,0.0,100.0,3.0
2001-07-16 00:30:00,0.0,0.0,0.0,0.0,20.0,27.0,0.0,100.0,3.0
2001-07-16 01:30:00,0.0,0.0,0.0,0.0,20.0,27.0,0.0,100.0,3.0
2001-07-16 02:30:00,0.0,0.0,0.0,0.0,20.0,27.0,0.0,100.0,3.0
2001-07-16 03:30:00,0.0,0.0,0.0,0.0,20.0,27.0,0.0,100.0,3.0
2001-07-16 04:30:00,0.0,0.0,0.0,0.0,20.0,27.0,0.0,100.0,3.0
2001-07-16 05:30:00,0.0,0.0,0.0,0.0,20.0,27.0,0.0,100.0,3.0
2001-07-16 06:30:00,0.0,0.0,0.0,0.0,20.0,27.0,0.0,100.0,3.0
2001-07-16 07:30:00,0.0,0.0,0.0,0.0,20.0,27.0,0.0,100.0,3.0
2001-07-16 08:30:00,0.0,0.0,0.0,0.0,20.0,27.0,0.0,100.0,3.0
2001-07-16 09:30:00,0.0,0.0,0.0,0.0,20.0,27.0,0.0,100.0,3.0
2001-07-16 10:30:00,-180.452640926801,-180.452640926801,0.0,0.0,20.0,27.0,0.0,100.0,-1.0
2001-07-16 11:30:00,-489.88749691171233,-489.88749691171233,0.0,0.0,20.0,27.0,0.0,100.0,-1.0
2001-07-16 12:30:00,-805.7559802166188,-805.7559802166188,0.0,0.0,20.0,27.0,0.0,100.0,-1.0
2001-07-16 13:30:00,-1197.320784818724,-1197.320784818724,0.0,0.0,20.0,27.0,0.0,100.0,-1.0
2001-07-16 14:30:00,-1411.927687788505,-1411.927687788505,0.0,0.0,20.0,27.0,0.0,100.0,-1.0
2001-07-16 15:30:00,-1204.5764152783404,-1204.5764152783404,0.0,0.0,20.0,27.0,0.0,100.0,-1.0
2001-07-16 16:30:00,-1015.6607974405151,-1015.6607974405151,0.0,0.0,20.0,27.0,0.0,100.0,-1.0
2001-07-16 17:30:00,-752.7322320300545,-752.7322320300545,0.0,0.0,20.0,27.0,0.0,100.0,-1.0
2001-07-16 18:30:00,-519.0491209434394,-519.0491209434394,0.0,0.0,20.0,27.0,0.0,100.0,-1.0
2001-07-16 19:30:00,-276.9165822944342,-276.9165822944342,0.0,0.0,20.0,27.0,0.0,100.0,-1.0
2001-07-16 20:30:00,-55.27400245364515,-55.27400245364515,0.0,0.0,20.0,27.0,0.0,100.0,-1.0
2001-07-16 21:30:00,0.0,0.0,0.0,0.0,20.0,27.0,0.0,100.0,3.0
2001-07-16 22:30:00,0.0,0.0,0.0,0.0,20.0,27.0,0.0,100.0,3.0
2001-07-16 23:30:00,0.0,0.0,0.0,0.0,20.0,27.0,0.0,100.0,3.0
2001-07-17 00:30:00,0.0,0.0,0.0,0.0,20.0,27.0,0.0,100.0,3.0
2001-07-17 01:30:00,0.0,0.0,0.0,0.0,20.0,27.0,0.0,100.0,3.0
2001-07-17 02:30:00,0.0,0.0,0.0,0.0,20.0,27.0,0.0,100.0,3.0
2001-07-17 03:30:00,0.0,0.0,0.0,0.0,20.0,27.0,0.0,100.0,3.0
2001-07-17 04:30:00,0.0,0.0,0.0,0.0,20.0,27.0,0.0,100.0,3.0
2001-07-17 05:30:00,0.0,0.0,0.0,0.0,20.0,27.0,0.0,100.0,3.0
2001-07-17 06:30:00,0.0,0.0,0.0,0.0,20.0,27.0,0.0,100.0,3.0
2001-07-17 07:30:00,0.0,0.0,0.0,0.0,20.0,27.0,0.0,100.0,3.0
2001-07-17 08:30:00,0.0,0.0,0.0,0.0,20.0,27.0,0.0,100.0,3.0
2001-07-17 09:30:00,0.0,0.0,0.0,0.0,20.0,27.0,0.0,100.0,3.0
2001-07-17 10:30:00,-555.088570306666,-555.088570306666,0.0,0.0,20.0,27.0,0.0,100.0,-1.0
2001-07-17 11:30:00,-1024.6717792816607,-1024.6717792816607,0.0,0.0,20.0,27.0,0.0,100.0,-1.0
2001-07-17 12:30:00,-1331.9496510046547,-1331.9496510046547,0.0,0.0,20.0,27.0,0.0,100.0,-1.0
2001-07-17 13:30:00,-1516.3008487630914,-1516.3008487630914,0.0,0.0,20.0,27.0,0.0,100.0,-1.0
2001-07-17 14:30:00,-1657.4067694170435,-1657.4067694170435,0.0,0.0,20.0,27.0,0.0,100.0,-1.0
2001-07-17 15:30:00,-1739.1544239960576,-1739.1544239960576,0.0,0.0,20.0,27.0,0.0,100.0,-1.0
2001-07-17 16:30:00,-1652.8297879710944,-1652.8297879710944,0.0,0.0,20.0,27.0,0.0,100.0,-1.0
2001-07-17 17:30:00,-1478.9043454331031,-1478.9043454331031,0.0,0.0,20.0,27.0,0.0,100.0,-1.0
2001-07-17 18:30:00,-1258.092842648769,-1258.092842648769,0.0,0.0,20.0,27.0,0.0,100.0,-1.0
2001-07-17 19:30:00,-826.9827608599107,-826.9827608599107,0.0,0.0,20.0,27.0,0.0,100.0,-1.0
2001-07-17 20:30:00,-474.70459835998827,-474.70459835998827,0.0,0.0,20.0,27.0,0.0,100.0,-1.0
2001-07-17 21:30:00,-243.44190919971606,-243.44190919971606,0.0,0.0,20.0,27.0,0.0,100.0,-1.0
2001-07-17 22:30:00,-81.26745319619931,-81.26745319619931,0.0,0.0,20.0,27.0,0.0,100.0,-1.0
2001-07-17 23:30:00,0.0,0.0,0.0,0.0,20.0,27.0,0.0,100.0,3.0
2001-07-18 00:30:00,0.0,0.0,0.0,0.0,20.0,27.0,0.0,100.0,3.0
2001-07-18 01:30:00,0.0,0.0,0.0,0.0,20.0,27.0,0.0,100.0,3.0
2001-07-18 02:30:00,0.0,0.0,0.0,0.0,20.0,27.0,0.0,100.0,3.0
2001-07-18 03:30:00,0.0,0.0,0.0,0.0,20.0,27.0,0.0,100.0,3.0
2001-07-18 04:30:00,0.0,0.0,0.0,0.0,20.0,27.0,0.0,100.0,3.0
2001-07-18 05:30:00,0.0,0.0,0.0,0.0,20.0,27.0,0.0,100.0,3.0
2001-07-18 06:30:00,0.0,0.0,0.0,0.0,20.0,27.0,0.0,100.0,3.0
2001-07-18 07:30:00,0.0,0.0,0.0,0.0,20.0,27.0,0.0,100.0,3.0
2001-07-18 08:30:00,-37.96996245829541,-37.96996245829541,0.0,0.0,20.0,27.0,0.0,100.0,-1.0
2001-07-18 09:30:00,-659.063622085986,-659.063622085986,0.0,0.0,20.0,27.0,0.0,100.0,-1.0
2001-07-18 10:30:00,-1110.2426984821714,-1110.2426984821714,0.0,0.0,20.0,27.0,0.0,100.0,-1.0
2001-07-18 11:30:00,-1521.6666722985765,-1521.6666722985765,0.0,0.0,20.0,27.0,0.0,100.0,-1.0
2001-07-18 12:30:00,-1756.0101122173173,-1756.0101122173173,0.0,0.0,20.0,27.0,0.0,100.0,-1.0
2001-07-18 13:30:00,-1902.7093391202643,-1902.7093391202643,0.0,0.0,20.0,27.0,0.0,100.0,-1.0
2001-07-18 14:30:00,-1997.851414780057,-1997.851414780057,0.0,0.0,20.0,27.0,0.0,100.0,-1.0
2001-07-18 15:30:00,-2067.525220663302,-2067.525220663302,0.0,0.0,20.0,27.0,0.0,100.0,-1.0
2001-07-18 16:30:00,-2012.2433795235074,-2012.2433795235074,0.0,0.0,20.0,27.0,0.0,100.0,-1.0
2001-07-18 17:30:00,-1798.9879433576016,-1798.9879433576016,0.0,0.0,20.0,27.0,0.0,100.0,-1.0
2001-07-18 18:30:00,-1590.5213653448563,-1590.5213653448563,0.0,0.0,20.0,27.0,0.0,100.0,-1.0
2001-07-18 19:30:00,-1153.6139072570213,-1153.6139072570213,0.0,0.0,20.0,27.0,0.0,100.0,-1.0
2001-07-18 20:30:00,-780.2864945714618,-780.2864945714618,0.0,0.0,20.0,27.0,0.0,100.0,-1.0
2001-07-18 21:30:00,-524.7231369721094,-524.7231369721094,0.0,0.0,20.0,27.0,0.0,100.0,-1.0
2001-07-18 22:30:00,-334.50153493147354,-334.50153493147354,0.0,0.0,20.0,27.0,0.0,100.0,-1.0
2001-07-18 23:30:00,-179.67365407147918,-179.67365407147918,0.0,0.0,20.0,27.0,0.0,100.0,-1.0
2001-07-19 00:30:00,-44.6536831846488,-44.6536831846488,0.0,0.0,20.0,27.0,0.0,100.0,-1.0
2001-07-19 01:30:00,0.0,0.0,0.0,0.0,20.0,27.0,0.0,100.0,3.0
2001-07-19 02:30:00,0.0,0.0,0.0,0.0,20.0,27.0,0.0,100.0,3.0
2001-07-19 03:30:00,0.0,0.0,0.0,0.0,20.0,27.0,0.0,100.0,3.0
2001-07-19 04:30:00,0.0,0.0,0.0,0.0,20.0,27.0,0.0,100.0,3.0
2001-07-19 05:30:00,0.0,0.0,0.0,0.0,20.0,27.0,0.0,100.0,3.0
2001-07-19 06:30:00,0.0,0.0,0.0,0.0,20.0,27.0,0.0,100.0,3.0
2001-07-19 07:30:00,0.0,0.0,0.0,0.0,20.0,27.0,0.0,100.0,3.0
2001-07-19 08:30:00,-293.74883783403675,-293.74883783403675,0.0,0.0,20.0,27.0,0.0,100.0,-1.0
2001-07-19 09:30:00,-801.6170037929342,-801.6170037929342,0.0,0.0,20.0,27.0,0.0,100.0,-1.0
2001-07-19 10:30:00,-1233.808831097339,-1233.808831097339,0.0,0.0,20.0,27.0,0.0,100.0,-1.0
2001-07-19 11:30:00,-1657.4270262498949,-1657.4270262498949,0.0,0.0,20.0,27.0,0.0,100.0,-1.0
2001-07-19 12:30:00,-1891.3398376088962,-1891.3398376088962,0.0,0.0,20.0,27.0,0.0,100.0,-1.0
2001-07-19 13:30:00,-2059.682636930128,-2059.682636930128,0.0,0.0,20.0,27.0,0.0,100.0,-1.0
2001-07-19 14:30:00,-2102.968596056605,-2102.968596056605,0.0,0.0,20.0,27.0,0.0,100.0,-1.0
2001-07-19 15:30:00,-2149.2204357878136,-2149.2204357878136,0.0,0.0,20.0,27.0,0.0,100.0,-1.0
2001-07-19 16:30:00,-2081.484114295322,-2081.484114295322,0.0,0.0,20.0,27.0,0.0,100.0,-1.0
2001-07-19 17:30:00,-1902.3186129622527,-1902.3186129622527,0.0,0.0,20.0,27.0,0.0,100.0,-1.0
2001-07-19 18:30:00,-1621.2345734420405,-1621.2345734420405,0.0,0.0,20.0,27.0,0.0,100.0,-1.0
2001-07-19 19:30:00,-1227.8664797529445,-1227.8664797529445,0.0,0.0,20.0,27.0,0.0,100.0,-1.0
2001-07-19 20:30:00,-828.7927369819818,-828.7927369819818,0.0,0.0,20.0,27.0,0.0,100.0,-1.0
2001-07-19 21:30:00,-534.1646555570524,-534.1646555570524,0.0,0.0,20.0,27.0,0.0,100.0,-1.0
2001-07-19 22:30:00,-310.9675804801618,-310.9675804801618,0.0,0.0,20.0,27.0,0.0,100.0,-1.0
2001-07-19 23:30:00,-123.55449996038897,-123.55449996038897,0.0,0.0,20.0,27.0,0.0,100.0,-1.0
2001-07-20 00:30:00,0.0,0.0,0.0,0.0,20.0,27.0,0.0,100.0,3.0
2001-07-20 01:30:00,0.0,0.0,0.0,0.0,20.0,27.0,0.0,100.0,3.0
2001-07-20 02:30:00,0.0,0.0,0.0,0.0,20.0,27.0,0.0,100.0,3.0
2001-07-20 03:30:00,0.0,0.0,0.0,0.0,20.0,27.0,0.0,100.0,3.0
2001-07-20 04:30:00,0.0,0.0,0.0,0.0,20.0,27.0,0.0,100.0,3.0
2001-07-20 05:30:00,0.0,0.0,0.0,0.0,20.0,27.0,0.0,100.0,3.0
2001-07-20 06:30:00,0.0,0.0,0.0,0.0,20.0,27.0,0.0,100.0,3.0
2001-07-20 07:30:00,0.0,0.0,0.0,0.0,20.0,27.0,0.0,100.0,3.0
2001-07-20 08:30:00,0.0,0.0,0.0,0.0,20.0,27.0,0.0,100.0,3.0
2001-07-20 09:30:00,-82.06855939573416,-82.06855939573416,0.0,0.0,20.0,27.0,0.0,100.0,-1.0
2001-07-20 10:30:00,-712.903879419121,-712.903879419121,0.0,0.0,20.0,27.0,0.0,100.0,-1.0
2001-07-20 11:30:00,-1126.5413393830813,-1126.5413393830813,0.0,0.0,20.0,27.0,0.0,100.0,-1.0
2001-07-20 12:30:00,-1405.359177612895,-1405.359177612895,0.0,0.0,20.0,27.0,0.0,100.0,-1.0
2001-07-20 13:30:00,-1583.431137987377,-1583.431137987377,0.0,0.0,20.0,27.0,0.0,100.0,-1.0
2001-07-20 14:30:00,-1681.3010155848451,-1681.3010155848451,0.0,0.0,20.0,27.0,0.0,100.0,-1.0
2001-07-20 15:30:00,-1715.8247729427721,-1715.8247729427721,0.0,0.0,20.0,27.0,0.0,100.0,-1.0
2001-07-20 16:30:00,-1653.8822083000769,-1653.8822083000769,0.0,0.0,20.0,27.0,0.0,100.0,-1.0
2001-07-20 17:30:00,-1473.9512106122666,-1473.9512106122666,0.0,0.0,20.0,27.0,0.0,100.0,-1.0
2001-07-20 18:30:00,-1237.6119878376985,-1237.6119878376985,0.0,0.0,20.0,27.0,0.0,100.0,-1.0
2001-07-20 19:30:00,-806.6276821251786,-806.6276821251786,0.0,0.0,20.0,27.0,0.0,100.0,-1.0
2001-07-20 20:30:00,-469.814136562708,-469.814136562708,0.0,0.0,20.0,27.0,0.0,100.0,-1.0
2001-07-20 21:30:00,-253.47718019706372,-253.47718019706372,0.0,0.0,20.0,27.0,0.0,100.0,-1.0
2001-07-20 22:30:00,-112.685435874816,-112.685435874816,0.0,0.0,20.0,27.0,0.0,100.0,-1.0
2001-07-20 23:30:00,-9.564798469801644,-9.564798469801644,0.0,0.0,20.0,27.0,0.0,100.0,-1.0
2001-07-21 00:30:00,0.0,0.0,0.0,0.0,20.0,27.0,0.0,100.0,3.0
2001-07-21 01:30:00,0.0,0.0,0.0,0.0,20.0,27.0,0.0,100.0,3.0
2001-07-21 02:30:00,0.0,0.0,0.0,0.0,20.0,27.0,0.0,100.0,3.0
2001-07-21 03:30:00,0.0,0.0,0.0,0.0,20.0,27.0,0.0,100.0,3.0
2001-07-21 04:30:00,0.0,0.0,0.0,0.0,20.0,27.0,0.0,100.0,3.0
2001-07-21 05:30:00,0.0,0.0,0.0,0.0,20.0,27.0,0.0,100.0,3.0
2001-07-21 06:30:00,0.0,0.0,0.0,0.0,20.0,27.0,0.0,100.0,3.0
2001-07-21 07:30:00,-184.23238785917056,-184.23238785917056,0.0,0.0,20.0,27.0,0.0,100.0,-1.0
2001-07-21 08:30:00,-692.1247218866092,-692.1247218866092,0.0,0.0,20.0,27.0,0.0,100.0,-1.0
2001-07-21 09:30:00,-1137.0741174622917,-1137.0741174622917,0.0,0.0,20.0,27.0,0.0,100.0,-1.0
2001-07-21 10:30:00,-1520.4871907572551,-1520.4871907572551,0.0,0.0,20.0,27.0,0.0,100.0,-1.0
2001-07-21 11:30:00,-1834.0298657729936,-1834.0298657729936,0.0,0.0,20.0,27.0,0.0,100.0,-1.0
2001-07-21 12:30:00,-2060.7169285111822,-2060.7169285111822,0.0,0.0,20.0,27.0,0.0,100.0,-1.0
2001-07-21 13:30:00,-2201.613423820755,-2201.613423820755,0.0,0.0,20.0,27.0,0.0,100.0,-1.0
2001-07-21 14:30:00,-2289.683221860266,-2289.683221860266,0.0,0.0,20.0,27.0,0.0,100.0,-1.0
2001-07-21 15:30:00,-2333.6673269867433,-2333.6673269867433,0.0,0.0,20.0,27.0,0.0,100.0,-1.0
2001-07-21 16:30:00,-2272.041555941202,-2272.041555941202,0.0,0.0,20.0,27.0,0.0,100.0,-1.0
2001-07-21 17:30:00,-2069.3748903962723,-2069.3748903962723,0.0,0.0,20.0,27.0,0.0,100.0,-1.0
2001-07-21 18:30:00,-1877.1089678594426,-1877.1089678594426,0.0,0.0,20.0,27.0,0.0,100.0,-1.0
2001-07-21 19:30:00,-1485.3054400258761,-1485.3054400258761,0.0,0.0,20.0,27.0,0.0,100.0,-1.0
2001-07-21 20:30:00,-1129.6849632341828,-1129.6849632341828,0.0,0.0,20.0,27.0,0.0,100.0,-1.0
2001-07-21 21:30:00,-885.720687635795,-885.720687635795,0.0,0.0,20.0,27.0,0.0,100.0,-1.0
2001-07-21 22:30:00,-705.4683491005208,-705.4683491005208,0.0,0.0,20.0,27.0,0.0,100.0,-1.0
2001-07-21 23:30:00,-559.6513061965534,-559.6513061965534,0.0,0.0,20.0,27.0,0.0,100.0,-1.0
2001-07-22 00:30:00,-439.19480089060835,-439.19480089060835,0.0,0.0,20.0,27.0,0.0,100.0,-1.0
2001-07-22 01:30:00,-317.24654928683594,-317.24654928683594,0.0,0.0,20.0,27.0,0.0,100.0,-1.0
2001-07-22 02:30:00,-192.06497716309605,-192.06497716309605,0.0,0.0,20.0,27.0,0.0,100.0,-1.0
2001-07-22 03:30:00,-76.07565644906754,-76.07565644906754,0.0,0.0,20.0,27.0,0.0,100.0,-1.0
2001-07-22 04:30:00,0.0,0.0,0.0,0.0,20.0,27.0,0.0,100.0,3.0
2001-07-22 05:30:00,0.0,0.0,0.0,0.0,20.0,27.0,0.0,100.0,3.0
2001-07-22 06:30:00,0.0,0.0,0.0,0.0,20.0,27.0,0.0,100.0,3.0
2001-07-22 07:30:00,-245.77190117653572,-245.77190117653572,0.0,0.0,20.0,27.0,0.0,100.0,-1.0
2001-07-22 08:30:00,-656.8869238100879,-656.8869238100879,0.0,0.0,20.0,27.0,0.0,100.0,-1.0
2001-07-22 09:30:00,-1047.6411984016222,-1047.6411984016222,0.0,0.0,20.0,27.0,0.0,100.0,-1.0
2001-07-22 10:30:00,-1440.4344478219273,-1440.4344478219273,0.0,0.0,20.0,27.0,0.0,100.0,-1.0
2001-07-22 11:30:00,-1746.3597939304154,-1746.3597939304154,0.0,0.0,20.0,27.0,0.0,100.0,-1.0
2001-07-22 12:30:00,-1962.0876004694428,-1962.0876004694428,0.0,0.0,20.0,27.0,0.0,100.0,-1.0
2001-07-22 13:30:00,-2087.447417783779,-2087.447417783779,0.0,0.0,20.0,27.0,0.0,100.0,-1.0
2001-07-22 14:30:00,-2166.4668850726293,-2166.4668850726293,0.0,0.0,20.0,27.0,0.0,100.0,-1.0
2001-07-22 15:30:00,-2203.1615109704426,-2203.1615109704426,0.0,0.0,20.0,27.0,0.0,100.0,-1.0
2001-07-22 16:30:00,-2137.8382203998617,-2137.8382203998617,0.0,0.0,20.0,27.0,0.0,100.0,-1.0
2001-07-22 17:30:00,-1955.3338546034329,-1955.3338546034329,0.0,0.0,20.0,27.0,0.0,100.0,-1.0
2001-07-22 18:30:00,-1760.257303907013,-1760.257303907013,0.0,0.0,20.0,27.0,0.0,100.0,-1.0
2001-07-22 19:30:00,-1361.2358987510534,-1361.2358987510534,0.0,0.0,20.0,27.0,0.0,100.0,-1.0
2001-07-22 20:30:00,-1013.443771030702,-1013.443771030702,0.0,0.0,20.0,27.0,0.0,100.0,-1.0
2001-07-22 21:30:00,-788.0143904961524,-788.0143904961524,0.0,0.0,20.0,27.0,0.0,100.0,-1.0
2001-07-22 22:30:00,-628.028482883522,-628.028482883522,0.0,0.0,20.0,27.0,0.0,100.0,-1.0
2001-07-22 23:30:00,-507.0656826047443,-507.0656826047443,0.0,0.0,20.0,27.0,0.0,100.0,-1.0
2001-07-23 00:30:00,-404.375929033994,-404.375929033994,0.0,0.0,20.0,27.0,0.0,100.0,-1.0
2001-07-23 01:30:00,-331.3358436021581,-331.3358436021581,0.0,0.0,20.0,27.0,0.0,100.0,-1.0
2001-07-23 02:30:00,-268.37397952943957,-268.37397952943957,0.0,0.0,20.0,27.0,0.0,100.0,-1.0
2001-07-23 03:30:00,-209.6296502206742,-209.6296502206742,0.0,0.0,20.0,27.0,0.0,100.0,-1.0
2001-07-23 04:30:00,-157.79071994565948,-157.79071994565948,0.0,0.0,20.0,27.0,0.0,100.0,-1.0
2001-07-23 05:30:00,-105.44687777003764,-105.44687777003764,0.0,0.0,20.0,27.0,0.0,100.0,-1.0
2001-07-23 06:30:00,-228.7670699343098,-228.7670699343098,0.0,0.0,20.0,27.0,0.0,100.0,-1.0
2001-07-23 07:30:00,-265.0182887164001,-265.0182887164001,0.0,0.0,20.0,27.0,0.0,100.0,-1.0
2001-07-23 08:30:00,-560.2237797457319,-560.2237797457319,0.0,0.0,20.0,27.0,0.0,100.0,-1.0
2001-07-23 09:30:00,-863.9875762125366,-863.9875762125366,0.0,0.0,20.0,27.0,0.0,100.0,-1.0
2001-07-23 10:30:00,-1053.6149182183462,-1053.6149182183462,0.0,0.0,20.0,27.0,0.0,100.0,-1.0
2001-07-23 11:30:00,-1467.1402450941596,-1467.1402450941596,0.0,0.0,20.0,27.0,0.0,100.0,-1.0
2001-07-23 12:30:00,-1748.1817601748726,-1748.1817601748726,0.0,0.0,20.0,27.0,0.0,100.0,-1.0
2001-07-23 13:30:00,-1666.364613151255,-1666.364613151255,0.0,0.0,20.0,27.0,0.0,100.0,-1.0
2001-07-23 14:30:00,-1932.851580549489,-1932.851580549489,0.0,0.0,20.0,27.0,0.0,100.0,-1.0
2001-07-23 15:30:00,-1902.2576054988467,-1902.2576054988467,0.0,0.0,20.0,27.0,0.0,100.0,-1.0
2001-07-23 16:30:00,-1861.8970790266767,-1861.8970790266767,0.0,0.0,20.0,27.0,0.0,100.0,-1.0
2001-07-23 17:30:00,-1778.7652033259428,-1778.7652033259428,0.0,0.0,20.0,27.0,0.0,100.0,-1.0
2001-07-23 18:30:00,-1555.7001411719457,-1555.7001411719457,0.0,0.0,20.0,27.0,0.0,100.0,-1.0
2001-07-23 19:30:00,-1264.9863088103075,-1264.9863088103075,0.0,0.0,20.0,27.0,0.0,100.0,-1.0
2001-07-23 20:30:00,-921.1724130294451,-921.1724130294451,0.0,0.0,20.0,27.0,0.0,100.0,-1.0
2001-07-23 21:30:00,-674.6576196186752,-674.6576196186752,0.0,0.0,20.0,27.0,0.0,100.0,-1.0
2001-07-23 22:30:00,-485.57880032268713,-485.57880032268713,0.0,0.0,20.0,27.0,0.0,100.0,-1.0
2001-07-23 23:30:00,-331.6130647219625,-331.6130647219625,0.0,0.0,20.0,27.0,0.0,100.0,-1.0
2001-07-24 00:30:00,-193.92337156749545,-193.92337156749545,0.0,0.0,20.0,27.0,0.0,100.0,-1.0
2001-07-24 01:30:00,-74.07383757937805,-74.07383757937805,0.0,0.0,20.0,27.0,0.0,100.0,-1.0
2001-07-24 02:30:00,0.0,0.0,0.0,0.0,20.0,27.0,0.0,100.0,3.0
2001-07-24 03:30:00,0.0,0.0,0.0,0.0,20.0,27.0,0.0,100.0,3.0
2001-07-24 04:30:00,0.0,0.0,0.0,0.0,20.0,27.0,0.0,100.0,3.0
2001-07-24 05:30:00,0.0,0.0,0.0,0.0,20.0,27.0,0.0,100.0,3.0
2001-07-24 06:30:00,0.0,0.0,0.0,0.0,20.0,27.0,0.0,100.0,3.0
2001-07-24 07:30:00,0.0,0.0,0.0,0.0,20.0,27.0,0.0,100.0,3.0
2001-07-24 08:30:00,-315.5212728034876,-315.5212728034876,0.0,0.0,20.0,27.0,0.0,100.0,-1.0
2001-07-24 09:30:00,-781.9217725512417,-781.9217725512417,0.0,0.0,20.0,27.0,0.0,100.0,-1.0
2001-07-24 10:30:00,-1219.0832532670202,-1219.0832532670202,0.0,0.0,20.0,27.0,0.0,100.0,-1.0
2001-07-24 11:30:00,-1571.9535496115013,-1571.9535496115013,0.0,0.0,20.0,27.0,0.0,100.0,-1.0
2001-07-24 12:30:00,-1806.3197653595007,-1806.3197653595007,0.0,0.0,20.0,27.0,0.0,100.0,-1.0
2001-07-24 13:30:00,-1946.4152972073416,-1946.4152972073416,0.0,0.0,20.0,27.0,0.0,100.0,-1.0
2001-07-24 14:30:00,-2037.9296830864105,-2037.9296830864105,0.0,0.0,20.0,27.0,0.0,100.0,-1.0
2001-07-24 15:30:00,-2076.292289092252,-2076.292289092252,0.0,0.0,20.0,27.0,0.0,100.0,-1.0
2001-07-24 16:30:00,-2006.375963422538,-2006.375963422538,0.0,0.0,20.0,27.0,0.0,100.0,-1.0
2001-07-24 17:30:00,-1862.983624787269,-1862.983624787269,0.0,0.0,20.0,27.0,0.0,100.0,-1.0
2001-07-24 18:30:00,-1589.0430246923834,-1589.0430246923834,0.0,0.0,20.0,27.0,0.0,100.0,-1.0
2001-07-24 19:30:00,-1222.7322911202473,-1222.7322911202473,0.0,0.0,20.0,27.0,0.0,100.0,-1.0
2001-07-24 20:30:00,-841.1558182718009,-841.1558182718009,0.0,0.0,20.0,27.0,0.0,100.0,-1.0
2001-07-24 21:30:00,-561.4459440042874,-561.4459440042874,0.0,0.0,20.0,27.0,0.0,100.0,-1.0
2001-07-24 22:30:00,-354.4841205500479,-354.4841205500479,0.0,0.0,20.0,27.0,0.0,100.0,-1.0
2001-07-24 23:30:00,-177.4538353263315,-177.4538353263315,0.0,0.0,20.0,27.0,0.0,100.0,-1.0
2001-07-25 00:30:00,-27.39278344855211,-27.39278344855211,0.0,0.0,20.0,27.0,0.0,100.0,-1.0
2001-07-25 01:30:00,0.0,0.0,0.0,0.0,20.0,27.0,0.0,100.0,3.0
2001-07-25 02:30:00,0.0,0.0,0.0,0.0,20.0,27.0,0.0,100.0,3.0
2001-07-25 03:30:00,0.0,0.0,0.0,0.0,20.0,27.0,0.0,100.0,3.0
2001-07-25 04:30:00,0.0,0.0,0.0,0.0,20.0,27.0,0.0,100.0,3.0
2001-07-25 05:30:00,0.0,0.0,0.0,0.0,20.0,27.0,0.0,100.0,3.0
2001-07-25 06:30:00,0.0,0.0,0.0,0.0,20.0,27.0,0.0,100.0,3.0
2001-07-25 07:30:00,0.0,0.0,0.0,0.0,20.0,27.0,0.0,100.0,3.0
2001-07-25 08:30:00,-13.343305278536718,-13.343305278536718,0.0,0.0,20.0,27.0,0.0,100.0,-1.0
2001-07-25 09:30:00,-611.5673956906949,-611.5673956906949,0.0,0.0,20.0,27.0,0.0,100.0,-1.0
2001-07-25 10:30:00,-1121.6950838632338,-1121.6950838632338,0.0,0.0,20.0,27.0,0.0,100.0,-1.0
2001-07-25 11:30:00,-1530.76101148808,-1530.76101148808,0.0,0.0,20.0,27.0,0.0,100.0,-1.0
2001-07-25 12:30:00,-1780.186723697957,-1780.186723697957,0.0,0.0,20.0,27.0,0.0,100.0,-1.0
2001-07-25 13:30:00,-1900.78227848826,-1900.78227848826,0.0,0.0,20.0,27.0,0.0,100.0,-1.0
2001-07-25 14:30:00,-2077.742970657305,-2077.742970657305,0.0,0.0,20.0,27.0,0.0,100.0,-1.0
2001-07-25 15:30:00,-2079.1446362314155,-2079.1446362314155,0.0,0.0,20.0,27.0,0.0,100.0,-1.0
2001-07-25 16:30:00,-2004.3947873336338,-2004.3947873336338,0.0,0.0,20.0,27.0,0.0,100.0,-1.0
2001-07-25 17:30:00,-1828.6761602182314,-1828.6761602182314,0.0,0.0,20.0,27.0,0.0,100.0,-1.0
2001-07-25 18:30:00,-1504.620488797741,-1504.620488797741,0.0,0.0,20.0,27.0,0.0,100.0,-1.0
2001-07-25 19:30:00,-1098.5067980334543,-1098.5067980334543,0.0,0.0,20.0,27.0,0.0,100.0,-1.0
2001-07-25 20:30:00,-692.4315165625549,-692.4315165625549,0.0,0.0,20.0,27.0,0.0,100.0,-1.0
2001-07-25 21:30:00,-398.4294998686555,-398.4294998686555,0.0,0.0,20.0,27.0,0.0,100.0,-1.0
2001-07-25 22:30:00,-179.51427536430765,-179.51427536430765,0.0,0.0,20.0,27.0,0.0,100.0,-1.0
2001-07-25 23:30:00,0.0,0.0,0.0,0.0,20.0,27.0,0.0,100.0,3.0
2001-07-26 00:30:00,0.0,0.0,0.0,0.0,20.0,27.0,0.0,100.0,3.0
2001-07-26 01:30:00,0.0,0.0,0.0,0.0,20.0,27.0,0.0,100.0,3.0
2001-07-26 02:30:00,0.0,0.0,0.0,0.0,20.0,27.0,0.0,100.0,3.0
2001-07-26 03:30:00,0.0,0.0,0.0,0.0,20.0,27.0,0.0,100.0,3.0
2001-07-26 04:30:00,0.0,0.0,0.0,0.0,20.0,27.0,0.0,100.0,3.0
2001-07-26 05:30:00,0.0,0.0,0.0,0.0,20.0,27.0,0.0,100.0,3.0
2001-07-26 06:30:00,0.0,0.0,0.0,0.0,20.0,27.0,0.0,100.0,3.0
2001-07-26 07:30:00,0.0,0.0,0.0,0.0,20.0,27.0,0.0,100.0,3.0
2001-07-26 08:30:00,0.0,0.0,0.0,0.0,20.0,27.0,0.0,100.0,3.0
2001-07-26 09:30:00,0.0,0.0,0.0,0.0,20.0,27.0,0.0,100.0,3.0
2001-07-26 10:30:00,-589.9129740293929,-589.9129740293929,0.0,0.0,20.0,27.0,0.0,100.0,-1.0
2001-07-26 11:30:00,-1120.320220171804,-1120.320220171804,0.0,0.0,20.0,27.0,0.0,100.0,-1.0
2001-07-26 12:30:00,-1473.32682242403,-1473.32682242403,0.0,0.0,20.0,27.0,0.0,100.0,-1.0
2001-07-26 13:30:00,-1690.6180920393444,-1690.6180920393444,0.0,0.0,20.0,27.0,0.0,100.0,-1.0
2001-07-26 14:30:00,-1798.7801107370933,-1798.7801107370933,0.0,0.0,20.0,27.0,0.0,100.0,-1.0
2001-07-26 15:30:00,-1806.0728208325809,-1806.0728208325809,0.0,0.0,20.0,27.0,0.0,100.0,-1.0
2001-07-26 16:30:00,-1704.4845923586608,-1704.4845923586608,0.0,0.0,20.0,27.0,0.0,100.0,-1.0
2001-07-26 17:30:00,-1430.2697470455723,-1430.2697470455723,0.0,0.0,20.0,27.0,0.0,100.0,-1.0
2001-07-26 18:30:00,-1122.290445065296,-1122.290445065296,0.0,0.0,20.0,27.0,0.0,100.0,-1.0
2001-07-26 19:30:00,-704.2701463889816,-704.2701463889816,0.0,0.0,20.0,27.0,0.0,100.0,-1.0
2001-07-26 20:30:00,-333.77112077997026,-333.77112077997026,0.0,0.0,20.0,27.0,0.0,100.0,-1.0
2001-07-26 21:30:00,-90.7550312444373,-90.7550312444373,0.0,0.0,20.0,27.0,0.0,100.0,-1.0
2001-07-26 22:30:00,0.0,0.0,0.0,0.0,20.0,27.0,0.0,100.0,3.0
2001-07-26 23:30:00,0.0,0.0,0.0,0.0,20.0,27.0,0.0,100.0,3.0
2001-07-27 00:30:00,0.0,0.0,0.0,0.0,20.0,27.0,0.0,100.0,3.0
2001-07-27 01:30:00,0.0,0.0,0.0,0.0,20.0,27.0,0.0,100.0,3.0
2001-07-27 02:30:00,0.0,0.0,0.0,0.0,20.0,27.0,0.0,100.0,3.0
2001-07-27 03:30:00,0.0,0.0,0.0,0.0,20.0,27.0,0.0,100.0,3.0
2001-07-27 04:30:00,0.0,0.0,0.0,0.0,20.0,27.0,0.0,100.0,3.0
2001-07-27 05:30:00,0.0,0.0,0.0,0.0,20.0,27.0,0.0,100.0,3.0
2001-07-27 06:30:00,0.0,0.0,0.0,0.0,20.0,27.0,0.0,100.0,3.0
2001-07-27 07:30:00,0.0,0.0,0.0,0.0,20.0,27.0,0.0,100.0,3.0
2001-07-27 08:30:00,0.0,0.0,0.0,0.0,20.0,27.0,0.0,100.0,3.0
2001-07-27 09:30:00,-555.4601338401326,-555.4601338401326,0.0,0.0,20.0,27.0,0.0,100.0,-1.0
2001-07-27 10:30:00,-1109.0573170452162,-1109.0573170452162,0.0,0.0,20.0,27.0,0.0,100.0,-1.0
2001-07-27 11:30:00,-1539.4811975326802,-1539.4811975326802,0.0,0.0,20.0,27.0,0.0,100.0,-1.0
2001-07-27 12:30:00,-1881.8157979888447,-1881.8157979888447,0.0,0.0,20.0,27.0,0.0,100.0,-1.0
2001-07-27 13:30:00,-2073.608669195898,-2073.608669195898,0.0,0.0,20.0,27.0,0.0,100.0,-1.0
2001-07-27 14:30:00,-2096.748540052896,-2096.748540052896,0.0,0.0,20.0,27.0,0.0,100.0,-1.0
2001-07-27 15:30:00,-2096.417092197097,-2096.417092197097,0.0,0.0,20.0,27.0,0.0,100.0,-1.0
2001-07-27 16:30:00,-2012.1996375082354,-2012.1996375082354,0.0,0.0,20.0,27.0,0.0,100.0,-1.0
2001-07-27 17:30:00,-1763.725986984683,-1763.725986984683,0.0,0.0,20.0,27.0,0.0,100.0,-1.0
2001-07-27 18:30:00,-1500.2118816954198,-1500.2118816954198,0.0,0.0,20.0,27.0,0.0,100.0,-1.0
2001-07-27 19:30:00,-1098.1296964575731,-1098.1296964575731,0.0,0.0,20.0,27.0,0.0,100.0,-1.0
2001-07-27 20:30:00,-739.7248439966233,-739.7248439966233,0.0,0.0,20.0,27.0,0.0,100.0,-1.0
2001-07-27 21:30:00,-493.58747973780646,-493.58747973780646,0.0,0.0,20.0,27.0,0.0,100.0,-1.0
2001-07-27 22:30:00,-315.9149588999562,-315.9149588999562,0.0,0.0,20.0,27.0,0.0,100.0,-1.0
2001-07-27 23:30:00,-176.5719258596464,-176.5719258596464,0.0,0.0,20.0,27.0,0.0,100.0,-1.0
2001-07-28 00:30:00,-57.89402202434485,-57.89402202434485,0.0,0.0,20.0,27.0,0.0,100.0,-1.0
2001-07-28 01:30:00,0.0,0.0,0.0,0.0,20.0,27.0,0.0,100.0,3.0
2001-07-28 02:30:00,0.0,0.0,0.0,0.0,20.0,27.0,0.0,100.0,3.0
2001-07-28 03:30:00,0.0,0.0,0.0,0.0,20.0,27.0,0.0,100.0,3.0
2001-07-28 04:30:00,0.0,0.0,0.0,0.0,20.0,27.0,0.0,100.0,3.0
2001-07-28 05:30:00,0.0,0.0,0.0,0.0,20.0,27.0,0.0,100.0,3.0
2001-07-28 06:30:00,0.0,0.0,0.0,0.0,20.0,27.0,0.0,100.0,3.0
2001-07-28 07:30:00,0.0,0.0,0.0,0.0,20.0,27.0,0.0,100.0,3.0
2001-07-28 08:30:00,-405.20376340528037,-405.20376340528037,0.0,0.0,20.0,27.0,0.0,100.0,-1.0
2001-07-28 09:30:00,-868.6492690250661,-868.6492690250661,0.0,0.0,20.0,27.0,0.0,100.0,-1.0
2001-07-28 10:30:00,-1335.6182060937272,-1335.6182060937272,0.0,0.0,20.0,27.0,0.0,100.0,-1.0
2001-07-28 11:30:00,-1761.8561386596584,-1761.8561386596584,0.0,0.0,20.0,27.0,0.0,100.0,-1.0
2001-07-28 12:30:00,-2040.9510142043773,-2040.9510142043773,0.0,0.0,20.0,27.0,0.0,100.0,-1.0
2001-07-28 13:30:00,-2226.2173651247786,-2226.2173651247786,0.0,0.0,20.0,27.0,0.0,100.0,-1.0
2001-07-28 14:30:00,-2331.598319848382,-2331.598319848382,0.0,0.0,20.0,27.0,0.0,100.0,-1.0
2001-07-28 15:30:00,-2323.549762089445,-2323.549762089445,0.0,0.0,20.0,27.0,0.0,100.0,-1.0
2001-07-28 16:30:00,-2166.64383413256,-2166.64383413256,0.0,0.0,20.0,27.0,0.0,100.0,-1.0
2001-07-28 17:30:00,-1905.52580572864,-1905.52580572864,0.0,0.0,20.0,27.0,0.0,100.0,-1.0
2001-07-28 18:30:00,-1589.8849222253912,-1589.8849222253912,0.0,0.0,20.0,27.0,0.0,100.0,-1.0
2001-07-28 19:30:00,-1217.963894871401,-1217.963894871401,0.0,0.0,20.0,27.0,0.0,100.0,-1.0
2001-07-28 20:30:00,-846.6765511100521,-846.6765511100521,0.0,0.0,20.0,27.0,0.0,100.0,-1.0
2001-07-28 21:30:00,-590.153476216422,-590.153476216422,0.0,0.0,20.0,27.0,0.0,100.0,-1.0
2001-07-28 22:30:00,-402.1738841044744,-402.1738841044744,0.0,0.0,20.0,27.0,0.0,100.0,-1.0
2001-07-28 23:30:00,-252.6649710880456,-252.6649710880456,0.0,0.0,20.0,27.0,0.0,100.0,-1.0
2001-07-29 00:30:00,-129.77984187772836,-129.77984187772836,0.0,0.0,20.0,27.0,0.0,100.0,-1.0
2001-07-29 01:30:00,-35.77792773573492,-35.77792773573492,0.0,0.0,20.0,27.0,0.0,100.0,-1.0
2001-07-29 02:30:00,0.0,0.0,0.0,0.0,20.0,27.0,0.0,100.0,3.0
2001-07-29 03:30:00,0.0,0.0,0.0,0.0,20.0,27.0,0.0,100.0,3.0
2001-07-29 04:30:00,0.0,0.0,0.0,0.0,20.0,27.0,0.0,100.0,3.0
2001-07-29 05:30:00,0.0,0.0,0.0,0.0,20.0,27.0,0.0,100.0,3.0
2001-07-29 06:30:00,0.0,0.0,0.0,0.0,20.0,27.0,0.0,100.0,3.0
2001-07-29 07:30:00,-32.88700359743325,-32.88700359743325,0.0,0.0,20.0,27.0,0.0,100.0,-1.0
2001-07-29 08:30:00,-563.8320842354542,-563.8320842354542,0.0,0.0,20.0,27.0,0.0,100.0,-1.0
2001-07-29 09:30:00,-1015.2191037690054,-1015.2191037690054,0.0,0.0,20.0,27.0,0.0,100.0,-1.0
2001-07-29 10:30:00,-1471.9815590432745,-1471.9815590432745,0.0,0.0,20.0,27.0,0.0,100.0,-1.0
2001-07-29 11:30:00,-1870.8529878574418,-1870.8529878574418,0.0,0.0,20.0,27.0,0.0,100.0,-1.0
2001-07-29 12:30:00,-2148.0337743295013,-2148.0337743295013,0.0,0.0,20.0,27.0,0.0,100.0,-1.0
2001-07-29 13:30:00,-2334.234872104261,-2334.234872104261,0.0,0.0,20.0,27.0,0.0,100.0,-1.0
2001-07-29 14:30:00,-2473.749221672929,-2473.749221672929,0.0,0.0,20.0,27.0,0.0,100.0,-1.0
2001-07-29 15:30:00,-2475.9266148790257,-2475.9266148790257,0.0,0.0,20.0,27.0,0.0,100.0,-1.0
2001-07-29 16:30:00,-2357.3862686519087,-2357.3862686519087,0.0,0.0,20.0,27.0,0.0,100.0,-1.0
2001-07-29 17:30:00,-2092.7676595030707,-2092.7676595030707,0.0,0.0,20.0,27.0,0.0,100.0,-1.0
2001-07-29 18:30:00,-1744.840298134196,-1744.840298134196,0.0,0.0,20.0,27.0,0.0,100.0,-1.0
2001-07-29 19:30:00,-1349.700028809989,-1349.700028809989,0.0,0.0,20.0,27.0,0.0,100.0,-1.0
2001-07-29 20:30:00,-975.704117070517,-975.704117070517,0.0,0.0,20.0,27.0,0.0,100.0,-1.0
2001-07-29 21:30:00,-705.6161622416575,-705.6161622416575,0.0,0.0,20.0,27.0,0.0,100.0,-1.0
2001-07-29 22:30:00,-508.17695502347215,-508.17695502347215,0.0,0.0,20.0,27.0,0.0,100.0,-1.0
2001-07-29 23:30:00,-350.5345067407652,-350.5345067407652,0.0,0.0,20.0,27.0,0.0,100.0,-1.0
2001-07-30 00:30:00,-212.6520680036847,-212.6520680036847,0.0,0.0,20.0,27.0,0.0,100.0,-1.0
2001-07-30 01:30:00,-98.87369816982391,-98.87369816982391,0.0,0.0,20.0,27.0,0.0,100.0,-1.0
2001-07-30 02:30:00,0.0,0.0,0.0,0.0,20.0,27.0,0.0,100.0,3.0
2001-07-30 03:30:00,0.0,0.0,0.0,0.0,20.0,27.0,0.0,100.0,3.0
2001-07-30 04:30:00,0.0,0.0,0.0,0.0,20.0,27.0,0.0,100.0,3.0
2001-07-30 05:30:00,0.0,0.0,0.0,0.0,20.0,27.0,0.0,100.0,3.0
2001-07-30 06:30:00,0.0,0.0,0.0,0.0,20.0,27.0,0.0,100.0,3.0
2001-07-30 07:30:00,0.0,0.0,0.0,0.0,20.0,27.0,0.0,100.0,3.0
2001-07-30 08:30:00,-411.5494809301954,-411.5494809301954,0.0,0.0,20.0,27.0,0.0,100.0,-1.0
2001-07-30 09:30:00,-902.5977604624941,-902.5977604624941,0.0,0.0,20.0,27.0,0.0,100.0,-1.0
2001-07-30 10:30:00,-1318.6983713041818,-1318.6983713041818,0.0,0.0,20.0,27.0,0.0,100.0,-1.0
2001-07-30 11:30:00,-1685.177333133749,-1685.177333133749,0.0,0.0,20.0,27.0,0.0,100.0,-1.0
2001-07-30 12:30:00,-1986.242947296293,-1986.242947296293,0.0,0.0,20.0,27.0,0.0,100.0,-1.0
2001-07-30 13:30:00,-2119.6278044515884,-2119.6278044515884,0.0,0.0,20.0,27.0,0.0,100.0,-1.0
2001-07-30 14:30:00,-2206.602372007751,-2206.602372007751,0.0,0.0,20.0,27.0,0.0,100.0,-1.0
2001-07-30 15:30:00,-2177.8897561198037,-2177.8897561198037,0.0,0.0,20.0,27.0,0.0,100.0,-1.0
2001-07-30 16:30:00,-2002.4543066580727,-2002.4543066580727,0.0,0.0,20.0,27.0,0.0,100.0,-1.0
2001-07-30 17:30:00,-1736.0347046159723,-1736.0347046159723,0.0,0.0,20.0,27.0,0.0,100.0,-1.0
2001-07-30 18:30:00,-1466.137739398805,-1466.137739398805,0.0,0.0,20.0,27.0,0.0,100.0,-1.0
2001-07-30 19:30:00,-1077.5704749533716,-1077.5704749533716,0.0,0.0,20.0,27.0,0.0,100.0,-1.0
2001-07-30 20:30:00,-707.6300254840398,-707.6300254840398,0.0,0.0,20.0,27.0,0.0,100.0,-1.0
2001-07-30 21:30:00,-457.2774020350107,-457.2774020350107,0.0,0.0,20.0,27.0,0.0,100.0,-1.0
2001-07-30 22:30:00,-285.50128313693403,-285.50128313693403,0.0,0.0,20.0,27.0,0.0,100.0,-1.0
2001-07-30 23:30:00,-143.59601189729437,-143.59601189729437,0.0,0.0,20.0,27.0,0.0,100.0,-1.0
2001-07-31 00:30:00,-24.382955428750392,-24.382955428750392,0.0,0.0,20.0,27.0,0.0,100.0,-1.0
2001-07-31 01:30:00,0.0,0.0,0.0,0.0,20.0,27.0,0.0,100.0,3.0
2001-07-31 02:30:00,0.0,0.0,0.0,0.0,20.0,27.0,0.0,100.0,3.0
2001-07-31 03:30:00,0.0,0.0,0.0,0.0,20.0,27.0,0.0,100.0,3.0
2001-07-31 04:30:00,0.0,0.0,0.0,0.0,20.0,27.0,0.0,100.0,3.0
2001-07-31 05:30:00,0.0,0.0,0.0,0.0,20.0,27.0,0.0,100.0,3.0
2001-07-31 06:30:00,0.0,0.0,0.0,0.0,20.0,27.0,0.0,100.0,3.0
2001-07-31 07:30:00,0.0,0.0,0.0,0.0,20.0,27.0,0.0,100.0,3.0
2001-07-31 08:30:00,-395.69371068335477,-395.69371068335477,0.0,0.0,20.0,27.0,0.0,100.0,-1.0
2001-07-31 09:30:00,-867.1550434496012,-867.1550434496012,0.0,0.0,20.0,27.0,0.0,100.0,-1.0
2001-07-31 10:30:00,-1346.4842983759963,-1346.4842983759963,0.0,0.0,20.0,27.0,0.0,100.0,-1.0
2001-07-31 11:30:00,-1719.3690114992814,-1719.3690114992814,0.0,0.0,20.0,27.0,0.0,100.0,-1.0
2001-07-31 12:30:00,-1959.854332093927,-1959.854332093927,0.0,0.0,20.0,27.0,0.0,100.0,-1.0
2001-07-31 13:30:00,-2150.5355645579884,-2150.5355645579884,0.0,0.0,20.0,27.0,0.0,100.0,-1.0
2001-07-31 14:30:00,-2208.803884217611,-2208.803884217611,0.0,0.0,20.0,27.0,0.0,100.0,-1.0
2001-07-31 15:30:00,-2256.2458791385807,-2256.2458791385807,0.0,0.0,20.0,27.0,0.0,100.0,-1.0
2001-07-31 16:30:00,-2199.9513717614236,-2199.9513717614236,0.0,0.0,20.0,27.0,0.0,100.0,-1.0
2001-07-31 17:30:00,-1984.0502247796348,-1984.0502247796348,0.0,0.0,20.0,27.0,0.0,100.0,-1.0
2001-07-31 18:30:00,-1666.0483470268,-1666.0483470268,0.0,0.0,20.0,27.0,0.0,100.0,-1.0
2001-07-31 19:30:00,-1288.765935374041,-1288.765935374041,0.0,0.0,20.0,27.0,0.0,100.0,-1.0
2001-07-31 20:30:00,-901.5321155376414,-901.5321155376414,0.0,0.0,20.0,27.0,0.0,100.0,-1.0
2001-07-31 21:30:00,-618.0186211256014,-618.0186211256014,0.0,0.0,20.0,27.0,0.0,100.0,-1.0
2001-07-31 22:30:00,-407.63841582907753,-407.63841582907753,0.0,0.0,20.0,27.0,0.0,100.0,-1.0
2001-07-31 23:30:00,-234.99696961670725,-234.99696961670725,0.0,0.0,20.0,27.0,0.0,100.0,-1.0
2001-08-01 00:30:00,-81.67548763742707,-81.67548763742707,0.0,0.0,20.0,27.0,0.0,100.0,-1.0
2001-08-01 01:30:00,0.0,0.0,0.0,0.0,20.0,27.0,0.0,100.0,3.0
2001-08-01 02:30:00,0.0,0.0,0.0,0.0,20.0,27.0,0.0,100.0,3.0
2001-08-01 03:30:00,0.0,0.0,0.0,0.0,20.0,27.0,0.0,100.0,3.0
2001-08-01 04:30:00,0.0,0.0,0.0,0.0,20.0,27.0,0.0,100.0,3.0
2001-08-01 05:30:00,0.0,0.0,0.0,0.0,20.0,27.0,0.0,100.0,3.0
2001-08-01 06:30:00,0.0,0.0,0.0,0.0,20.0,27.0,0.0,100.0,3.0
2001-08-01 07:30:00,0.0,0.0,0.0,0.0,20.0,27.0,0.0,100.0,3.0
2001-08-01 08:30:00,0.0,0.0,0.0,0.0,20.0,27.0,0.0,100.0,3.0
2001-08-01 09:30:00,-315.5329854057627,-315.5329854057627,0.0,0.0,20.0,27.0,0.0,100.0,-1.0
2001-08-01 10:30:00,-935.7387195326764,-935.7387195326764,0.0,0.0,20.0,27.0,0.0,100.0,-1.0
2001-08-01 11:30:00,-1348.7023850852593,-1348.7023850852593,0.0,0.0,20.0,27.0,0.0,100.0,-1.0
2001-08-01 12:30:00,-1645.9574204437367,-1645.9574204437367,0.0,0.0,20.0,27.0,0.0,100.0,-1.0
2001-08-01 13:30:00,-1827.4926136716886,-1827.4926136716886,0.0,0.0,20.0,27.0,0.0,100.0,-1.0
2001-08-01 14:30:00,-1966.64996184533,-1966.64996184533,0.0,0.0,20.0,27.0,0.0,100.0,-1.0
2001-08-01 15:30:00,-1996.529831928453,-1996.529831928453,0.0,0.0,20.0,27.0,0.0,100.0,-1.0
2001-08-01 16:30:00,-1896.5376731120004,-1896.5376731120004,0.0,0.0,20.0,27.0,0.0,100.0,-1.0
2001-08-01 17:30:00,-1668.4416434085824,-1668.4416434085824,0.0,0.0,20.0,27.0,0.0,100.0,-1.0
2001-08-01 18:30:00,-1413.1883856105733,-1413.1883856105733,0.0,0.0,20.0,27.0,0.0,100.0,-1.0
2001-08-01 19:30:00,-1011.6306425951761,-1011.6306425951761,0.0,0.0,20.0,27.0,0.0,100.0,-1.0
2001-08-01 20:30:00,-629.0958634145636,-629.0958634145636,0.0,0.0,20.0,27.0,0.0,100.0,-1.0
2001-08-01 21:30:00,-355.0501022321723,-355.0501022321723,0.0,0.0,20.0,27.0,0.0,100.0,-1.0
2001-08-01 22:30:00,-141.5656323109015,-141.5656323109015,0.0,0.0,20.0,27.0,0.0,100.0,-1.0
2001-08-01 23:30:00,0.0,0.0,0.0,0.0,20.0,27.0,0.0,100.0,3.0
2001-08-02 00:30:00,0.0,0.0,0.0,0.0,20.0,27.0,0.0,100.0,3.0
2001-08-02 01:30:00,0.0,0.0,0.0,0.0,20.0,27.0,0.0,100.0,3.0
2001-08-02 02:30:00,0.0,0.0,0.0,0.0,20.0,27.0,0.0,100.0,3.0
2001-08-02 03:30:00,0.0,0.0,0.0,0.0,20.0,27.0,0.0,100.0,3.0
2001-08-02 04:30:00,0.0,0.0,0.0,0.0,20.0,27.0,0.0,100.0,3.0
2001-08-02 05:30:00,0.0,0.0,0.0,0.0,20.0,27.0,0.0,100.0,3.0
2001-08-02 06:30:00,0.0,0.0,0.0,0.0,20.0,27.0,0.0,100.0,3.0
2001-08-02 07:30:00,0.0,0.0,0.0,0.0,20.0,27.0,0.0,100.0,3.0
2001-08-02 08:30:00,0.0,0.0,0.0,0.0,20.0,27.0,0.0,100.0,3.0
2001-08-02 09:30:00,0.0,0.0,0.0,0.0,20.0,27.0,0.0,100.0,3.0
2001-08-02 10:30:00,-718.6903007856972,-718.6903007856972,0.0,0.0,20.0,27.0,0.0,100.0,-1.0
2001-08-02 11:30:00,-1240.7244925251116,-1240.7244925251116,0.0,0.0,20.0,27.0,0.0,100.0,-1.0
2001-08-02 12:30:00,-1600.1934854412675,-1600.1934854412675,0.0,0.0,20.0,27.0,0.0,100.0,-1.0
2001-08-02 13:30:00,-1773.7088492250614,-1773.7088492250614,0.0,0.0,20.0,27.0,0.0,100.0,-1.0
2001-08-02 14:30:00,-1952.178626928685,-1952.178626928685,0.0,0.0,20.0,27.0,0.0,100.0,-1.0
2001-08-02 15:30:00,-1936.6406868352142,-1936.6406868352142,0.0,0.0,20.0,27.0,0.0,100.0,-1.0
2001-08-02 16:30:00,-1773.2368478404214,-1773.2368478404214,0.0,0.0,20.0,27.0,0.0,100.0,-1.0
2001-08-02 17:30:00,-1466.1668746118912,-1466.1668746118912,0.0,0.0,20.0,27.0,0.0,100.0,-1.0
2001-08-02 18:30:00,-1113.3836434175819,-1113.3836434175819,0.0,0.0,20.0,27.0,0.0,100.0,-1.0
2001-08-02 19:30:00,-734.7387414561445,-734.7387414561445,0.0,0.0,20.0,27.0,0.0,100.0,-1.0
2001-08-02 20:30:00,-356.052873996191,-356.052873996191,0.0,0.0,20.0,27.0,0.0,100.0,-1.0
2001-08-02 21:30:00,-82.8734324198831,-82.8734324198831,0.0,0.0,20.0,27.0,0.0,100.0,-1.0
2001-08-02 22:30:00,0.0,0.0,0.0,0.0,20.0,27.0,0.0,100.0,3.0
2001-08-02 23:30:00,0.0,0.0,0.0,0.0,20.0,27.0,0.0,100.0,3.0
2001-08-03 00:30:00,0.0,0.0,0.0,0.0,20.0,27.0,0.0,100.0,3.0
2001-08-03 01:30:00,0.0,0.0,0.0,0.0,20.0,27.0,0.0,100.0,3.0
2001-08-03 02:30:00,0.0,0.0,0.0,0.0,20.0,27.0,0.0,100.0,3.0
2001-08-03 03:30:00,0.0,0.0,0.0,0.0,20.0,27.0,0.0,100.0,3.0
2001-08-03 04:30:00,0.0,0.0,0.0,0.0,20.0,27.0,0.0,100.0,3.0
2001-08-03 05:30:00,0.0,0.0,0.0,0.0,20.0,27.0,0.0,100.0,3.0
2001-08-03 06:30:00,12.36743277264577,12.36743277264577,0.0,0.0,20.0,27.0,0.0,100.0,1.0
2001-08-03 07:30:00,0.0,0.0,0.0,0.0,20.0,27.0,0.0,100.0,3.0
2001-08-03 08:30:00,0.0,0.0,0.0,0.0,20.0,27.0,0.0,100.0,3.0
2001-08-03 09:30:00,0.0,0.0,0.0,0.0,20.0,27.0,0.0,100.0,3.0
2001-08-03 10:30:00,0.0,0.0,0.0,0.0,20.0,27.0,0.0,100.0,3.0
2001-08-03 11:30:00,-573.6458347153302,-573.6458347153302,0.0,0.0,20.0,27.0,0.0,100.0,-1.0
2001-08-03 12:30:00,-1093.7996990620186,-1093.7996990620186,0.0,0.0,20.0,27.0,0.0,100.0,-1.0
2001-08-03 13:30:00,-1325.0574664477163,-1325.0574664477163,0.0,0.0,20.0,27.0,0.0,100.0,-1.0
2001-08-03 14:30:00,-1507.0912133492266,-1507.0912133492266,0.0,0.0,20.0,27.0,0.0,100.0,-1.0
2001-08-03 15:30:00,-1575.848057283275,-1575.848057283275,0.0,0.0,20.0,27.0,0.0,100.0,-1.0
2001-08-03 16:30:00,-1474.4997107397858,-1474.4997107397858,0.0,0.0,20.0,27.0,0.0,100.0,-1.0
2001-08-03 17:30:00,-1256.4777211410064,-1256.4777211410064,0.0,0.0,20.0,27.0,0.0,100.0,-1.0
2001-08-03 18:30:00,-896.3338262380303,-896.3338262380303,0.0,0.0,20.0,27.0,0.0,100.0,-1.0
2001-08-03 19:30:00,-470.8572881854152,-470.8572881854152,0.0,0.0,20.0,27.0,0.0,100.0,-1.0
2001-08-03 20:30:00,-121.82789406088432,-121.82789406088432,0.0,0.0,20.0,27.0,0.0,100.0,-1.0
2001-08-03 21:30:00,0.0,0.0,0.0,0.0,20.0,27.0,0.0,100.0,3.0
2001-08-03 22:30:00,0.0,0.0,0.0,0.0,20.0,27.0,0.0,100.0,3.0
2001-08-03 23:30:00,0.0,0.0,0.0,0.0,20.0,27.0,0.0,100.0,3.0
2001-08-04 00:30:00,0.0,0.0,0.0,0.0,20.0,27.0,0.0,100.0,3.0
2001-08-04 01:30:00,0.0,0.0,0.0,0.0,20.0,27.0,0.0,100.0,3.0
2001-08-04 02:30:00,0.0,0.0,0.0,0.0,20.0,27.0,0.0,100.0,3.0
2001-08-04 03:30:00,0.0,0.0,0.0,0.0,20.0,27.0,0.0,100.0,3.0
2001-08-04 04:30:00,64.20952511266205,64.20952511266205,0.0,0.0,20.0,27.0,0.0,100.0,1.0
2001-08-04 05:30:00,344.01860661858154,344.01860661858154,0.0,0.0,20.0,27.0,0.0,100.0,1.0
2001-08-04 06:30:00,390.91443865917427,390.91443865917427,0.0,0.0,20.0,27.0,0.0,100.0,1.0
2001-08-04 07:30:00,119.18506259104106,119.18506259104106,0.0,0.0,20.0,27.0,0.0,100.0,1.0
2001-08-04 08:30:00,0.0,0.0,0.0,0.0,20.0,27.0,0.0,100.0,3.0
2001-08-04 09:30:00,0.0,0.0,0.0,0.0,20.0,27.0,0.0,100.0,3.0
2001-08-04 10:30:00,0.0,0.0,0.0,0.0,20.0,27.0,0.0,100.0,3.0
2001-08-04 11:30:00,-55.144024833646654,-55.144024833646654,0.0,0.0,20.0,27.0,0.0,100.0,-1.0
2001-08-04 12:30:00,-646.3286988495374,-646.3286988495374,0.0,0.0,20.0,27.0,0.0,100.0,-1.0
2001-08-04 13:30:00,-941.3636585034683,-941.3636585034683,0.0,0.0,20.0,27.0,0.0,100.0,-1.0
2001-08-04 14:30:00,-1166.99353611877,-1166.99353611877,0.0,0.0,20.0,27.0,0.0,100.0,-1.0
2001-08-04 15:30:00,-1225.6151681485107,-1225.6151681485107,0.0,0.0,20.0,27.0,0.0,100.0,-1.0
2001-08-04 16:30:00,-1155.102390581881,-1155.102390581881,0.0,0.0,20.0,27.0,0.0,100.0,-1.0
2001-08-04 17:30:00,-995.3310983125348,-995.3310983125348,0.0,0.0,20.0,27.0,0.0,100.0,-1.0
2001-08-04 18:30:00,-692.4150267934483,-692.4150267934483,0.0,0.0,20.0,27.0,0.0,100.0,-1.0
2001-08-04 19:30:00,-225.05224006381195,-225.05224006381195,0.0,0.0,20.0,27.0,0.0,100.0,-1.0
2001-08-04 20:30:00,0.0,0.0,0.0,0.0,20.0,27.0,0.0,100.0,3.0
2001-08-04 21:30:00,0.0,0.0,0.0,0.0,20.0,27.0,0.0,100.0,3.0
2001-08-04 22:30:00,0.0,0.0,0.0,0.0,20.0,27.0,0.0,100.0,3.0
2001-08-04 23:30:00,0.0,0.0,0.0,0.0,20.0,27.0,0.0,100.0,3.0
2001-08-05 00:30:00,0.0,0.0,0.0,0.0,20.0,27.0,0.0,100.0,3.0
2001-08-05 01:30:00,0.0,0.0,0.0,0.0,20.0,27.0,0.0,100.0,3.0
2001-08-05 02:30:00,0.0,0.0,0.0,0.0,20.0,27.0,0.0,100.0,3.0
2001-08-05 03:30:00,0.0,0.0,0.0,0.0,20.0,27.0,0.0,100.0,3.0
2001-08-05 04:30:00,0.0,0.0,0.0,0.0,20.0,27.0,0.0,100.0,3.0
2001-08-05 05:30:00,6.7066050163530235,6.7066050163530235,0.0,0.0,20.0,27.0,0.0,100.0,1.0
2001-08-05 06:30:00,1.7119240032661764,1.7119240032661764,0.0,0.0,20.0,27.0,0.0,100.0,1.0
2001-08-05 07:30:00,0.0,0.0,0.0,0.0,20.0,27.0,0.0,100.0,3.0
2001-08-05 08:30:00,0.0,0.0,0.0,0.0,20.0,27.0,0.0,100.0,3.0
2001-08-05 09:30:00,0.0,0.0,0.0,0.0,20.0,27.0,0.0,100.0,3.0
2001-08-05 10:30:00,-73.39006737324144,-73.39006737324144,0.0,0.0,20.0,27.0,0.0,100.0,-1.0
2001-08-05 11:30:00,-795.4035312781534,-795.4035312781534,0.0,0.0,20.0,27.0,0.0,100.0,-1.0
2001-08-05 12:30:00,-1231.81569780281,-1231.81569780281,0.0,0.0,20.0,27.0,0.0,100.0,-1.0
2001-08-05 13:30:00,-1486.0249532228436,-1486.0249532228436,0.0,0.0,20.0,27.0,0.0,100.0,-1.0
2001-08-05 14:30:00,-1646.3540068589618,-1646.3540068589618,0.0,0.0,20.0,27.0,0.0,100.0,-1.0
2001-08-05 15:30:00,-1774.6978972900479,-1774.6978972900479,0.0,0.0,20.0,27.0,0.0,100.0,-1.0
2001-08-05 16:30:00,-1663.759190061618,-1663.759190061618,0.0,0.0,20.0,27.0,0.0,100.0,-1.0
2001-08-05 17:30:00,-1453.776526785431,-1453.776526785431,0.0,0.0,20.0,27.0,0.0,100.0,-1.0
2001-08-05 18:30:00,-1125.2678100083494,-1125.2678100083494,0.0,0.0,20.0,27.0,0.0,100.0,-1.0
2001-08-05 19:30:00,-724.121775603021,-724.121775603021,0.0,0.0,20.0,27.0,0.0,100.0,-1.0
2001-08-05 20:30:00,-362.3253204587554,-362.3253204587554,0.0,0.0,20.0,27.0,0.0,100.0,-1.0
2001-08-05 21:30:00,-116.5493525878419,-116.5493525878419,0.0,0.0,20.0,27.0,0.0,100.0,-1.0
2001-08-05 22:30:00,0.0,0.0,0.0,0.0,20.0,27.0,0.0,100.0,3.0
2001-08-05 23:30:00,0.0,0.0,0.0,0.0,20.0,27.0,0.0,100.0,3.0
2001-08-06 00:30:00,0.0,0.0,0.0,0.0,20.0,27.0,0.0,100.0,3.0
2001-08-06 01:30:00,0.0,0.0,0.0,0.0,20.0,27.0,0.0,100.0,3.0
2001-08-06 02:30:00,0.0,0.0,0.0,0.0,20.0,27.0,0.0,100.0,3.0
2001-08-06 03:30:00,0.0,0.0,0.0,0.0,20.0,27.0,0.0,100.0,3.0
2001-08-06 04:30:00,0.0,0.0,0.0,0.0,20.0,27.0,0.0,100.0,3.0
2001-08-06 05:30:00,0.0,0.0,0.0,0.0,20.0,27.0,0.0,100.0,3.0
2001-08-06 06:30:00,0.0,0.0,0.0,0.0,20.0,27.0,0.0,100.0,3.0
2001-08-06 07:30:00,0.0,0.0,0.0,0.0,20.0,27.0,0.0,100.0,3.0
2001-08-06 08:30:00,0.0,0.0,0.0,0.0,20.0,27.0,0.0,100.0,3.0
2001-08-06 09:30:00,0.0,0.0,0.0,0.0,20.0,27.0,0.0,100.0,3.0
2001-08-06 10:30:00,-149.46642890297426,-149.46642890297426,0.0,0.0,20.0,27.0,0.0,100.0,-1.0
2001-08-06 11:30:00,-905.4275738469614,-905.4275738469614,0.0,0.0,20.0,27.0,0.0,100.0,-1.0
2001-08-06 12:30:00,-1304.8012537707973,-1304.8012537707973,0.0,0.0,20.0,27.0,0.0,100.0,-1.0
2001-08-06 13:30:00,-1552.5205069963586,-1552.5205069963586,0.0,0.0,20.0,27.0,0.0,100.0,-1.0
2001-08-06 14:30:00,-1664.5424194020297,-1664.5424194020297,0.0,0.0,20.0,27.0,0.0,100.0,-1.0
2001-08-06 15:30:00,-1691.4482322735412,-1691.4482322735412,0.0,0.0,20.0,27.0,0.0,100.0,-1.0
2001-08-06 16:30:00,-1572.315729933075,-1572.315729933075,0.0,0.0,20.0,27.0,0.0,100.0,-1.0
2001-08-06 17:30:00,-1336.4321891246045,-1336.4321891246045,0.0,0.0,20.0,27.0,0.0,100.0,-1.0
2001-08-06 18:30:00,-1024.138167215534,-1024.138167215534,0.0,0.0,20.0,27.0,0.0,100.0,-1.0
2001-08-06 19:30:00,-601.3296570880257,-601.3296570880257,0.0,0.0,20.0,27.0,0.0,100.0,-1.0
2001-08-06 20:30:00,-236.06549342500966,-236.06549342500966,0.0,0.0,20.0,27.0,0.0,100.0,-1.0
2001-08-06 21:30:00,0.0,0.0,0.0,0.0,20.0,27.0,0.0,100.0,3.0
2001-08-06 22:30:00,0.0,0.0,0.0,0.0,20.0,27.0,0.0,100.0,3.0
2001-08-06 23:30:00,0.0,0.0,0.0,0.0,20.0,27.0,0.0,100.0,3.0
2001-08-07 00:30:00,0.0,0.0,0.0,0.0,20.0,27.0,0.0,100.0,3.0
2001-08-07 01:30:00,0.0,0.0,0.0,0.0,20.0,27.0,0.0,100.0,3.0
2001-08-07 02:30:00,0.0,0.0,0.0,0.0,20.0,27.0,0.0,100.0,3.0
2001-08-07 03:30:00,0.0,0.0,0.0,0.0,20.0,27.0,0.0,100.0,3.0
2001-08-07 04:30:00,0.0,0.0,0.0,0.0,20.0,27.0,0.0,100.0,3.0
2001-08-07 05:30:00,96.33861617176808,96.33861617176808,0.0,0.0,20.0,27.0,0.0,100.0,1.0
2001-08-07 06:30:00,205.2545777400892,205.2545777400892,0.0,0.0,20.0,27.0,0.0,100.0,1.0
2001-08-07 07:30:00,0.0,0.0,0.0,0.0,20.0,27.0,0.0,100.0,3.0
2001-08-07 08:30:00,0.0,0.0,0.0,0.0,20.0,27.0,0.0,100.0,3.0
2001-08-07 09:30:00,0.0,0.0,0.0,0.0,20.0,27.0,0.0,100.0,3.0
2001-08-07 10:30:00,0.0,0.0,0.0,0.0,20.0,27.0,0.0,100.0,3.0
2001-08-07 11:30:00,-540.4351028113097,-540.4351028113097,0.0,0.0,20.0,27.0,0.0,100.0,-1.0
2001-08-07 12:30:00,-1066.0265719915596,-1066.0265719915596,0.0,0.0,20.0,27.0,0.0,100.0,-1.0
2001-08-07 13:30:00,-1400.812476114309,-1400.812476114309,0.0,0.0,20.0,27.0,0.0,100.0,-1.0
2001-08-07 14:30:00,-1580.53475757644,-1580.53475757644,0.0,0.0,20.0,27.0,0.0,100.0,-1.0
2001-08-07 15:30:00,-1577.3603337135964,-1577.3603337135964,0.0,0.0,20.0,27.0,0.0,100.0,-1.0
2001-08-07 16:30:00,-1411.378693987911,-1411.378693987911,0.0,0.0,20.0,27.0,0.0,100.0,-1.0
2001-08-07 17:30:00,-1107.3649545329927,-1107.3649545329927,0.0,0.0,20.0,27.0,0.0,100.0,-1.0
2001-08-07 18:30:00,-744.7735100370892,-744.7735100370892,0.0,0.0,20.0,27.0,0.0,100.0,-1.0
2001-08-07 19:30:00,-341.35939681969194,-341.35939681969194,0.0,0.0,20.0,27.0,0.0,100.0,-1.0
2001-08-07 20:30:00,-4.785508307978489,-4.785508307978489,0.0,0.0,20.0,27.0,0.0,100.0,-1.0
2001-08-07 21:30:00,0.0,0.0,0.0,0.0,20.0,27.0,0.0,100.0,3.0
2001-08-07 22:30:00,0.0,0.0,0.0,0.0,20.0,27.0,0.0,100.0,3.0
2001-08-07 23:30:00,0.0,0.0,0.0,0.0,20.0,27.0,0.0,100.0,3.0
2001-08-08 00:30:00,0.0,0.0,0.0,0.0,20.0,27.0,0.0,100.0,3.0
2001-08-08 01:30:00,0.0,0.0,0.0,0.0,20.0,27.0,0.0,100.0,3.0
2001-08-08 02:30:00,0.0,0.0,0.0,0.0,20.0,27.0,0.0,100.0,3.0
2001-08-08 03:30:00,0.0,0.0,0.0,0.0,20.0,27.0,0.0,100.0,3.0
2001-08-08 04:30:00,0.0,0.0,0.0,0.0,20.0,27.0,0.0,100.0,3.0
2001-08-08 05:30:00,0.0,0.0,0.0,0.0,20.0,27.0,0.0,100.0,3.0
2001-08-08 06:30:00,16.391919591622354,16.391919591622354,0.0,0.0,20.0,27.0,0.0,100.0,1.0
2001-08-08 07:30:00,0.0,0.0,0.0,0.0,20.0,27.0,0.0,100.0,3.0
2001-08-08 08:30:00,0.0,0.0,0.0,0.0,20.0,27.0,0.0,100.0,3.0
2001-08-08 09:30:00,0.0,0.0,0.0,0.0,20.0,27.0,0.0,100.0,3.0
2001-08-08 10:30:00,-50.09509866300232,-50.09509866300232,0.0,0.0,20.0,27.0,0.0,100.0,-1.0
2001-08-08 11:30:00,-803.9557870532672,-803.9557870532672,0.0,0.0,20.0,27.0,0.0,100.0,-1.0
2001-08-08 12:30:00,-1204.4678063385227,-1204.4678063385227,0.0,0.0,20.0,27.0,0.0,100.0,-1.0
2001-08-08 13:30:00,-1451.5277226875705,-1451.5277226875705,0.0,0.0,20.0,27.0,0.0,100.0,-1.0
2001-08-08 14:30:00,-1668.4982941829358,-1668.4982941829358,0.0,0.0,20.0,27.0,0.0,100.0,-1.0
2001-08-08 15:30:00,-1780.1784618685897,-1780.1784618685897,0.0,0.0,20.0,27.0,0.0,100.0,-1.0
2001-08-08 16:30:00,-1658.4460155394108,-1658.4460155394108,0.0,0.0,20.0,27.0,0.0,100.0,-1.0
2001-08-08 17:30:00,-1402.234454605571,-1402.234454605571,0.0,0.0,20.0,27.0,0.0,100.0,-1.0
2001-08-08 18:30:00,-1062.6819178208252,-1062.6819178208252,0.0,0.0,20.0,27.0,0.0,100.0,-1.0
2001-08-08 19:30:00,-641.7487073453512,-641.7487073453512,0.0,0.0,20.0,27.0,0.0,100.0,-1.0
2001-08-08 20:30:00,-288.15279413950975,-288.15279413950975,0.0,0.0,20.0,27.0,0.0,100.0,-1.0
2001-08-08 21:30:00,-38.459056699656685,-38.459056699656685,0.0,0.0,20.0,27.0,0.0,100.0,-1.0
2001-08-08 22:30:00,0.0,0.0,0.0,0.0,20.0,27.0,0.0,100.0,3.0
2001-08-08 23:30:00,0.0,0.0,0.0,0.0,20.0,27.0,0.0,100.0,3.0
2001-08-09 00:30:00,0.0,0.0,0.0,0.0,20.0,27.0,0.0,100.0,3.0
2001-08-09 01:30:00,0.0,0.0,0.0,0.0,20.0,27.0,0.0,100.0,3.0
2001-08-09 02:30:00,0.0,0.0,0.0,0.0,20.0,27.0,0.0,100.0,3.0
2001-08-09 03:30:00,0.0,0.0,0.0,0.0,20.0,27.0,0.0,100.0,3.0
2001-08-09 04:30:00,0.0,0.0,0.0,0.0,20.0,27.0,0.0,100.0,3.0
2001-08-09 05:30:00,0.12431528601973696,0.12431528601973696,0.0,0.0,20.0,27.0,0.0,100.0,1.0
2001-08-09 06:30:00,106.50481773246247,106.50481773246247,0.0,0.0,20.0,27.0,0.0,100.0,1.0
2001-08-09 07:30:00,0.0,0.0,0.0,0.0,20.0,27.0,0.0,100.0,3.0
2001-08-09 08:30:00,0.0,0.0,0.0,0.0,20.0,27.0,0.0,100.0,3.0
2001-08-09 09:30:00,0.0,0.0,0.0,0.0,20.0,27.0,0.0,100.0,3.0
2001-08-09 10:30:00,0.0,0.0,0.0,0.0,20.0,27.0,0.0,100.0,3.0
2001-08-09 11:30:00,-456.98950937425707,-456.98950937425707,0.0,0.0,20.0,27.0,0.0,100.0,-1.0
2001-08-09 12:30:00,-994.3340416623205,-994.3340416623205,0.0,0.0,20.0,27.0,0.0,100.0,-1.0
2001-08-09 13:30:00,-1231.4240543951046,-1231.4240543951046,0.0,0.0,20.0,27.0,0.0,100.0,-1.0
2001-08-09 14:30:00,-1383.734765716813,-1383.734765716813,0.0,0.0,20.0,27.0,0.0,100.0,-1.0
2001-08-09 15:30:00,-1458.5084850835656,-1458.5084850835656,0.0,0.0,20.0,27.0,0.0,100.0,-1.0
2001-08-09 16:30:00,-1383.3667850906195,-1383.3667850906195,0.0,0.0,20.0,27.0,0.0,100.0,-1.0
2001-08-09 17:30:00,-1184.5263452890113,-1184.5263452890113,0.0,0.0,20.0,27.0,0.0,100.0,-1.0
2001-08-09 18:30:00,-869.4677411566618,-869.4677411566618,0.0,0.0,20.0,27.0,0.0,100.0,-1.0
2001-08-09 19:30:00,-474.91060634706355,-474.91060634706355,0.0,0.0,20.0,27.0,0.0,100.0,-1.0
2001-08-09 20:30:00,-147.37511471363814,-147.37511471363814,0.0,0.0,20.0,27.0,0.0,100.0,-1.0
2001-08-09 21:30:00,0.0,0.0,0.0,0.0,20.0,27.0,0.0,100.0,3.0
2001-08-09 22:30:00,0.0,0.0,0.0,0.0,20.0,27.0,0.0,100.0,3.0
2001-08-09 23:30:00,0.0,0.0,0.0,0.0,20.0,27.0,0.0,100.0,3.0
2001-08-10 00:30:00,0.0,0.0,0.0,0.0,20.0,27.0,0.0,100.0,3.0
2001-08-10 01:30:00,0.0,0.0,0.0,0.0,20.0,27.0,0.0,100.0,3.0
2001-08-10 02:30:00,0.0,0.0,0.0,0.0,20.0,27.0,0.0,100.0,3.0
2001-08-10 03:30:00,0.0,0.0,0.0,0.0,20.0,27.0,0.0,100.0,3.0
2001-08-10 04:30:00,0.0,0.0,0.0,0.0,20.0,27.0,0.0,100.0,3.0
2001-08-10 05:30:00,0.0,0.0,0.0,0.0,20.0,27.0,0.0,100.0,3.0
2001-08-10 06:30:00,0.0,0.0,0.0,0.0,20.0,27.0,0.0,100.0,3.0
2001-08-10 07:30:00,0.0,0.0,0.0,0.0,20.0,27.0,0.0,100.0,3.0
2001-08-10 08:30:00,0.0,0.0,0.0,0.0,20.0,27.0,0.0,100.0,3.0
2001-08-10 09:30:00,0.0,0.0,0.0,0.0,20.0,27.0,0.0,100.0,3.0
2001-08-10 10:30:00,-394.6401878665192,-394.6401878665192,0.0,0.0,20.0,27.0,0.0,100.0,-1.0
2001-08-10 11:30:00,-1080.389351541754,-1080.389351541754,0.0,0.0,20.0,27.0,0.0,100.0,-1.0
2001-08-10 12:30:00,-1410.0917478177062,-1410.0917478177062,0.0,0.0,20.0,27.0,0.0,100.0,-1.0
2001-08-10 13:30:00,-1644.8710617247207,-1644.8710617247207,0.0,0.0,20.0,27.0,0.0,100.0,-1.0
2001-08-10 14:30:00,-1796.3549126793432,-1796.3549126793432,0.0,0.0,20.0,27.0,0.0,100.0,-1.0
2001-08-10 15:30:00,-1815.1014565456744,-1815.1014565456744,0.0,0.0,20.0,27.0,0.0,100.0,-1.0
2001-08-10 16:30:00,-1722.1217872701845,-1722.1217872701845,0.0,0.0,20.0,27.0,0.0,100.0,-1.0
2001-08-10 17:30:00,-1468.3992749445797,-1468.3992749445797,0.0,0.0,20.0,27.0,0.0,100.0,-1.0
2001-08-10 18:30:00,-1138.4569623427842,-1138.4569623427842,0.0,0.0,20.0,27.0,0.0,100.0,-1.0
2001-08-10 19:30:00,-719.8377185320087,-719.8377185320087,0.0,0.0,20.0,27.0,0.0,100.0,-1.0
2001-08-10 20:30:00,-398.8243757480732,-398.8243757480732,0.0,0.0,20.0,27.0,0.0,100.0,-1.0
2001-08-10 21:30:00,-184.20980953118396,-184.20980953118396,0.0,0.0,20.0,27.0,0.0,100.0,-1.0
2001-08-10 22:30:00,-33.480957250903884,-33.480957250903884,0.0,0.0,20.0,27.0,0.0,100.0,-1.0
2001-08-10 23:30:00,0.0,0.0,0.0,0.0,20.0,27.0,0.0,100.0,3.0
2001-08-11 00:30:00,0.0,0.0,0.0,0.0,20.0,27.0,0.0,100.0,3.0
2001-08-11 01:30:00,0.0,0.0,0.0,0.0,20.0,27.0,0.0,100.0,3.0
2001-08-11 02:30:00,0.0,0.0,0.0,0.0,20.0,27.0,0.0,100.0,3.0
2001-08-11 03:30:00,0.0,0.0,0.0,0.0,20.0,27.0,0.0,100.0,3.0
2001-08-11 04:30:00,0.0,0.0,0.0,0.0,20.0,27.0,0.0,100.0,3.0
2001-08-11 05:30:00,0.0,0.0,0.0,0.0,20.0,27.0,0.0,100.0,3.0
2001-08-11 06:30:00,0.0,0.0,0.0,0.0,20.0,27.0,0.0,100.0,3.0
2001-08-11 07:30:00,0.0,0.0,0.0,0.0,20.0,27.0,0.0,100.0,3.0
2001-08-11 08:30:00,0.0,0.0,0.0,0.0,20.0,27.0,0.0,100.0,3.0
2001-08-11 09:30:00,-332.2093994694269,-332.2093994694269,0.0,0.0,20.0,27.0,0.0,100.0,-1.0
2001-08-11 10:30:00,-970.154351809243,-970.154351809243,0.0,0.0,20.0,27.0,0.0,100.0,-1.0
2001-08-11 11:30:00,-1377.9743185834586,-1377.9743185834586,0.0,0.0,20.0,27.0,0.0,100.0,-1.0
2001-08-11 12:30:00,-1650.3263115677864,-1650.3263115677864,0.0,0.0,20.0,27.0,0.0,100.0,-1.0
2001-08-11 13:30:00,-1840.082040729777,-1840.082040729777,0.0,0.0,20.0,27.0,0.0,100.0,-1.0
2001-08-11 14:30:00,-1929.5587954803568,-1929.5587954803568,0.0,0.0,20.0,27.0,0.0,100.0,-1.0
2001-08-11 15:30:00,-1998.1085949764974,-1998.1085949764974,0.0,0.0,20.0,27.0,0.0,100.0,-1.0
2001-08-11 16:30:00,-1941.1305981125688,-1941.1305981125688,0.0,0.0,20.0,27.0,0.0,100.0,-1.0
2001-08-11 17:30:00,-1716.1669279398438,-1716.1669279398438,0.0,0.0,20.0,27.0,0.0,100.0,-1.0
2001-08-11 18:30:00,-1384.9727207186997,-1384.9727207186997,0.0,0.0,20.0,27.0,0.0,100.0,-1.0
2001-08-11 19:30:00,-965.6407935713205,-965.6407935713205,0.0,0.0,20.0,27.0,0.0,100.0,-1.0
2001-08-11 20:30:00,-641.5786042236641,-641.5786042236641,0.0,0.0,20.0,27.0,0.0,100.0,-1.0
2001-08-11 21:30:00,-422.0998037695781,-422.0998037695781,0.0,0.0,20.0,27.0,0.0,100.0,-1.0
2001-08-11 22:30:00,-264.5328850849519,-264.5328850849519,0.0,0.0,20.0,27.0,0.0,100.0,-1.0
2001-08-11 23:30:00,-135.60166127142384,-135.60166127142384,0.0,0.0,20.0,27.0,0.0,100.0,-1.0
2001-08-12 00:30:00,-18.27025141455124,-18.27025141455124,0.0,0.0,20.0,27.0,0.0,100.0,-1.0
2001-08-12 01:30:00,0.0,0.0,0.0,0.0,20.0,27.0,0.0,100.0,3.0
2001-08-12 02:30:00,0.0,0.0,0.0,0.0,20.0,27.0,0.0,100.0,3.0
2001-08-12 03:30:00,0.0,0.0,0.0,0.0,20.0,27.0,0.0,100.0,3.0
2001-08-12 04:30:00,0.0,0.0,0.0,0.0,20.0,27.0,0.0,100.0,3.0
2001-08-12 05:30:00,0.0,0.0,0.0,0.0,20.0,27.0,0.0,100.0,3.0
2001-08-12 06:30:00,0.0,0.0,0.0,0.0,20.0,27.0,0.0,100.0,3.0
2001-08-12 07:30:00,0.0,0.0,0.0,0.0,20.0,27.0,0.0,100.0,3.0
2001-08-12 08:30:00,-84.90083824360318,-84.90083824360318,0.0,0.0,20.0,27.0,0.0,100.0,-1.0
2001-08-12 09:30:00,-666.2443781919637,-666.2443781919637,0.0,0.0,20.0,27.0,0.0,100.0,-1.0
2001-08-12 10:30:00,-1196.9124539185568,-1196.9124539185568,0.0,0.0,20.0,27.0,0.0,100.0,-1.0
2001-08-12 11:30:00,-1636.1597490314898,-1636.1597490314898,0.0,0.0,20.0,27.0,0.0,100.0,-1.0
2001-08-12 12:30:00,-1958.6252954689326,-1958.6252954689326,0.0,0.0,20.0,27.0,0.0,100.0,-1.0
2001-08-12 13:30:00,-2174.4867417360483,-2174.4867417360483,0.0,0.0,20.0,27.0,0.0,100.0,-1.0
2001-08-12 14:30:00,-2276.4936389874592,-2276.4936389874592,0.0,0.0,20.0,27.0,0.0,100.0,-1.0
2001-08-12 15:30:00,-2221.08800154499,-2221.08800154499,0.0,0.0,20.0,27.0,0.0,100.0,-1.0
2001-08-12 16:30:00,-2075.8544973542294,-2075.8544973542294,0.0,0.0,20.0,27.0,0.0,100.0,-1.0
2001-08-12 17:30:00,-1816.544112692044,-1816.544112692044,0.0,0.0,20.0,27.0,0.0,100.0,-1.0
2001-08-12 18:30:00,-1463.5408057819377,-1463.5408057819377,0.0,0.0,20.0,27.0,0.0,100.0,-1.0
2001-08-12 19:30:00,-1030.8029274709306,-1030.8029274709306,0.0,0.0,20.0,27.0,0.0,100.0,-1.0
2001-08-12 20:30:00,-692.0318063431523,-692.0318063431523,0.0,0.0,20.0,27.0,0.0,100.0,-1.0
2001-08-12 21:30:00,-455.200615079827,-455.200615079827,0.0,0.0,20.0,27.0,0.0,100.0,-1.0
2001-08-12 22:30:00,-275.35146600746066,-275.35146600746066,0.0,0.0,20.0,27.0,0.0,100.0,-1.0
2001-08-12 23:30:00,-121.05177645752883,-121.05177645752883,0.0,0.0,20.0,27.0,0.0,100.0,-1.0
2001-08-13 00:30:00,0.0,0.0,0.0,0.0,20.0,27.0,0.0,100.0,3.0
2001-08-13 01:30:00,0.0,0.0,0.0,0.0,20.0,27.0,0.0,100.0,3.0
2001-08-13 02:30:00,0.0,0.0,0.0,0.0,20.0,27.0,0.0,100.0,3.0
2001-08-13 03:30:00,0.0,0.0,0.0,0.0,20.0,27.0,0.0,100.0,3.0
2001-08-13 04:30:00,0.0,0.0,0.0,0.0,20.0,27.0,0.0,100.0,3.0
2001-08-13 05:30:00,0.0,0.0,0.0,0.0,20.0,27.0,0.0,100.0,3.0
2001-08-13 06:30:00,0.0,0.0,0.0,0.0,20.0,27.0,0.0,100.0,3.0
2001-08-13 07:30:00,0.0,0.0,0.0,0.0,20.0,27.0,0.0,100.0,3.0
2001-08-13 08:30:00,0.0,0.0,0.0,0.0,20.0,27.0,0.0,100.0,3.0
2001-08-13 09:30:00,-235.36799962797886,-235.36799962797886,0.0,0.0,20.0,27.0,0.0,100.0,-1.0
2001-08-13 10:30:00,-887.0702972927384,-887.0702972927384,0.0,0.0,20.0,27.0,0.0,100.0,-1.0
2001-08-13 11:30:00,-1389.0948644364025,-1389.0948644364025,0.0,0.0,20.0,27.0,0.0,100.0,-1.0
2001-08-13 12:30:00,-1724.8771010116134,-1724.8771010116134,0.0,0.0,20.0,27.0,0.0,100.0,-1.0
2001-08-13 13:30:00,-1990.7978031670982,-1990.7978031670982,0.0,0.0,20.0,27.0,0.0,100.0,-1.0
2001-08-13 14:30:00,-2041.483707464563,-2041.483707464563,0.0,0.0,20.0,27.0,0.0,100.0,-1.0
2001-08-13 15:30:00,-2072.83990395861,-2072.83990395861,0.0,0.0,20.0,27.0,0.0,100.0,-1.0
2001-08-13 16:30:00,-1920.5628655596001,-1920.5628655596001,0.0,0.0,20.0,27.0,0.0,100.0,-1.0
2001-08-13 17:30:00,-1655.5129958926618,-1655.5129958926618,0.0,0.0,20.0,27.0,0.0,100.0,-1.0
2001-08-13 18:30:00,-1248.200690673556,-1248.200690673556,0.0,0.0,20.0,27.0,0.0,100.0,-1.0
2001-08-13 19:30:00,-773.1702073922088,-773.1702073922088,0.0,0.0,20.0,27.0,0.0,100.0,-1.0
2001-08-13 20:30:00,-454.8063290035161,-454.8063290035161,0.0,0.0,20.0,27.0,0.0,100.0,-1.0
2001-08-13 21:30:00,-240.74058812400017,-240.74058812400017,0.0,0.0,20.0,27.0,0.0,100.0,-1.0
2001-08-13 22:30:00,-89.6245353038803,-89.6245353038803,0.0,0.0,20.0,27.0,0.0,100.0,-1.0
2001-08-13 23:30:00,0.0,0.0,0.0,0.0,20.0,27.0,0.0,100.0,3.0
2001-08-14 00:30:00,0.0,0.0,0.0,0.0,20.0,27.0,0.0,100.0,3.0
2001-08-14 01:30:00,0.0,0.0,0.0,0.0,20.0,27.0,0.0,100.0,3.0
2001-08-14 02:30:00,0.0,0.0,0.0,0.0,20.0,27.0,0.0,100.0,3.0
2001-08-14 03:30:00,0.0,0.0,0.0,0.0,20.0,27.0,0.0,100.0,3.0
2001-08-14 04:30:00,0.0,0.0,0.0,0.0,20.0,27.0,0.0,100.0,3.0
2001-08-14 05:30:00,0.0,0.0,0.0,0.0,20.0,27.0,0.0,100.0,3.0
2001-08-14 06:30:00,0.0,0.0,0.0,0.0,20.0,27.0,0.0,100.0,3.0
2001-08-14 07:30:00,0.0,0.0,0.0,0.0,20.0,27.0,0.0,100.0,3.0
2001-08-14 08:30:00,0.0,0.0,0.0,0.0,20.0,27.0,0.0,100.0,3.0
2001-08-14 09:30:00,-604.7132603911623,-604.7132603911623,0.0,0.0,20.0,27.0,0.0,100.0,-1.0
2001-08-14 10:30:00,-1155.094014563062,-1155.094014563062,0.0,0.0,20.0,27.0,0.0,100.0,-1.0
2001-08-14 11:30:00,-1604.738196766014,-1604.738196766014,0.0,0.0,20.0,27.0,0.0,100.0,-1.0
2001-08-14 12:30:00,-1950.8820441392536,-1950.8820441392536,0.0,0.0,20.0,27.0,0.0,100.0,-1.0
2001-08-14 13:30:00,-2173.0591999405924,-2173.0591999405924,0.0,0.0,20.0,27.0,0.0,100.0,-1.0
2001-08-14 14:30:00,-2264.6261745666225,-2264.6261745666225,0.0,0.0,20.0,27.0,0.0,100.0,-1.0
2001-08-14 15:30:00,-2221.7314598186867,-2221.7314598186867,0.0,0.0,20.0,27.0,0.0,100.0,-1.0
2001-08-14 16:30:00,-2053.9895820400225,-2053.9895820400225,0.0,0.0,20.0,27.0,0.0,100.0,-1.0
2001-08-14 17:30:00,-1789.2669710007494,-1789.2669710007494,0.0,0.0,20.0,27.0,0.0,100.0,-1.0
2001-08-14 18:30:00,-1435.7700637108892,-1435.7700637108892,0.0,0.0,20.0,27.0,0.0,100.0,-1.0
2001-08-14 19:30:00,-1027.9028764274071,-1027.9028764274071,0.0,0.0,20.0,27.0,0.0,100.0,-1.0
2001-08-14 20:30:00,-686.8160091130312,-686.8160091130312,0.0,0.0,20.0,27.0,0.0,100.0,-1.0
2001-08-14 21:30:00,-449.76826188965333,-449.76826188965333,0.0,0.0,20.0,27.0,0.0,100.0,-1.0
2001-08-14 22:30:00,-267.8161226841139,-267.8161226841139,0.0,0.0,20.0,27.0,0.0,100.0,-1.0
2001-08-14 23:30:00,-117.72647137080912,-117.72647137080912,0.0,0.0,20.0,27.0,0.0,100.0,-1.0
2001-08-15 00:30:00,0.0,0.0,0.0,0.0,20.0,27.0,0.0,100.0,3.0
2001-08-15 01:30:00,0.0,0.0,0.0,0.0,20.0,27.0,0.0,100.0,3.0
2001-08-15 02:30:00,0.0,0.0,0.0,0.0,20.0,27.0,0.0,100.0,3.0
2001-08-15 03:30:00,0.0,0.0,0.0,0.0,20.0,27.0,0.0,100.0,3.0
2001-08-15 04:30:00,0.0,0.0,0.0,0.0,20.0,27.0,0.0,100.0,3.0
2001-08-15 05:30:00,0.0,0.0,0.0,0.0,20.0,27.0,0.0,100.0,3.0
2001-08-15 06:30:00,0.0,0.0,0.0,0.0,20.0,27.0,0.0,100.0,3.0
2001-08-15 07:30:00,0.0,0.0,0.0,0.0,20.0,27.0,0.0,100.0,3.0
2001-08-15 08:30:00,0.0,0.0,0.0,0.0,20.0,27.0,0.0,100.0,3.0
2001-08-15 09:30:00,-295.329027773053,-295.329027773053,0.0,0.0,20.0,27.0,0.0,100.0,-1.0
2001-08-15 10:30:00,-991.9159306322845,-991.9159306322845,0.0,0.0,20.0,27.0,0.0,100.0,-1.0
2001-08-15 11:30:00,-1490.6346053032985,-1490.6346053032985,0.0,0.0,20.0,27.0,0.0,100.0,-1.0
2001-08-15 12:30:00,-1877.4111440868646,-1877.4111440868646,0.0,0.0,20.0,27.0,0.0,100.0,-1.0
2001-08-15 13:30:00,-2114.073992331746,-2114.073992331746,0.0,0.0,20.0,27.0,0.0,100.0,-1.0
2001-08-15 14:30:00,-2192.87965572146,-2192.87965572146,0.0,0.0,20.0,27.0,0.0,100.0,-1.0
2001-08-15 15:30:00,-2139.8682944374495,-2139.8682944374495,0.0,0.0,20.0,27.0,0.0,100.0,-1.0
2001-08-15 16:30:00,-1995.845090738333,-1995.845090738333,0.0,0.0,20.0,27.0,0.0,100.0,-1.0
2001-08-15 17:30:00,-1716.0803209948726,-1716.0803209948726,0.0,0.0,20.0,27.0,0.0,100.0,-1.0
2001-08-15 18:30:00,-1331.0027419092266,-1331.0027419092266,0.0,0.0,20.0,27.0,0.0,100.0,-1.0
2001-08-15 19:30:00,-928.8870664698288,-928.8870664698288,0.0,0.0,20.0,27.0,0.0,100.0,-1.0
2001-08-15 20:30:00,-592.8483010976734,-592.8483010976734,0.0,0.0,20.0,27.0,0.0,100.0,-1.0
2001-08-15 21:30:00,-357.35138849624036,-357.35138849624036,0.0,0.0,20.0,27.0,0.0,100.0,-1.0
2001-08-15 22:30:00,-177.9870505283352,-177.9870505283352,0.0,0.0,20.0,27.0,0.0,100.0,-1.0
2001-08-15 23:30:00,-33.11390649488931,-33.11390649488931,0.0,0.0,20.0,27.0,0.0,100.0,-1.0
2001-08-16 00:30:00,0.0,0.0,0.0,0.0,20.0,27.0,0.0,100.0,3.0
2001-08-16 01:30:00,0.0,0.0,0.0,0.0,20.0,27.0,0.0,100.0,3.0
2001-08-16 02:30:00,0.0,0.0,0.0,0.0,20.0,27.0,0.0,100.0,3.0
2001-08-16 03:30:00,0.0,0.0,0.0,0.0,20.0,27.0,0.0,100.0,3.0
2001-08-16 04:30:00,0.0,0.0,0.0,0.0,20.0,27.0,0.0,100.0,3.0
2001-08-16 05:30:00,0.0,0.0,0.0,0.0,20.0,27.0,0.0,100.0,3.0
2001-08-16 06:30:00,0.0,0.0,0.0,0.0,20.0,27.0,0.0,100.0,3.0
2001-08-16 07:30:00,0.0,0.0,0.0,0.0,20.0,27.0,0.0,100.0,3.0
2001-08-16 08:30:00,0.0,0.0,0.0,0.0,20.0,27.0,0.0,100.0,3.0
2001-08-16 09:30:00,-235.5611230332006,-235.5611230332006,0.0,0.0,20.0,27.0,0.0,100.0,-1.0
2001-08-16 10:30:00,-952.5097958615052,-952.5097958615052,0.0,0.0,20.0,27.0,0.0,100.0,-1.0
2001-08-16 11:30:00,-1485.504361783439,-1485.504361783439,0.0,0.0,20.0,27.0,0.0,100.0,-1.0
2001-08-16 12:30:00,-1864.3183158032853,-1864.3183158032853,0.0,0.0,20.0,27.0,0.0,100.0,-1.0
2001-08-16 13:30:00,-2090.1105037423813,-2090.1105037423813,0.0,0.0,20.0,27.0,0.0,100.0,-1.0
2001-08-16 14:30:00,-2207.3786787566087,-2207.3786787566087,0.0,0.0,20.0,27.0,0.0,100.0,-1.0
2001-08-16 15:30:00,-2104.306768754702,-2104.306768754702,0.0,0.0,20.0,27.0,0.0,100.0,-1.0
2001-08-16 16:30:00,-1941.587496597599,-1941.587496597599,0.0,0.0,20.0,27.0,0.0,100.0,-1.0
2001-08-16 17:30:00,-1683.3851579841657,-1683.3851579841657,0.0,0.0,20.0,27.0,0.0,100.0,-1.0
2001-08-16 18:30:00,-1281.3113050103266,-1281.3113050103266,0.0,0.0,20.0,27.0,0.0,100.0,-1.0
2001-08-16 19:30:00,-839.942816093745,-839.942816093745,0.0,0.0,20.0,27.0,0.0,100.0,-1.0
2001-08-16 20:30:00,-520.0770251062504,-520.0770251062504,0.0,0.0,20.0,27.0,0.0,100.0,-1.0
2001-08-16 21:30:00,-310.86169725967284,-310.86169725967284,0.0,0.0,20.0,27.0,0.0,100.0,-1.0
2001-08-16 22:30:00,-166.35657667692703,-166.35657667692703,0.0,0.0,20.0,27.0,0.0,100.0,-1.0
2001-08-16 23:30:00,-52.277130031358865,-52.277130031358865,0.0,0.0,20.0,27.0,0.0,100.0,-1.0
2001-08-17 00:30:00,0.0,0.0,0.0,0.0,20.0,27.0,0.0,100.0,3.0
2001-08-17 01:30:00,0.0,0.0,0.0,0.0,20.0,27.0,0.0,100.0,3.0
2001-08-17 02:30:00,0.0,0.0,0.0,0.0,20.0,27.0,0.0,100.0,3.0
2001-08-17 03:30:00,0.0,0.0,0.0,0.0,20.0,27.0,0.0,100.0,3.0
2001-08-17 04:30:00,0.0,0.0,0.0,0.0,20.0,27.0,0.0,100.0,3.0
2001-08-17 05:30:00,0.0,0.0,0.0,0.0,20.0,27.0,0.0,100.0,3.0
2001-08-17 06:30:00,0.0,0.0,0.0,0.0,20.0,27.0,0.0,100.0,3.0
2001-08-17 07:30:00,0.0,0.0,0.0,0.0,20.0,27.0,0.0,100.0,3.0
2001-08-17 08:30:00,-97.31365441394428,-97.31365441394428,0.0,0.0,20.0,27.0,0.0,100.0,-1.0
2001-08-17 09:30:00,-711.1222635195327,-711.1222635195327,0.0,0.0,20.0,27.0,0.0,100.0,-1.0
2001-08-17 10:30:00,-1276.7995141648016,-1276.7995141648016,0.0,0.0,20.0,27.0,0.0,100.0,-1.0
2001-08-17 11:30:00,-1725.7802896190287,-1725.7802896190287,0.0,0.0,20.0,27.0,0.0,100.0,-1.0
2001-08-17 12:30:00,-2139.087276453064,-2139.087276453064,0.0,0.0,20.0,27.0,0.0,100.0,-1.0
2001-08-17 13:30:00,-2394.824077111546,-2394.824077111546,0.0,0.0,20.0,27.0,0.0,100.0,-1.0
2001-08-17 14:30:00,-2461.3613854352107,-2461.3613854352107,0.0,0.0,20.0,27.0,0.0,100.0,-1.0
2001-08-17 15:30:00,-2427.0722519609126,-2427.0722519609126,0.0,0.0,20.0,27.0,0.0,100.0,-1.0
2001-08-17 16:30:00,-2255.760269999205,-2255.760269999205,0.0,0.0,20.0,27.0,0.0,100.0,-1.0
2001-08-17 17:30:00,-1987.6452096141065,-1987.6452096141065,0.0,0.0,20.0,27.0,0.0,100.0,-1.0
2001-08-17 18:30:00,-1589.707334488231,-1589.707334488231,0.0,0.0,20.0,27.0,0.0,100.0,-1.0
2001-08-17 19:30:00,-1161.2095880220104,-1161.2095880220104,0.0,0.0,20.0,27.0,0.0,100.0,-1.0
2001-08-17 20:30:00,-824.3253543067995,-824.3253543067995,0.0,0.0,20.0,27.0,0.0,100.0,-1.0
2001-08-17 21:30:00,-593.5431894883159,-593.5431894883159,0.0,0.0,20.0,27.0,0.0,100.0,-1.0
2001-08-17 22:30:00,-418.9480941022257,-418.9480941022257,0.0,0.0,20.0,27.0,0.0,100.0,-1.0
2001-08-17 23:30:00,-281.7789873665224,-281.7789873665224,0.0,0.0,20.0,27.0,0.0,100.0,-1.0
2001-08-18 00:30:00,-164.71487900436568,-164.71487900436568,0.0,0.0,20.0,27.0,0.0,100.0,-1.0
2001-08-18 01:30:00,-63.980854404994716,-63.980854404994716,0.0,0.0,20.0,27.0,0.0,100.0,-1.0
2001-08-18 02:30:00,0.0,0.0,0.0,0.0,20.0,27.0,0.0,100.0,3.0
2001-08-18 03:30:00,0.0,0.0,0.0,0.0,20.0,27.0,0.0,100.0,3.0
2001-08-18 04:30:00,0.0,0.0,0.0,0.0,20.0,27.0,0.0,100.0,3.0
2001-08-18 05:30:00,0.0,0.0,0.0,0.0,20.0,27.0,0.0,100.0,3.0
2001-08-18 06:30:00,0.0,0.0,0.0,0.0,20.0,27.0,0.0,100.0,3.0
2001-08-18 07:30:00,0.0,0.0,0.0,0.0,20.0,27.0,0.0,100.0,3.0
2001-08-18 08:30:00,-288.16722074657173,-288.16722074657173,0.0,0.0,20.0,27.0,0.0,100.0,-1.0
2001-08-18 09:30:00,-836.8148535235459,-836.8148535235459,0.0,0.0,20.0,27.0,0.0,100.0,-1.0
2001-08-18 10:30:00,-1310.534507289255,-1310.534507289255,0.0,0.0,20.0,27.0,0.0,100.0,-1.0
2001-08-18 11:30:00,-1702.8987426282356,-1702.8987426282356,0.0,0.0,20.0,27.0,0.0,100.0,-1.0
2001-08-18 12:30:00,-2039.4310148991526,-2039.4310148991526,0.0,0.0,20.0,27.0,0.0,100.0,-1.0
2001-08-18 13:30:00,-2258.5054421278883,-2258.5054421278883,0.0,0.0,20.0,27.0,0.0,100.0,-1.0
2001-08-18 14:30:00,-2346.183176300002,-2346.183176300002,0.0,0.0,20.0,27.0,0.0,100.0,-1.0
2001-08-18 15:30:00,-2317.8608898317025,-2317.8608898317025,0.0,0.0,20.0,27.0,0.0,100.0,-1.0
2001-08-18 16:30:00,-2198.7479791772994,-2198.7479791772994,0.0,0.0,20.0,27.0,0.0,100.0,-1.0
2001-08-18 17:30:00,-1991.3173272760387,-1991.3173272760387,0.0,0.0,20.0,27.0,0.0,100.0,-1.0
2001-08-18 18:30:00,-1614.799768961514,-1614.799768961514,0.0,0.0,20.0,27.0,0.0,100.0,-1.0
2001-08-18 19:30:00,-1179.96010574113,-1179.96010574113,0.0,0.0,20.0,27.0,0.0,100.0,-1.0
2001-08-18 20:30:00,-845.0323079094751,-845.0323079094751,0.0,0.0,20.0,27.0,0.0,100.0,-1.0
2001-08-18 21:30:00,-616.6732763701248,-616.6732763701248,0.0,0.0,20.0,27.0,0.0,100.0,-1.0
2001-08-18 22:30:00,-443.5088599100809,-443.5088599100809,0.0,0.0,20.0,27.0,0.0,100.0,-1.0
2001-08-18 23:30:00,-307.15962835280516,-307.15962835280516,0.0,0.0,20.0,27.0,0.0,100.0,-1.0
2001-08-19 00:30:00,-190.80486716439918,-190.80486716439918,0.0,0.0,20.0,27.0,0.0,100.0,-1.0
2001-08-19 01:30:00,-95.84002777275236,-95.84002777275236,0.0,0.0,20.0,27.0,0.0,100.0,-1.0
2001-08-19 02:30:00,-10.64013469821839,-10.64013469821839,0.0,0.0,20.0,27.0,0.0,100.0,-1.0
2001-08-19 03:30:00,0.0,0.0,0.0,0.0,20.0,27.0,0.0,100.0,3.0
2001-08-19 04:30:00,0.0,0.0,0.0,0.0,20.0,27.0,0.0,100.0,3.0
2001-08-19 05:30:00,0.0,0.0,0.0,0.0,20.0,27.0,0.0,100.0,3.0
2001-08-19 06:30:00,0.0,0.0,0.0,0.0,20.0,27.0,0.0,100.0,3.0
2001-08-19 07:30:00,0.0,0.0,0.0,0.0,20.0,27.0,0.0,100.0,3.0
2001-08-19 08:30:00,-446.5591322700011,-446.5591322700011,0.0,0.0,20.0,27.0,0.0,100.0,-1.0
2001-08-19 09:30:00,-946.8297376484488,-946.8297376484488,0.0,0.0,20.0,27.0,0.0,100.0,-1.0
2001-08-19 10:30:00,-1422.1652732214325,-1422.1652732214325,0.0,0.0,20.0,27.0,0.0,100.0,-1.0
2001-08-19 11:30:00,-1839.6036703695763,-1839.6036703695763,0.0,0.0,20.0,27.0,0.0,100.0,-1.0
2001-08-19 12:30:00,-2298.1229397497546,-2298.1229397497546,0.0,0.0,20.0,27.0,0.0,100.0,-1.0
2001-08-19 13:30:00,-2585.599276999178,-2585.599276999178,0.0,0.0,20.0,27.0,0.0,100.0,-1.0
2001-08-19 14:30:00,-2665.1171513189483,-2665.1171513189483,0.0,0.0,20.0,27.0,0.0,100.0,-1.0
2001-08-19 15:30:00,-2569.9345771066464,-2569.9345771066464,0.0,0.0,20.0,27.0,0.0,100.0,-1.0
2001-08-19 16:30:00,-2407.0135767380734,-2407.0135767380734,0.0,0.0,20.0,27.0,0.0,100.0,-1.0
2001-08-19 17:30:00,-2110.63206711753,-2110.63206711753,0.0,0.0,20.0,27.0,0.0,100.0,-1.0
2001-08-19 18:30:00,-1695.2123558074027,-1695.2123558074027,0.0,0.0,20.0,27.0,0.0,100.0,-1.0
2001-08-19 19:30:00,-1250.2947191423764,-1250.2947191423764,0.0,0.0,20.0,27.0,0.0,100.0,-1.0
2001-08-19 20:30:00,-901.9778671857339,-901.9778671857339,0.0,0.0,20.0,27.0,0.0,100.0,-1.0
2001-08-19 21:30:00,-657.6120424371411,-657.6120424371411,0.0,0.0,20.0,27.0,0.0,100.0,-1.0
2001-08-19 22:30:00,-472.25863170440334,-472.25863170440334,0.0,0.0,20.0,27.0,0.0,100.0,-1.0
2001-08-19 23:30:00,-320.1216364093734,-320.1216364093734,0.0,0.0,20.0,27.0,0.0,100.0,-1.0
2001-08-20 00:30:00,-191.96591785574583,-191.96591785574583,0.0,0.0,20.0,27.0,0.0,100.0,-1.0
2001-08-20 01:30:00,-81.0325113983663,-81.0325113983663,0.0,0.0,20.0,27.0,0.0,100.0,-1.0
2001-08-20 02:30:00,0.0,0.0,0.0,0.0,20.0,27.0,0.0,100.0,3.0
2001-08-20 03:30:00,0.0,0.0,0.0,0.0,20.0,27.0,0.0,100.0,3.0
2001-08-20 04:30:00,0.0,0.0,0.0,0.0,20.0,27.0,0.0,100.0,3.0
2001-08-20 05:30:00,0.0,0.0,0.0,0.0,20.0,27.0,0.0,100.0,3.0
2001-08-20 06:30:00,0.0,0.0,0.0,0.0,20.0,27.0,0.0,100.0,3.0
2001-08-20 07:30:00,0.0,0.0,0.0,0.0,20.0,27.0,0.0,100.0,3.0
2001-08-20 08:30:00,-215.79788313822155,-215.79788313822155,0.0,0.0,20.0,27.0,0.0,100.0,-1.0
2001-08-20 09:30:00,-796.4581891955522,-796.4581891955522,0.0,0.0,20.0,27.0,0.0,100.0,-1.0
2001-08-20 10:30:00,-1300.5265545170578,-1300.5265545170578,0.0,0.0,20.0,27.0,0.0,100.0,-1.0
2001-08-20 11:30:00,-1722.6622841367853,-1722.6622841367853,0.0,0.0,20.0,27.0,0.0,100.0,-1.0
2001-08-20 12:30:00,-2067.0208302890887,-2067.0208302890887,0.0,0.0,20.0,27.0,0.0,100.0,-1.0
2001-08-20 13:30:00,-2344.2311546133906,-2344.2311546133906,0.0,0.0,20.0,27.0,0.0,100.0,-1.0
2001-08-20 14:30:00,-2416.826107943568,-2416.826107943568,0.0,0.0,20.0,27.0,0.0,100.0,-1.0
2001-08-20 15:30:00,-2353.428121180722,-2353.428121180722,0.0,0.0,20.0,27.0,0.0,100.0,-1.0
2001-08-20 16:30:00,-2193.6751129408212,-2193.6751129408212,0.0,0.0,20.0,27.0,0.0,100.0,-1.0
2001-08-20 17:30:00,-1945.5587303799193,-1945.5587303799193,0.0,0.0,20.0,27.0,0.0,100.0,-1.0
2001-08-20 18:30:00,-1554.7612207094217,-1554.7612207094217,0.0,0.0,20.0,27.0,0.0,100.0,-1.0
2001-08-20 19:30:00,-1143.8597242456535,-1143.8597242456535,0.0,0.0,20.0,27.0,0.0,100.0,-1.0
2001-08-20 20:30:00,-806.4828712651497,-806.4828712651497,0.0,0.0,20.0,27.0,0.0,100.0,-1.0
2001-08-20 21:30:00,-575.1450449218273,-575.1450449218273,0.0,0.0,20.0,27.0,0.0,100.0,-1.0
2001-08-20 22:30:00,-392.55402099927505,-392.55402099927505,0.0,0.0,20.0,27.0,0.0,100.0,-1.0
2001-08-20 23:30:00,-246.5427527736456,-246.5427527736456,0.0,0.0,20.0,27.0,0.0,100.0,-1.0
2001-08-21 00:30:00,-112.22220354509773,-112.22220354509773,0.0,0.0,20.0,27.0,0.0,100.0,-1.0
2001-08-21 01:30:00,-3.431313016032618,-3.431313016032618,0.0,0.0,20.0,27.0,0.0,100.0,-1.0
2001-08-21 02:30:00,0.0,0.0,0.0,0.0,20.0,27.0,0.0,100.0,3.0
2001-08-21 03:30:00,0.0,0.0,0.0,0.0,20.0,27.0,0.0,100.0,3.0
2001-08-21 04:30:00,0.0,0.0,0.0,0.0,20.0,27.0,0.0,100.0,3.0
2001-08-21 05:30:00,0.0,0.0,0.0,0.0,20.0,27.0,0.0,100.0,3.0
2001-08-21 06:30:00,0.0,0.0,0.0,0.0,20.0,27.0,0.0,100.0,3.0
2001-08-21 07:30:00,0.0,0.0,0.0,0.0,20.0,27.0,0.0,100.0,3.0
2001-08-21 08:30:00,0.0,0.0,0.0,0.0,20.0,27.0,0.0,100.0,3.0
2001-08-21 09:30:00,-504.9889428512479,-504.9889428512479,0.0,0.0,20.0,27.0,0.0,100.0,-1.0
2001-08-21 10:30:00,-1041.4587043332258,-1041.4587043332258,0.0,0.0,20.0,27.0,0.0,100.0,-1.0
2001-08-21 11:30:00,-1505.504805913938,-1505.504805913938,0.0,0.0,20.0,27.0,0.0,100.0,-1.0
2001-08-21 12:30:00,-1875.1336338803349,-1875.1336338803349,0.0,0.0,20.0,27.0,0.0,100.0,-1.0
2001-08-21 13:30:00,-2044.6658015903186,-2044.6658015903186,0.0,0.0,20.0,27.0,0.0,100.0,-1.0
2001-08-21 14:30:00,-2151.468623616015,-2151.468623616015,0.0,0.0,20.0,27.0,0.0,100.0,-1.0
2001-08-21 15:30:00,-2146.8256804897565,-2146.8256804897565,0.0,0.0,20.0,27.0,0.0,100.0,-1.0
2001-08-21 16:30:00,-1944.5997813996373,-1944.5997813996373,0.0,0.0,20.0,27.0,0.0,100.0,-1.0
2001-08-21 17:30:00,-1630.3552612356734,-1630.3552612356734,0.0,0.0,20.0,27.0,0.0,100.0,-1.0
2001-08-21 18:30:00,-1234.775758864148,-1234.775758864148,0.0,0.0,20.0,27.0,0.0,100.0,-1.0
2001-08-21 19:30:00,-823.3036961028711,-823.3036961028711,0.0,0.0,20.0,27.0,0.0,100.0,-1.0
2001-08-21 20:30:00,-488.21849807200215,-488.21849807200215,0.0,0.0,20.0,27.0,0.0,100.0,-1.0
2001-08-21 21:30:00,-250.17652871746486,-250.17652871746486,0.0,0.0,20.0,27.0,0.0,100.0,-1.0
2001-08-21 22:30:00,-69.2777834149274,-69.2777834149274,0.0,0.0,20.0,27.0,0.0,100.0,-1.0
2001-08-21 23:30:00,0.0,0.0,0.0,0.0,20.0,27.0,0.0,100.0,3.0
2001-08-22 00:30:00,0.0,0.0,0.0,0.0,20.0,27.0,0.0,100.0,3.0
2001-08-22 01:30:00,0.0,0.0,0.0,0.0,20.0,27.0,0.0,100.0,3.0
2001-08-22 02:30:00,0.0,0.0,0.0,0.0,20.0,27.0,0.0,100.0,3.0
2001-08-22 03:30:00,0.0,0.0,0.0,0.0,20.0,27.0,0.0,100.0,3.0
2001-08-22 04:30:00,0.0,0.0,0.0,0.0,20.0,27.0,0.0,100.0,3.0
2001-08-22 05:30:00,0.0,0.0,0.0,0.0,20.0,27.0,0.0,100.0,3.0
2001-08-22 06:30:00,0.0,0.0,0.0,0.0,20.0,27.0,0.0,100.0,3.0
2001-08-22 07:30:00,0.0,0.0,0.0,0.0,20.0,27.0,0.0,100.0,3.0
2001-08-22 08:30:00,0.0,0.0,0.0,0.0,20.0,27.0,0.0,100.0,3.0
2001-08-22 09:30:00,0.0,0.0,0.0,0.0,20.0,27.0,0.0,100.0,3.0
2001-08-22 10:30:00,-157.40880810754152,-157.40880810754152,0.0,0.0,20.0,27.0,0.0,100.0,-1.0
2001-08-22 11:30:00,-884.0389258046516,-884.0389258046516,0.0,0.0,20.0,27.0,0.0,100.0,-1.0
2001-08-22 12:30:00,-1363.7451620863694,-1363.7451620863694,0.0,0.0,20.0,27.0,0.0,100.0,-1.0
2001-08-22 13:30:00,-1711.7305679906267,-1711.7305679906267,0.0,0.0,20.0,27.0,0.0,100.0,-1.0
2001-08-22 14:30:00,-1854.6473802853134,-1854.6473802853134,0.0,0.0,20.0,27.0,0.0,100.0,-1.0
2001-08-22 15:30:00,-1891.1690183450382,-1891.1690183450382,0.0,0.0,20.0,27.0,0.0,100.0,-1.0
2001-08-22 16:30:00,-1731.8514572080558,-1731.8514572080558,0.0,0.0,20.0,27.0,0.0,100.0,-1.0
2001-08-22 17:30:00,-1391.2167283822082,-1391.2167283822082,0.0,0.0,20.0,27.0,0.0,100.0,-1.0
2001-08-22 18:30:00,-969.925172708322,-969.925172708322,0.0,0.0,20.0,27.0,0.0,100.0,-1.0
2001-08-22 19:30:00,-517.3806823815275,-517.3806823815275,0.0,0.0,20.0,27.0,0.0,100.0,-1.0
2001-08-22 20:30:00,-212.7586884743041,-212.7586884743041,0.0,0.0,20.0,27.0,0.0,100.0,-1.0
2001-08-22 21:30:00,-3.237835760089183,-3.237835760089183,0.0,0.0,20.0,27.0,0.0,100.0,-1.0
2001-08-22 22:30:00,0.0,0.0,0.0,0.0,20.0,27.0,0.0,100.0,3.0
2001-08-22 23:30:00,0.0,0.0,0.0,0.0,20.0,27.0,0.0,100.0,3.0
2001-08-23 00:30:00,0.0,0.0,0.0,0.0,20.0,27.0,0.0,100.0,3.0
2001-08-23 01:30:00,0.0,0.0,0.0,0.0,20.0,27.0,0.0,100.0,3.0
2001-08-23 02:30:00,0.0,0.0,0.0,0.0,20.0,27.0,0.0,100.0,3.0
2001-08-23 03:30:00,0.0,0.0,0.0,0.0,20.0,27.0,0.0,100.0,3.0
2001-08-23 04:30:00,0.0,0.0,0.0,0.0,20.0,27.0,0.0,100.0,3.0
2001-08-23 05:30:00,0.0,0.0,0.0,0.0,20.0,27.0,0.0,100.0,3.0
2001-08-23 06:30:00,0.0,0.0,0.0,0.0,20.0,27.0,0.0,100.0,3.0
2001-08-23 07:30:00,0.0,0.0,0.0,0.0,20.0,27.0,0.0,100.0,3.0
2001-08-23 08:30:00,0.0,0.0,0.0,0.0,20.0,27.0,0.0,100.0,3.0
2001-08-23 09:30:00,0.0,0.0,0.0,0.0,20.0,27.0,0.0,100.0,3.0
2001-08-23 10:30:00,-401.07571014918994,-401.07571014918994,0.0,0.0,20.0,27.0,0.0,100.0,-1.0
2001-08-23 11:30:00,-1155.3598698588494,-1155.3598698588494,0.0,0.0,20.0,27.0,0.0,100.0,-1.0
2001-08-23 12:30:00,-1677.7475339006241,-1677.7475339006241,0.0,0.0,20.0,27.0,0.0,100.0,-1.0
2001-08-23 13:30:00,-1992.377511509735,-1992.377511509735,0.0,0.0,20.0,27.0,0.0,100.0,-1.0
2001-08-23 14:30:00,-2073.028926427917,-2073.028926427917,0.0,0.0,20.0,27.0,0.0,100.0,-1.0
2001-08-23 15:30:00,-2027.690187875699,-2027.690187875699,0.0,0.0,20.0,27.0,0.0,100.0,-1.0
2001-08-23 16:30:00,-1822.0077720988875,-1822.0077720988875,0.0,0.0,20.0,27.0,0.0,100.0,-1.0
2001-08-23 17:30:00,-1509.6441879767144,-1509.6441879767144,0.0,0.0,20.0,27.0,0.0,100.0,-1.0
2001-08-23 18:30:00,-1068.2809394722162,-1068.2809394722162,0.0,0.0,20.0,27.0,0.0,100.0,-1.0
2001-08-23 19:30:00,-619.3545054222623,-619.3545054222623,0.0,0.0,20.0,27.0,0.0,100.0,-1.0
2001-08-23 20:30:00,-296.85105822181777,-296.85105822181777,0.0,0.0,20.0,27.0,0.0,100.0,-1.0
2001-08-23 21:30:00,-81.4199057335718,-81.4199057335718,0.0,0.0,20.0,27.0,0.0,100.0,-1.0
2001-08-23 22:30:00,0.0,0.0,0.0,0.0,20.0,27.0,0.0,100.0,3.0
2001-08-23 23:30:00,0.0,0.0,0.0,0.0,20.0,27.0,0.0,100.0,3.0
2001-08-24 00:30:00,0.0,0.0,0.0,0.0,20.0,27.0,0.0,100.0,3.0
2001-08-24 01:30:00,0.0,0.0,0.0,0.0,20.0,27.0,0.0,100.0,3.0
2001-08-24 02:30:00,0.0,0.0,0.0,0.0,20.0,27.0,0.0,100.0,3.0
2001-08-24 03:30:00,0.0,0.0,0.0,0.0,20.0,27.0,0.0,100.0,3.0
2001-08-24 04:30:00,0.0,0.0,0.0,0.0,20.0,27.0,0.0,100.0,3.0
2001-08-24 05:30:00,0.0,0.0,0.0,0.0,20.0,27.0,0.0,100.0,3.0
2001-08-24 06:30:00,0.0,0.0,0.0,0.0,20.0,27.0,0.0,100.0,3.0
2001-08-24 07:30:00,0.0,0.0,0.0,0.0,20.0,27.0,0.0,100.0,3.0
2001-08-24 08:30:00,0.0,0.0,0.0,0.0,20.0,27.0,0.0,100.0,3.0
2001-08-24 09:30:00,0.0,0.0,0.0,0.0,20.0,27.0,0.0,100.0,3.0
2001-08-24 10:30:00,-560.968191517929,-560.968191517929,0.0,0.0,20.0,27.0,0.0,100.0,-1.0
2001-08-24 11:30:00,-1210.3446644532405,-1210.3446644532405,0.0,0.0,20.0,27.0,0.0,100.0,-1.0
2001-08-24 12:30:00,-1719.5901162270793,-1719.5901162270793,0.0,0.0,20.0,27.0,0.0,100.0,-1.0
2001-08-24 13:30:00,-2014.5937015462741,-2014.5937015462741,0.0,0.0,20.0,27.0,0.0,100.0,-1.0
2001-08-24 14:30:00,-2113.8930996747085,-2113.8930996747085,0.0,0.0,20.0,27.0,0.0,100.0,-1.0
2001-08-24 15:30:00,-2067.728770051438,-2067.728770051438,0.0,0.0,20.0,27.0,0.0,100.0,-1.0
2001-08-24 16:30:00,-1909.6768151013066,-1909.6768151013066,0.0,0.0,20.0,27.0,0.0,100.0,-1.0
2001-08-24 17:30:00,-1631.6940143784077,-1631.6940143784077,0.0,0.0,20.0,27.0,0.0,100.0,-1.0
2001-08-24 18:30:00,-1152.844370517546,-1152.844370517546,0.0,0.0,20.0,27.0,0.0,100.0,-1.0
2001-08-24 19:30:00,-718.0925258811012,-718.0925258811012,0.0,0.0,20.0,27.0,0.0,100.0,-1.0
2001-08-24 20:30:00,-422.4546379366029,-422.4546379366029,0.0,0.0,20.0,27.0,0.0,100.0,-1.0
2001-08-24 21:30:00,-231.93593493322714,-231.93593493322714,0.0,0.0,20.0,27.0,0.0,100.0,-1.0
2001-08-24 22:30:00,-100.89684536531149,-100.89684536531149,0.0,0.0,20.0,27.0,0.0,100.0,-1.0
2001-08-24 23:30:00,0.0,0.0,0.0,0.0,20.0,27.0,0.0,100.0,3.0
2001-08-25 00:30:00,0.0,0.0,0.0,0.0,20.0,27.0,0.0,100.0,3.0
2001-08-25 01:30:00,0.0,0.0,0.0,0.0,20.0,27.0,0.0,100.0,3.0
2001-08-25 02:30:00,0.0,0.0,0.0,0.0,20.0,27.0,0.0,100.0,3.0
2001-08-25 03:30:00,0.0,0.0,0.0,0.0,20.0,27.0,0.0,100.0,3.0
2001-08-25 04:30:00,0.0,0.0,0.0,0.0,20.0,27.0,0.0,100.0,3.0
2001-08-25 05:30:00,0.0,0.0,0.0,0.0,20.0,27.0,0.0,100.0,3.0
2001-08-25 06:30:00,0.0,0.0,0.0,0.0,20.0,27.0,0.0,100.0,3.0
2001-08-25 07:30:00,0.0,0.0,0.0,0.0,20.0,27.0,0.0,100.0,3.0
2001-08-25 08:30:00,-59.00208080234552,-59.00208080234552,0.0,0.0,20.0,27.0,0.0,100.0,-1.0
2001-08-25 09:30:00,-692.8769276238008,-692.8769276238008,0.0,0.0,20.0,27.0,0.0,100.0,-1.0
2001-08-25 10:30:00,-1256.7556808992913,-1256.7556808992913,0.0,0.0,20.0,27.0,0.0,100.0,-1.0
2001-08-25 11:30:00,-1779.3826716189424,-1779.3826716189424,0.0,0.0,20.0,27.0,0.0,100.0,-1.0
2001-08-25 12:30:00,-2230.066684201959,-2230.066684201959,0.0,0.0,20.0,27.0,0.0,100.0,-1.0
2001-08-25 13:30:00,-2473.2197964397483,-2473.2197964397483,0.0,0.0,20.0,27.0,0.0,100.0,-1.0
2001-08-25 14:30:00,-2551.487933729598,-2551.487933729598,0.0,0.0,20.0,27.0,0.0,100.0,-1.0
2001-08-25 15:30:00,-2499.5869390168164,-2499.5869390168164,0.0,0.0,20.0,27.0,0.0,100.0,-1.0
2001-08-25 16:30:00,-2332.90875457116,-2332.90875457116,0.0,0.0,20.0,27.0,0.0,100.0,-1.0
2001-08-25 17:30:00,-1989.2621214645833,-1989.2621214645833,0.0,0.0,20.0,27.0,0.0,100.0,-1.0
2001-08-25 18:30:00,-1570.391199449724,-1570.391199449724,0.0,0.0,20.0,27.0,0.0,100.0,-1.0
2001-08-25 19:30:00,-1119.9414653422746,-1119.9414653422746,0.0,0.0,20.0,27.0,0.0,100.0,-1.0
2001-08-25 20:30:00,-778.9846367236942,-778.9846367236942,0.0,0.0,20.0,27.0,0.0,100.0,-1.0
2001-08-25 21:30:00,-535.6940885503818,-535.6940885503818,0.0,0.0,20.0,27.0,0.0,100.0,-1.0
2001-08-25 22:30:00,-344.1958697837881,-344.1958697837881,0.0,0.0,20.0,27.0,0.0,100.0,-1.0
2001-08-25 23:30:00,-188.6360741548615,-188.6360741548615,0.0,0.0,20.0,27.0,0.0,100.0,-1.0
2001-08-26 00:30:00,-47.508988353136374,-47.508988353136374,0.0,0.0,20.0,27.0,0.0,100.0,-1.0
2001-08-26 01:30:00,0.0,0.0,0.0,0.0,20.0,27.0,0.0,100.0,3.0
2001-08-26 02:30:00,0.0,0.0,0.0,0.0,20.0,27.0,0.0,100.0,3.0
2001-08-26 03:30:00,0.0,0.0,0.0,0.0,20.0,27.0,0.0,100.0,3.0
2001-08-26 04:30:00,0.0,0.0,0.0,0.0,20.0,27.0,0.0,100.0,3.0
2001-08-26 05:30:00,0.0,0.0,0.0,0.0,20.0,27.0,0.0,100.0,3.0
2001-08-26 06:30:00,0.0,0.0,0.0,0.0,20.0,27.0,0.0,100.0,3.0
2001-08-26 07:30:00,0.0,0.0,0.0,0.0,20.0,27.0,0.0,100.0,3.0
2001-08-26 08:30:00,0.0,0.0,0.0,0.0,20.0,27.0,0.0,100.0,3.0
2001-08-26 09:30:00,-9.177031058548891,-9.177031058548891,0.0,0.0,20.0,27.0,0.0,100.0,-1.0
2001-08-26 10:30:00,-763.2775513270526,-763.2775513270526,0.0,0.0,20.0,27.0,0.0,100.0,-1.0
2001-08-26 11:30:00,-1351.1863079764726,-1351.1863079764726,0.0,0.0,20.0,27.0,0.0,100.0,-1.0
2001-08-26 12:30:00,-1837.5418190809442,-1837.5418190809442,0.0,0.0,20.0,27.0,0.0,100.0,-1.0
2001-08-26 13:30:00,-2123.5533061417345,-2123.5533061417345,0.0,0.0,20.0,27.0,0.0,100.0,-1.0
2001-08-26 14:30:00,-2219.0132334113123,-2219.0132334113123,0.0,0.0,20.0,27.0,0.0,100.0,-1.0
2001-08-26 15:30:00,-2220.135939722385,-2220.135939722385,0.0,0.0,20.0,27.0,0.0,100.0,-1.0
2001-08-26 16:30:00,-2030.874077524667,-2030.874077524667,0.0,0.0,20.0,27.0,0.0,100.0,-1.0
2001-08-26 17:30:00,-1668.2785530606334,-1668.2785530606334,0.0,0.0,20.0,27.0,0.0,100.0,-1.0
2001-08-26 18:30:00,-1176.2404825208623,-1176.2404825208623,0.0,0.0,20.0,27.0,0.0,100.0,-1.0
2001-08-26 19:30:00,-691.944833374383,-691.944833374383,0.0,0.0,20.0,27.0,0.0,100.0,-1.0
2001-08-26 20:30:00,-388.53819077680146,-388.53819077680146,0.0,0.0,20.0,27.0,0.0,100.0,-1.0
2001-08-26 21:30:00,-195.12790753059653,-195.12790753059653,0.0,0.0,20.0,27.0,0.0,100.0,-1.0
2001-08-26 22:30:00,-56.81733692334092,-56.81733692334092,0.0,0.0,20.0,27.0,0.0,100.0,-1.0
2001-08-26 23:30:00,0.0,0.0,0.0,0.0,20.0,27.0,0.0,100.0,3.0
2001-08-27 00:30:00,0.0,0.0,0.0,0.0,20.0,27.0,0.0,100.0,3.0
2001-08-27 01:30:00,0.0,0.0,0.0,0.0,20.0,27.0,0.0,100.0,3.0
2001-08-27 02:30:00,0.0,0.0,0.0,0.0,20.0,27.0,0.0,100.0,3.0
2001-08-27 03:30:00,0.0,0.0,0.0,0.0,20.0,27.0,0.0,100.0,3.0
2001-08-27 04:30:00,0.0,0.0,0.0,0.0,20.0,27.0,0.0,100.0,3.0
2001-08-27 05:30:00,0.0,0.0,0.0,0.0,20.0,27.0,0.0,100.0,3.0
2001-08-27 06:30:00,0.0,0.0,0.0,0.0,20.0,27.0,0.0,100.0,3.0
2001-08-27 07:30:00,0.0,0.0,0.0,0.0,20.0,27.0,0.0,100.0,3.0
2001-08-27 08:30:00,-139.92854944004375,-139.92854944004375,0.0,0.0,20.0,27.0,0.0,100.0,-1.0
2001-08-27 09:30:00,-816.3434712908829,-816.3434712908829,0.0,0.0,20.0,27.0,0.0,100.0,-1.0
2001-08-27 10:30:00,-1330.0639062273412,-1330.0639062273412,0.0,0.0,20.0,27.0,0.0,100.0,-1.0
2001-08-27 11:30:00,-1840.262661278598,-1840.262661278598,0.0,0.0,20.0,27.0,0.0,100.0,-1.0
2001-08-27 12:30:00,-2207.483311333038,-2207.483311333038,0.0,0.0,20.0,27.0,0.0,100.0,-1.0
2001-08-27 13:30:00,-2483.0866865608123,-2483.0866865608123,0.0,0.0,20.0,27.0,0.0,100.0,-1.0
2001-08-27 14:30:00,-2525.896600373583,-2525.896600373583,0.0,0.0,20.0,27.0,0.0,100.0,-1.0
2001-08-27 15:30:00,-2424.5238295146746,-2424.5238295146746,0.0,0.0,20.0,27.0,0.0,100.0,-1.0
2001-08-27 16:30:00,-2141.172130825992,-2141.172130825992,0.0,0.0,20.0,27.0,0.0,100.0,-1.0
2001-08-27 17:30:00,-1788.9445627204832,-1788.9445627204832,0.0,0.0,20.0,27.0,0.0,100.0,-1.0
2001-08-27 18:30:00,-1366.764467939659,-1366.764467939659,0.0,0.0,20.0,27.0,0.0,100.0,-1.0
2001-08-27 19:30:00,-955.4354140489168,-955.4354140489168,0.0,0.0,20.0,27.0,0.0,100.0,-1.0
2001-08-27 20:30:00,-654.2028238643588,-654.2028238643588,0.0,0.0,20.0,27.0,0.0,100.0,-1.0
2001-08-27 21:30:00,-457.2827914701911,-457.2827914701911,0.0,0.0,20.0,27.0,0.0,100.0,-1.0
2001-08-27 22:30:00,-314.07579806298145,-314.07579806298145,0.0,0.0,20.0,27.0,0.0,100.0,-1.0
2001-08-27 23:30:00,-201.27720645008776,-201.27720645008776,0.0,0.0,20.0,27.0,0.0,100.0,-1.0
2001-08-28 00:30:00,-108.93805787059046,-108.93805787059046,0.0,0.0,20.0,27.0,0.0,100.0,-1.0
2001-08-28 01:30:00,-29.743109551604903,-29.743109551604903,0.0,0.0,20.0,27.0,0.0,100.0,-1.0
2001-08-28 02:30:00,0.0,0.0,0.0,0.0,20.0,27.0,0.0,100.0,3.0
2001-08-28 03:30:00,0.0,0.0,0.0,0.0,20.0,27.0,0.0,100.0,3.0
2001-08-28 04:30:00,0.0,0.0,0.0,0.0,20.0,27.0,0.0,100.0,3.0
2001-08-28 05:30:00,0.0,0.0,0.0,0.0,20.0,27.0,0.0,100.0,3.0
2001-08-28 06:30:00,0.0,0.0,0.0,0.0,20.0,27.0,0.0,100.0,3.0
2001-08-28 07:30:00,0.0,0.0,0.0,0.0,20.0,27.0,0.0,100.0,3.0
2001-08-28 08:30:00,0.0,0.0,0.0,0.0,20.0,27.0,0.0,100.0,3.0
2001-08-28 09:30:00,-601.4537248089209,-601.4537248089209,0.0,0.0,20.0,27.0,0.0,100.0,-1.0
2001-08-28 10:30:00,-1177.30726644882,-1177.30726644882,0.0,0.0,20.0,27.0,0.0,100.0,-1.0
2001-08-28 11:30:00,-1624.3668776076074,-1624.3668776076074,0.0,0.0,20.0,27.0,0.0,100.0,-1.0
2001-08-28 12:30:00,-1662.1551159090586,-1662.1551159090586,0.0,0.0,20.0,27.0,0.0,100.0,-1.0
2001-08-28 13:30:00,-1905.1654579911346,-1905.1654579911346,0.0,0.0,20.0,27.0,0.0,100.0,-1.0
2001-08-28 14:30:00,-1978.7797722220012,-1978.7797722220012,0.0,0.0,20.0,27.0,0.0,100.0,-1.0
2001-08-28 15:30:00,-1958.4084215026223,-1958.4084215026223,0.0,0.0,20.0,27.0,0.0,100.0,-1.0
2001-08-28 16:30:00,-1927.0925072360396,-1927.0925072360396,0.0,0.0,20.0,27.0,0.0,100.0,-1.0
2001-08-28 17:30:00,-1636.4428334863833,-1636.4428334863833,0.0,0.0,20.0,27.0,0.0,100.0,-1.0
2001-08-28 18:30:00,-1253.8866524596715,-1253.8866524596715,0.0,0.0,20.0,27.0,0.0,100.0,-1.0
2001-08-28 19:30:00,-857.6474015477297,-857.6474015477297,0.0,0.0,20.0,27.0,0.0,100.0,-1.0
2001-08-28 20:30:00,-561.7378185425941,-561.7378185425941,0.0,0.0,20.0,27.0,0.0,100.0,-1.0
2001-08-28 21:30:00,-350.0434432865022,-350.0434432865022,0.0,0.0,20.0,27.0,0.0,100.0,-1.0
2001-08-28 22:30:00,-182.31754613929934,-182.31754613929934,0.0,0.0,20.0,27.0,0.0,100.0,-1.0
2001-08-28 23:30:00,-43.81207520798671,-43.81207520798671,0.0,0.0,20.0,27.0,0.0,100.0,-1.0
2001-08-29 00:30:00,0.0,0.0,0.0,0.0,20.0,27.0,0.0,100.0,3.0
2001-08-29 01:30:00,0.0,0.0,0.0,0.0,20.0,27.0,0.0,100.0,3.0
2001-08-29 02:30:00,0.0,0.0,0.0,0.0,20.0,27.0,0.0,100.0,3.0
2001-08-29 03:30:00,0.0,0.0,0.0,0.0,20.0,27.0,0.0,100.0,3.0
2001-08-29 04:30:00,0.0,0.0,0.0,0.0,20.0,27.0,0.0,100.0,3.0
2001-08-29 05:30:00,0.0,0.0,0.0,0.0,20.0,27.0,0.0,100.0,3.0
2001-08-29 06:30:00,0.0,0.0,0.0,0.0,20.0,27.0,0.0,100.0,3.0
2001-08-29 07:30:00,0.0,0.0,0.0,0.0,20.0,27.0,0.0,100.0,3.0
2001-08-29 08:30:00,0.0,0.0,0.0,0.0,20.0,27.0,0.0,100.0,3.0
2001-08-29 09:30:00,0.0,0.0,0.0,0.0,20.0,27.0,0.0,100.0,3.0
2001-08-29 10:30:00,-635.175923217691,-635.175923217691,0.0,0.0,20.0,27.0,0.0,100.0,-1.0
2001-08-29 11:30:00,-1328.0155696794181,-1328.0155696794181,0.0,0.0,20.0,27.0,0.0,100.0,-1.0
2001-08-29 12:30:00,-1831.844366419794,-1831.844366419794,0.0,0.0,20.0,27.0,0.0,100.0,-1.0
2001-08-29 13:30:00,-2149.956841385235,-2149.956841385235,0.0,0.0,20.0,27.0,0.0,100.0,-1.0
2001-08-29 14:30:00,-2299.6434511191173,-2299.6434511191173,0.0,0.0,20.0,27.0,0.0,100.0,-1.0
2001-08-29 15:30:00,-2246.9749260605104,-2246.9749260605104,0.0,0.0,20.0,27.0,0.0,100.0,-1.0
2001-08-29 16:30:00,-2037.2412711707302,-2037.2412711707302,0.0,0.0,20.0,27.0,0.0,100.0,-1.0
2001-08-29 17:30:00,-1646.8227486375044,-1646.8227486375044,0.0,0.0,20.0,27.0,0.0,100.0,-1.0
2001-08-29 18:30:00,-1151.3440412992595,-1151.3440412992595,0.0,0.0,20.0,27.0,0.0,100.0,-1.0
2001-08-29 19:30:00,-661.4750121778989,-661.4750121778989,0.0,0.0,20.0,27.0,0.0,100.0,-1.0
2001-08-29 20:30:00,-353.6451927837361,-353.6451927837361,0.0,0.0,20.0,27.0,0.0,100.0,-1.0
2001-08-29 21:30:00,-144.35095523329346,-144.35095523329346,0.0,0.0,20.0,27.0,0.0,100.0,-1.0
2001-08-29 22:30:00,0.0,0.0,0.0,0.0,20.0,27.0,0.0,100.0,3.0
2001-08-29 23:30:00,0.0,0.0,0.0,0.0,20.0,27.0,0.0,100.0,3.0
2001-08-30 00:30:00,0.0,0.0,0.0,0.0,20.0,27.0,0.0,100.0,3.0
2001-08-30 01:30:00,0.0,0.0,0.0,0.0,20.0,27.0,0.0,100.0,3.0
2001-08-30 02:30:00,0.0,0.0,0.0,0.0,20.0,27.0,0.0,100.0,3.0
2001-08-30 03:30:00,0.0,0.0,0.0,0.0,20.0,27.0,0.0,100.0,3.0
2001-08-30 04:30:00,0.0,0.0,0.0,0.0,20.0,27.0,0.0,100.0,3.0
2001-08-30 05:30:00,0.0,0.0,0.0,0.0,20.0,27.0,0.0,100.0,3.0
2001-08-30 06:30:00,0.0,0.0,0.0,0.0,20.0,27.0,0.0,100.0,3.0
2001-08-30 07:30:00,0.0,0.0,0.0,0.0,20.0,27.0,0.0,100.0,3.0
2001-08-30 08:30:00,0.0,0.0,0.0,0.0,20.0,27.0,0.0,100.0,3.0
2001-08-30 09:30:00,-49.92132008799035,-49.92132008799035,0.0,0.0,20.0,27.0,0.0,100.0,-1.0
2001-08-30 10:30:00,-871.3201947283842,-871.3201947283842,0.0,0.0,20.0,27.0,0.0,100.0,-1.0
2001-08-30 11:30:00,-1528.5220788434153,-1528.5220788434153,0.0,0.0,20.0,27.0,0.0,100.0,-1.0
2001-08-30 12:30:00,-1997.7154978971184,-1997.7154978971184,0.0,0.0,20.0,27.0,0.0,100.0,-1.0
2001-08-30 13:30:00,-2315.3640500153842,-2315.3640500153842,0.0,0.0,20.0,27.0,0.0,100.0,-1.0
2001-08-30 14:30:00,-2421.648794801141,-2421.648794801141,0.0,0.0,20.0,27.0,0.0,100.0,-1.0
2001-08-30 15:30:00,-2358.526718242035,-2358.526718242035,0.0,0.0,20.0,27.0,0.0,100.0,-1.0
2001-08-30 16:30:00,-2165.752468904774,-2165.752468904774,0.0,0.0,20.0,27.0,0.0,100.0,-1.0
2001-08-30 17:30:00,-1812.309766680567,-1812.309766680567,0.0,0.0,20.0,27.0,0.0,100.0,-1.0
2001-08-30 18:30:00,-1273.073624476846,-1273.073624476846,0.0,0.0,20.0,27.0,0.0,100.0,-1.0
2001-08-30 19:30:00,-790.1481306820197,-790.1481306820197,0.0,0.0,20.0,27.0,0.0,100.0,-1.0
2001-08-30 20:30:00,-488.83369717937876,-488.83369717937876,0.0,0.0,20.0,27.0,0.0,100.0,-1.0
2001-08-30 21:30:00,-292.22722656489714,-292.22722656489714,0.0,0.0,20.0,27.0,0.0,100.0,-1.0
2001-08-30 22:30:00,-153.1440710720408,-153.1440710720408,0.0,0.0,20.0,27.0,0.0,100.0,-1.0
2001-08-30 23:30:00,-45.144960751129474,-45.144960751129474,0.0,0.0,20.0,27.0,0.0,100.0,-1.0
2001-08-31 00:30:00,0.0,0.0,0.0,0.0,20.0,27.0,0.0,100.0,3.0
2001-08-31 01:30:00,0.0,0.0,0.0,0.0,20.0,27.0,0.0,100.0,3.0
2001-08-31 02:30:00,0.0,0.0,0.0,0.0,20.0,27.0,0.0,100.0,3.0
2001-08-31 03:30:00,0.0,0.0,0.0,0.0,20.0,27.0,0.0,100.0,3.0
2001-08-31 04:30:00,0.0,0.0,0.0,0.0,20.0,27.0,0.0,100.0,3.0
2001-08-31 05:30:00,0.0,0.0,0.0,0.0,20.0,27.0,0.0,100.0,3.0
2001-08-31 06:30:00,0.0,0.0,0.0,0.0,20.0,27.0,0.0,100.0,3.0
2001-08-31 07:30:00,0.0,0.0,0.0,0.0,20.0,27.0,0.0,100.0,3.0
2001-08-31 08:30:00,0.0,0.0,0.0,0.0,20.0,27.0,0.0,100.0,3.0
2001-08-31 09:30:00,-616.0604985045784,-616.0604985045784,0.0,0.0,20.0,27.0,0.0,100.0,-1.0
2001-08-31 10:30:00,-1294.891545337724,-1294.891545337724,0.0,0.0,20.0,27.0,0.0,100.0,-1.0
2001-08-31 11:30:00,-1876.6812944326002,-1876.6812944326002,0.0,0.0,20.0,27.0,0.0,100.0,-1.0
2001-08-31 12:30:00,-2342.890330312378,-2342.890330312378,0.0,0.0,20.0,27.0,0.0,100.0,-1.0
2001-08-31 13:30:00,-2636.121718395233,-2636.121718395233,0.0,0.0,20.0,27.0,0.0,100.0,-1.0
2001-08-31 14:30:00,-2766.2310465070905,-2766.2310465070905,0.0,0.0,20.0,27.0,0.0,100.0,-1.0
2001-08-31 15:30:00,-2711.081234883778,-2711.081234883778,0.0,0.0,20.0,27.0,0.0,100.0,-1.0
2001-08-31 16:30:00,-2432.100654459794,-2432.100654459794,0.0,0.0,20.0,27.0,0.0,100.0,-1.0
2001-08-31 17:30:00,-2042.4835007348765,-2042.4835007348765,0.0,0.0,20.0,27.0,0.0,100.0,-1.0
2001-08-31 18:30:00,-1555.5711489244868,-1555.5711489244868,0.0,0.0,20.0,27.0,0.0,100.0,-1.0
2001-08-31 19:30:00,-1075.3283248629477,-1075.3283248629477,0.0,0.0,20.0,27.0,0.0,100.0,-1.0
2001-08-31 20:30:00,-746.6914929381937,-746.6914929381937,0.0,0.0,20.0,27.0,0.0,100.0,-1.0
2001-08-31 21:30:00,-509.3147688295039,-509.3147688295039,0.0,0.0,20.0,27.0,0.0,100.0,-1.0
2001-08-31 22:30:00,-329.1906172958579,-329.1906172958579,0.0,0.0,20.0,27.0,0.0,100.0,-1.0
2001-08-31 23:30:00,-184.1196027652977,-184.1196027652977,0.0,0.0,20.0,27.0,0.0,100.0,-1.0
2001-09-01 00:30:00,-58.65317771979517,-58.65317771979517,0.0,0.0,20.0,27.0,0.0,100.0,-1.0
2001-09-01 01:30:00,0.0,0.0,0.0,0.0,20.0,27.0,0.0,100.0,3.0
2001-09-01 02:30:00,0.0,0.0,0.0,0.0,20.0,27.0,0.0,100.0,3.0
2001-09-01 03:30:00,0.0,0.0,0.0,0.0,20.0,27.0,0.0,100.0,3.0
2001-09-01 04:30:00,0.0,0.0,0.0,0.0,20.0,27.0,0.0,100.0,3.0
2001-09-01 05:30:00,0.0,0.0,0.0,0.0,20.0,27.0,0.0,100.0,3.0
2001-09-01 06:30:00,0.0,0.0,0.0,0.0,20.0,27.0,0.0,100.0,3.0
2001-09-01 07:30:00,0.0,0.0,0.0,0.0,20.0,27.0,0.0,100.0,3.0
2001-09-01 08:30:00,0.0,0.0,0.0,0.0,20.0,27.0,0.0,100.0,3.0
2001-09-01 09:30:00,-524.0580507928817,-524.0580507928817,0.0,0.0,20.0,27.0,0.0,100.0,-1.0
2001-09-01 10:30:00,-1263.737759066532,-1263.737759066532,0.0,0.0,20.0,27.0,0.0,100.0,-1.0
2001-09-01 11:30:00,-1881.1324545821635,-1881.1324545821635,0.0,0.0,20.0,27.0,0.0,100.0,-1.0
2001-09-01 12:30:00,-2333.203459180636,-2333.203459180636,0.0,0.0,20.0,27.0,0.0,100.0,-1.0
2001-09-01 13:30:00,-2616.1374956818827,-2616.1374956818827,0.0,0.0,20.0,27.0,0.0,100.0,-1.0
2001-09-01 14:30:00,-2736.580881574503,-2736.580881574503,0.0,0.0,20.0,27.0,0.0,100.0,-1.0
2001-09-01 15:30:00,-2654.302375089931,-2654.302375089931,0.0,0.0,20.0,27.0,0.0,100.0,-1.0
2001-09-01 16:30:00,-2401.7267959684204,-2401.7267959684204,0.0,0.0,20.0,27.0,0.0,100.0,-1.0
2001-09-01 17:30:00,-1914.9811435160018,-1914.9811435160018,0.0,0.0,20.0,27.0,0.0,100.0,-1.0
2001-09-01 18:30:00,-1370.6765780611304,-1370.6765780611304,0.0,0.0,20.0,27.0,0.0,100.0,-1.0
2001-09-01 19:30:00,-878.5414635600073,-878.5414635600073,0.0,0.0,20.0,27.0,0.0,100.0,-1.0
2001-09-01 20:30:00,-546.8479858472556,-546.8479858472556,0.0,0.0,20.0,27.0,0.0,100.0,-1.0
2001-09-01 21:30:00,-320.94142625549284,-320.94142625549284,0.0,0.0,20.0,27.0,0.0,100.0,-1.0
2001-09-01 22:30:00,-148.12092634071087,-148.12092634071087,0.0,0.0,20.0,27.0,0.0,100.0,-1.0
2001-09-01 23:30:00,-10.99888263703906,-10.99888263703906,0.0,0.0,20.0,27.0,0.0,100.0,-1.0
2001-09-02 00:30:00,0.0,0.0,0.0,0.0,20.0,27.0,0.0,100.0,3.0
2001-09-02 01:30:00,0.0,0.0,0.0,0.0,20.0,27.0,0.0,100.0,3.0
2001-09-02 02:30:00,0.0,0.0,0.0,0.0,20.0,27.0,0.0,100.0,3.0
2001-09-02 03:30:00,0.0,0.0,0.0,0.0,20.0,27.0,0.0,100.0,3.0
2001-09-02 04:30:00,0.0,0.0,0.0,0.0,20.0,27.0,0.0,100.0,3.0
2001-09-02 05:30:00,0.0,0.0,0.0,0.0,20.0,27.0,0.0,100.0,3.0
2001-09-02 06:30:00,0.0,0.0,0.0,0.0,20.0,27.0,0.0,100.0,3.0
2001-09-02 07:30:00,0.0,0.0,0.0,0.0,20.0,27.0,0.0,100.0,3.0
2001-09-02 08:30:00,0.0,0.0,0.0,0.0,20.0,27.0,0.0,100.0,3.0
2001-09-02 09:30:00,-530.2141666849375,-530.2141666849375,0.0,0.0,20.0,27.0,0.0,100.0,-1.0
2001-09-02 10:30:00,-1285.6217284145996,-1285.6217284145996,0.0,0.0,20.0,27.0,0.0,100.0,-1.0
2001-09-02 11:30:00,-1927.1334157741321,-1927.1334157741321,0.0,0.0,20.0,27.0,0.0,100.0,-1.0
2001-09-02 12:30:00,-2413.531933509402,-2413.531933509402,0.0,0.0,20.0,27.0,0.0,100.0,-1.0
2001-09-02 13:30:00,-2702.748431212035,-2702.748431212035,0.0,0.0,20.0,27.0,0.0,100.0,-1.0
2001-09-02 14:30:00,-2796.715364456607,-2796.715364456607,0.0,0.0,20.0,27.0,0.0,100.0,-1.0
2001-09-02 15:30:00,-2711.7768145748078,-2711.7768145748078,0.0,0.0,20.0,27.0,0.0,100.0,-1.0
2001-09-02 16:30:00,-2411.482707919212,-2411.482707919212,0.0,0.0,20.0,27.0,0.0,100.0,-1.0
2001-09-02 17:30:00,-1956.5565530131835,-1956.5565530131835,0.0,0.0,20.0,27.0,0.0,100.0,-1.0
2001-09-02 18:30:00,-1377.6972219328663,-1377.6972219328663,0.0,0.0,20.0,27.0,0.0,100.0,-1.0
2001-09-02 19:30:00,-910.637381851916,-910.637381851916,0.0,0.0,20.0,27.0,0.0,100.0,-1.0
2001-09-02 20:30:00,-609.6321843725009,-609.6321843725009,0.0,0.0,20.0,27.0,0.0,100.0,-1.0
2001-09-02 21:30:00,-413.0689870917822,-413.0689870917822,0.0,0.0,20.0,27.0,0.0,100.0,-1.0
2001-09-02 22:30:00,-265.26593887549734,-265.26593887549734,0.0,0.0,20.0,27.0,0.0,100.0,-1.0
2001-09-02 23:30:00,-153.31868259184193,-153.31868259184193,0.0,0.0,20.0,27.0,0.0,100.0,-1.0
2001-09-03 00:30:00,-54.854150492388726,-54.854150492388726,0.0,0.0,20.0,27.0,0.0,100.0,-1.0
2001-09-03 01:30:00,0.0,0.0,0.0,0.0,20.0,27.0,0.0,100.0,3.0
2001-09-03 02:30:00,0.0,0.0,0.0,0.0,20.0,27.0,0.0,100.0,3.0
2001-09-03 03:30:00,0.0,0.0,0.0,0.0,20.0,27.0,0.0,100.0,3.0
2001-09-03 04:30:00,0.0,0.0,0.0,0.0,20.0,27.0,0.0,100.0,3.0
2001-09-03 05:30:00,0.0,0.0,0.0,0.0,20.0,27.0,0.0,100.0,3.0
2001-09-03 06:30:00,0.0,0.0,0.0,0.0,20.0,27.0,0.0,100.0,3.0
2001-09-03 07:30:00,0.0,0.0,0.0,0.0,20.0,27.0,0.0,100.0,3.0
2001-09-03 08:30:00,-71.59196708863328,-71.59196708863328,0.0,0.0,20.0,27.0,0.0,100.0,-1.0
2001-09-03 09:30:00,-645.2368080942006,-645.2368080942006,0.0,0.0,20.0,27.0,0.0,100.0,-1.0
2001-09-03 10:30:00,-1339.0471978019968,-1339.0471978019968,0.0,0.0,20.0,27.0,0.0,100.0,-1.0
2001-09-03 11:30:00,-1987.8035611391379,-1987.8035611391379,0.0,0.0,20.0,27.0,0.0,100.0,-1.0
2001-09-03 12:30:00,-2481.9783119113135,-2481.9783119113135,0.0,0.0,20.0,27.0,0.0,100.0,-1.0
2001-09-03 13:30:00,-2674.1514311364417,-2674.1514311364417,0.0,0.0,20.0,27.0,0.0,100.0,-1.0
2001-09-03 14:30:00,-2683.338517365016,-2683.338517365016,0.0,0.0,20.0,27.0,0.0,100.0,-1.0
2001-09-03 15:30:00,-2454.0676976916247,-2454.0676976916247,0.0,0.0,20.0,27.0,0.0,100.0,-1.0
2001-09-03 16:30:00,-2158.5542072955786,-2158.5542072955786,0.0,0.0,20.0,27.0,0.0,100.0,-1.0
2001-09-03 17:30:00,-1760.8047797416739,-1760.8047797416739,0.0,0.0,20.0,27.0,0.0,100.0,-1.0
2001-09-03 18:30:00,-1327.527055392281,-1327.527055392281,0.0,0.0,20.0,27.0,0.0,100.0,-1.0
2001-09-03 19:30:00,-903.4650890844105,-903.4650890844105,0.0,0.0,20.0,27.0,0.0,100.0,-1.0
2001-09-03 20:30:00,-625.8050443659149,-625.8050443659149,0.0,0.0,20.0,27.0,0.0,100.0,-1.0
2001-09-03 21:30:00,-442.2873697782061,-442.2873697782061,0.0,0.0,20.0,27.0,0.0,100.0,-1.0
2001-09-03 22:30:00,-305.2545327023927,-305.2545327023927,0.0,0.0,20.0,27.0,0.0,100.0,-1.0
2001-09-03 23:30:00,-195.67634899445602,-195.67634899445602,0.0,0.0,20.0,27.0,0.0,100.0,-1.0
2001-09-04 00:30:00,-107.40633807139511,-107.40633807139511,0.0,0.0,20.0,27.0,0.0,100.0,-1.0
2001-09-04 01:30:00,-33.69881700460337,-33.69881700460337,0.0,0.0,20.0,27.0,0.0,100.0,-1.0
2001-09-04 02:30:00,0.0,0.0,0.0,0.0,20.0,27.0,0.0,100.0,3.0
2001-09-04 03:30:00,0.0,0.0,0.0,0.0,20.0,27.0,0.0,100.0,3.0
2001-09-04 04:30:00,0.0,0.0,0.0,0.0,20.0,27.0,0.0,100.0,3.0
2001-09-04 05:30:00,0.0,0.0,0.0,0.0,20.0,27.0,0.0,100.0,3.0
2001-09-04 06:30:00,0.0,0.0,0.0,0.0,20.0,27.0,0.0,100.0,3.0
2001-09-04 07:30:00,0.0,0.0,0.0,0.0,20.0,27.0,0.0,100.0,3.0
2001-09-04 08:30:00,-275.69703831490006,-275.69703831490006,0.0,0.0,20.0,27.0,0.0,100.0,-1.0
2001-09-04 09:30:00,-912.616082605201,-912.616082605201,0.0,0.0,20.0,27.0,0.0,100.0,-1.0
2001-09-04 10:30:00,-1526.92084383557,-1526.92084383557,0.0,0.0,20.0,27.0,0.0,100.0,-1.0
2001-09-04 11:30:00,-2088.300846072495,-2088.300846072495,0.0,0.0,20.0,27.0,0.0,100.0,-1.0
2001-09-04 12:30:00,-2561.143575079467,-2561.143575079467,0.0,0.0,20.0,27.0,0.0,100.0,-1.0
2001-09-04 13:30:00,-2838.2731982665164,-2838.2731982665164,0.0,0.0,20.0,27.0,0.0,100.0,-1.0
2001-09-04 14:30:00,-2897.0501498155872,-2897.0501498155872,0.0,0.0,20.0,27.0,0.0,100.0,-1.0
2001-09-04 15:30:00,-2812.141632017773,-2812.141632017773,0.0,0.0,20.0,27.0,0.0,100.0,-1.0
2001-09-04 16:30:00,-2521.2223330262304,-2521.2223330262304,0.0,0.0,20.0,27.0,0.0,100.0,-1.0
2001-09-04 17:30:00,-2052.2429578307883,-2052.2429578307883,0.0,0.0,20.0,27.0,0.0,100.0,-1.0
2001-09-04 18:30:00,-1510.836901081676,-1510.836901081676,0.0,0.0,20.0,27.0,0.0,100.0,-1.0
2001-09-04 19:30:00,-1045.5814279871438,-1045.5814279871438,0.0,0.0,20.0,27.0,0.0,100.0,-1.0
2001-09-04 20:30:00,-737.4810485457774,-737.4810485457774,0.0,0.0,20.0,27.0,0.0,100.0,-1.0
2001-09-04 21:30:00,-532.4067532847066,-532.4067532847066,0.0,0.0,20.0,27.0,0.0,100.0,-1.0
2001-09-04 22:30:00,-380.6723611892621,-380.6723611892621,0.0,0.0,20.0,27.0,0.0,100.0,-1.0
2001-09-04 23:30:00,-261.3602026079352,-261.3602026079352,0.0,0.0,20.0,27.0,0.0,100.0,-1.0
2001-09-05 00:30:00,-154.65071479287144,-154.65071479287144,0.0,0.0,20.0,27.0,0.0,100.0,-1.0
2001-09-05 01:30:00,-72.1106731511727,-72.1106731511727,0.0,0.0,20.0,27.0,0.0,100.0,-1.0
2001-09-05 02:30:00,0.0,0.0,0.0,0.0,20.0,27.0,0.0,100.0,3.0
2001-09-05 03:30:00,0.0,0.0,0.0,0.0,20.0,27.0,0.0,100.0,3.0
2001-09-05 04:30:00,0.0,0.0,0.0,0.0,20.0,27.0,0.0,100.0,3.0
2001-09-05 05:30:00,0.0,0.0,0.0,0.0,20.0,27.0,0.0,100.0,3.0
2001-09-05 06:30:00,0.0,0.0,0.0,0.0,20.0,27.0,0.0,100.0,3.0
2001-09-05 07:30:00,0.0,0.0,0.0,0.0,20.0,27.0,0.0,100.0,3.0
2001-09-05 08:30:00,-211.13508966979134,-211.13508966979134,0.0,0.0,20.0,27.0,0.0,100.0,-1.0
2001-09-05 09:30:00,-787.3551434633619,-787.3551434633619,0.0,0.0,20.0,27.0,0.0,100.0,-1.0
2001-09-05 10:30:00,-1372.8526769834652,-1372.8526769834652,0.0,0.0,20.0,27.0,0.0,100.0,-1.0
2001-09-05 11:30:00,-1942.452537006965,-1942.452537006965,0.0,0.0,20.0,27.0,0.0,100.0,-1.0
2001-09-05 12:30:00,-2470.0376693078097,-2470.0376693078097,0.0,0.0,20.0,27.0,0.0,100.0,-1.0
2001-09-05 13:30:00,-2911.1845448363338,-2911.1845448363338,0.0,0.0,20.0,27.0,0.0,100.0,-1.0
2001-09-05 14:30:00,-3041.1096285022277,-3041.1096285022277,0.0,0.0,20.0,27.0,0.0,100.0,-1.0
2001-09-05 15:30:00,-2896.858490558133,-2896.858490558133,0.0,0.0,20.0,27.0,0.0,100.0,-1.0
2001-09-05 16:30:00,-2477.4037752031827,-2477.4037752031827,0.0,0.0,20.0,27.0,0.0,100.0,-1.0
2001-09-05 17:30:00,-1978.3353521426025,-1978.3353521426025,0.0,0.0,20.0,27.0,0.0,100.0,-1.0
2001-09-05 18:30:00,-1422.7488238337746,-1422.7488238337746,0.0,0.0,20.0,27.0,0.0,100.0,-1.0
2001-09-05 19:30:00,-968.7600888306652,-968.7600888306652,0.0,0.0,20.0,27.0,0.0,100.0,-1.0
2001-09-05 20:30:00,-671.5157682544932,-671.5157682544932,0.0,0.0,20.0,27.0,0.0,100.0,-1.0
2001-09-05 21:30:00,-463.4817132979015,-463.4817132979015,0.0,0.0,20.0,27.0,0.0,100.0,-1.0
2001-09-05 22:30:00,-305.03092731032393,-305.03092731032393,0.0,0.0,20.0,27.0,0.0,100.0,-1.0
2001-09-05 23:30:00,-175.26428889596718,-175.26428889596718,0.0,0.0,20.0,27.0,0.0,100.0,-1.0
2001-09-06 00:30:00,-61.62823046210633,-61.62823046210633,0.0,0.0,20.0,27.0,0.0,100.0,-1.0
2001-09-06 01:30:00,0.0,0.0,0.0,0.0,20.0,27.0,0.0,100.0,3.0
2001-09-06 02:30:00,0.0,0.0,0.0,0.0,20.0,27.0,0.0,100.0,3.0
2001-09-06 03:30:00,0.0,0.0,0.0,0.0,20.0,27.0,0.0,100.0,3.0
2001-09-06 04:30:00,0.0,0.0,0.0,0.0,20.0,27.0,0.0,100.0,3.0
2001-09-06 05:30:00,0.0,0.0,0.0,0.0,20.0,27.0,0.0,100.0,3.0
2001-09-06 06:30:00,0.0,0.0,0.0,0.0,20.0,27.0,0.0,100.0,3.0
2001-09-06 07:30:00,0.0,0.0,0.0,0.0,20.0,27.0,0.0,100.0,3.0
2001-09-06 08:30:00,0.0,0.0,0.0,0.0,20.0,27.0,0.0,100.0,3.0
2001-09-06 09:30:00,-422.1401001567983,-422.1401001567983,0.0,0.0,20.0,27.0,0.0,100.0,-1.0
2001-09-06 10:30:00,-1272.427402039476,-1272.427402039476,0.0,0.0,20.0,27.0,0.0,100.0,-1.0
2001-09-06 11:30:00,-1935.8048210327024,-1935.8048210327024,0.0,0.0,20.0,27.0,0.0,100.0,-1.0
2001-09-06 12:30:00,-2477.1299860363715,-2477.1299860363715,0.0,0.0,20.0,27.0,0.0,100.0,-1.0
2001-09-06 13:30:00,-2781.852313274597,-2781.852313274597,0.0,0.0,20.0,27.0,0.0,100.0,-1.0
2001-09-06 14:30:00,-2890.0064779412287,-2890.0064779412287,0.0,0.0,20.0,27.0,0.0,100.0,-1.0
2001-09-06 15:30:00,-2799.456415707188,-2799.456415707188,0.0,0.0,20.0,27.0,0.0,100.0,-1.0
2001-09-06 16:30:00,-2516.2210629763877,-2516.2210629763877,0.0,0.0,20.0,27.0,0.0,100.0,-1.0
2001-09-06 17:30:00,-1985.7396018936079,-1985.7396018936079,0.0,0.0,20.0,27.0,0.0,100.0,-1.0
2001-09-06 18:30:00,-1365.9046831270707,-1365.9046831270707,0.0,0.0,20.0,27.0,0.0,100.0,-1.0
2001-09-06 19:30:00,-873.1046340181101,-873.1046340181101,0.0,0.0,20.0,27.0,0.0,100.0,-1.0
2001-09-06 20:30:00,-553.1113603937038,-553.1113603937038,0.0,0.0,20.0,27.0,0.0,100.0,-1.0
2001-09-06 21:30:00,-333.7372683714457,-333.7372683714457,0.0,0.0,20.0,27.0,0.0,100.0,-1.0
2001-09-06 22:30:00,-172.23986645539844,-172.23986645539844,0.0,0.0,20.0,27.0,0.0,100.0,-1.0
2001-09-06 23:30:00,-35.69975798348969,-35.69975798348969,0.0,0.0,20.0,27.0,0.0,100.0,-1.0
2001-09-07 00:30:00,0.0,0.0,0.0,0.0,20.0,27.0,0.0,100.0,3.0
2001-09-07 01:30:00,0.0,0.0,0.0,0.0,20.0,27.0,0.0,100.0,3.0
2001-09-07 02:30:00,0.0,0.0,0.0,0.0,20.0,27.0,0.0,100.0,3.0
2001-09-07 03:30:00,0.0,0.0,0.0,0.0,20.0,27.0,0.0,100.0,3.0
2001-09-07 04:30:00,0.0,0.0,0.0,0.0,20.0,27.0,0.0,100.0,3.0
2001-09-07 05:30:00,0.0,0.0,0.0,0.0,20.0,27.0,0.0,100.0,3.0
2001-09-07 06:30:00,0.0,0.0,0.0,0.0,20.0,27.0,0.0,100.0,3.0
2001-09-07 07:30:00,0.0,0.0,0.0,0.0,20.0,27.0,0.0,100.0,3.0
2001-09-07 08:30:00,0.0,0.0,0.0,0.0,20.0,27.0,0.0,100.0,3.0
2001-09-07 09:30:00,0.0,0.0,0.0,0.0,20.0,27.0,0.0,100.0,3.0
2001-09-07 10:30:00,-628.6022630007055,-628.6022630007055,0.0,0.0,20.0,27.0,0.0,100.0,-1.0
2001-09-07 11:30:00,-1440.6099791326642,-1440.6099791326642,0.0,0.0,20.0,27.0,0.0,100.0,-1.0
2001-09-07 12:30:00,-1903.60092748003,-1903.60092748003,0.0,0.0,20.0,27.0,0.0,100.0,-1.0
2001-09-07 13:30:00,-2020.4314997071642,-2020.4314997071642,0.0,0.0,20.0,27.0,0.0,100.0,-1.0
2001-09-07 14:30:00,-2173.6645507222847,-2173.6645507222847,0.0,0.0,20.0,27.0,0.0,100.0,-1.0
2001-09-07 15:30:00,-2105.5354635350186,-2105.5354635350186,0.0,0.0,20.0,27.0,0.0,100.0,-1.0
2001-09-07 16:30:00,-1886.9345136420843,-1886.9345136420843,0.0,0.0,20.0,27.0,0.0,100.0,-1.0
2001-09-07 17:30:00,-1476.4114195152097,-1476.4114195152097,0.0,0.0,20.0,27.0,0.0,100.0,-1.0
2001-09-07 18:30:00,-969.4949630194087,-969.4949630194087,0.0,0.0,20.0,27.0,0.0,100.0,-1.0
2001-09-07 19:30:00,-550.7628892494367,-550.7628892494367,0.0,0.0,20.0,27.0,0.0,100.0,-1.0
2001-09-07 20:30:00,-278.22283738551505,-278.22283738551505,0.0,0.0,20.0,27.0,0.0,100.0,-1.0
2001-09-07 21:30:00,-97.44827556396831,-97.44827556396831,0.0,0.0,20.0,27.0,0.0,100.0,-1.0
2001-09-07 22:30:00,0.0,0.0,0.0,0.0,20.0,27.0,0.0,100.0,3.0
2001-09-07 23:30:00,0.0,0.0,0.0,0.0,20.0,27.0,0.0,100.0,3.0
2001-09-08 00:30:00,0.0,0.0,0.0,0.0,20.0,27.0,0.0,100.0,3.0
2001-09-08 01:30:00,0.0,0.0,0.0,0.0,20.0,27.0,0.0,100.0,3.0
2001-09-08 02:30:00,0.0,0.0,0.0,0.0,20.0,27.0,0.0,100.0,3.0
2001-09-08 03:30:00,0.0,0.0,0.0,0.0,20.0,27.0,0.0,100.0,3.0
2001-09-08 04:30:00,0.0,0.0,0.0,0.0,20.0,27.0,0.0,100.0,3.0
2001-09-08 05:30:00,0.0,0.0,0.0,0.0,20.0,27.0,0.0,100.0,3.0
2001-09-08 06:30:00,0.0,0.0,0.0,0.0,20.0,27.0,0.0,100.0,3.0
2001-09-08 07:30:00,0.0,0.0,0.0,0.0,20.0,27.0,0.0,100.0,3.0
2001-09-08 08:30:00,0.0,0.0,0.0,0.0,20.0,27.0,0.0,100.0,3.0
2001-09-08 09:30:00,0.0,0.0,0.0,0.0,20.0,27.0,0.0,100.0,3.0
2001-09-08 10:30:00,-755.6057205306579,-755.6057205306579,0.0,0.0,20.0,27.0,0.0,100.0,-1.0
2001-09-08 11:30:00,-1601.0793082184273,-1601.0793082184273,0.0,0.0,20.0,27.0,0.0,100.0,-1.0
2001-09-08 12:30:00,-2228.1526231495745,-2228.1526231495745,0.0,0.0,20.0,27.0,0.0,100.0,-1.0
2001-09-08 13:30:00,-2662.3262723187026,-2662.3262723187026,0.0,0.0,20.0,27.0,0.0,100.0,-1.0
2001-09-08 14:30:00,-2863.3960707591277,-2863.3960707591277,0.0,0.0,20.0,27.0,0.0,100.0,-1.0
2001-09-08 15:30:00,-2755.3123990973445,-2755.3123990973445,0.0,0.0,20.0,27.0,0.0,100.0,-1.0
2001-09-08 16:30:00,-2412.8301593041697,-2412.8301593041697,0.0,0.0,20.0,27.0,0.0,100.0,-1.0
2001-09-08 17:30:00,-1906.1654976412256,-1906.1654976412256,0.0,0.0,20.0,27.0,0.0,100.0,-1.0
2001-09-08 18:30:00,-1338.8336631800476,-1338.8336631800476,0.0,0.0,20.0,27.0,0.0,100.0,-1.0
2001-09-08 19:30:00,-827.4856977795216,-827.4856977795216,0.0,0.0,20.0,27.0,0.0,100.0,-1.0
2001-09-08 20:30:00,-488.0218303131269,-488.0218303131269,0.0,0.0,20.0,27.0,0.0,100.0,-1.0
2001-09-08 21:30:00,-246.70269619793817,-246.70269619793817,0.0,0.0,20.0,27.0,0.0,100.0,-1.0
2001-09-08 22:30:00,-62.42488857491662,-62.42488857491662,0.0,0.0,20.0,27.0,0.0,100.0,-1.0
2001-09-08 23:30:00,0.0,0.0,0.0,0.0,20.0,27.0,0.0,100.0,3.0
2001-09-09 00:30:00,0.0,0.0,0.0,0.0,20.0,27.0,0.0,100.0,3.0
2001-09-09 01:30:00,0.0,0.0,0.0,0.0,20.0,27.0,0.0,100.0,3.0
2001-09-09 02:30:00,0.0,0.0,0.0,0.0,20.0,27.0,0.0,100.0,3.0
2001-09-09 03:30:00,0.0,0.0,0.0,0.0,20.0,27.0,0.0,100.0,3.0
2001-09-09 04:30:00,0.0,0.0,0.0,0.0,20.0,27.0,0.0,100.0,3.0
2001-09-09 05:30:00,0.0,0.0,0.0,0.0,20.0,27.0,0.0,100.0,3.0
2001-09-09 06:30:00,0.0,0.0,0.0,0.0,20.0,27.0,0.0,100.0,3.0
2001-09-09 07:30:00,0.0,0.0,0.0,0.0,20.0,27.0,0.0,100.0,3.0
2001-09-09 08:30:00,0.0,0.0,0.0,0.0,20.0,27.0,0.0,100.0,3.0
2001-09-09 09:30:00,0.0,0.0,0.0,0.0,20.0,27.0,0.0,100.0,3.0
2001-09-09 10:30:00,-379.27096804230223,-379.27096804230223,0.0,0.0,20.0,27.0,0.0,100.0,-1.0
2001-09-09 11:30:00,-1397.4598456399208,-1397.4598456399208,0.0,0.0,20.0,27.0,0.0,100.0,-1.0
2001-09-09 12:30:00,-1976.1391179746197,-1976.1391179746197,0.0,0.0,20.0,27.0,0.0,100.0,-1.0
2001-09-09 13:30:00,-2306.1415820861685,-2306.1415820861685,0.0,0.0,20.0,27.0,0.0,100.0,-1.0
2001-09-09 14:30:00,-2390.0669632667878,-2390.0669632667878,0.0,0.0,20.0,27.0,0.0,100.0,-1.0
2001-09-09 15:30:00,-2321.65975176309,-2321.65975176309,0.0,0.0,20.0,27.0,0.0,100.0,-1.0
2001-09-09 16:30:00,-2027.7532366252044,-2027.7532366252044,0.0,0.0,20.0,27.0,0.0,100.0,-1.0
2001-09-09 17:30:00,-1478.4427055665938,-1478.4427055665938,0.0,0.0,20.0,27.0,0.0,100.0,-1.0
2001-09-09 18:30:00,-859.2872120830771,-859.2872120830771,0.0,0.0,20.0,27.0,0.0,100.0,-1.0
2001-09-09 19:30:00,-380.982398223975,-380.982398223975,0.0,0.0,20.0,27.0,0.0,100.0,-1.0
2001-09-09 20:30:00,-70.66833763133855,-70.66833763133855,0.0,0.0,20.0,27.0,0.0,100.0,-1.0
2001-09-09 21:30:00,0.0,0.0,0.0,0.0,20.0,27.0,0.0,100.0,3.0
2001-09-09 22:30:00,0.0,0.0,0.0,0.0,20.0,27.0,0.0,100.0,3.0
2001-09-09 23:30:00,0.0,0.0,0.0,0.0,20.0,27.0,0.0,100.0,3.0
2001-09-10 00:30:00,0.0,0.0,0.0,0.0,20.0,27.0,0.0,100.0,3.0
2001-09-10 01:30:00,0.0,0.0,0.0,0.0,20.0,27.0,0.0,100.0,3.0
2001-09-10 02:30:00,0.0,0.0,0.0,0.0,20.0,27.0,0.0,100.0,3.0
2001-09-10 03:30:00,0.0,0.0,0.0,0.0,20.0,27.0,0.0,100.0,3.0
2001-09-10 04:30:00,0.0,0.0,0.0,0.0,20.0,27.0,0.0,100.0,3.0
2001-09-10 05:30:00,0.0,0.0,0.0,0.0,20.0,27.0,0.0,100.0,3.0
2001-09-10 06:30:00,0.0,0.0,0.0,0.0,20.0,27.0,0.0,100.0,3.0
2001-09-10 07:30:00,0.0,0.0,0.0,0.0,20.0,27.0,0.0,100.0,3.0
2001-09-10 08:30:00,0.0,0.0,0.0,0.0,20.0,27.0,0.0,100.0,3.0
2001-09-10 09:30:00,0.0,0.0,0.0,0.0,20.0,27.0,0.0,100.0,3.0
2001-09-10 10:30:00,-420.5770119806066,-420.5770119806066,0.0,0.0,20.0,27.0,0.0,100.0,-1.0
2001-09-10 11:30:00,-1449.311145430277,-1449.311145430277,0.0,0.0,20.0,27.0,0.0,100.0,-1.0
2001-09-10 12:30:00,-2121.660298308546,-2121.660298308546,0.0,0.0,20.0,27.0,0.0,100.0,-1.0
2001-09-10 13:30:00,-2528.7265757074592,-2528.7265757074592,0.0,0.0,20.0,27.0,0.0,100.0,-1.0
2001-09-10 14:30:00,-2684.4636136137424,-2684.4636136137424,0.0,0.0,20.0,27.0,0.0,100.0,-1.0
2001-09-10 15:30:00,-2518.1509766373956,-2518.1509766373956,0.0,0.0,20.0,27.0,0.0,100.0,-1.0
2001-09-10 16:30:00,-2204.2989139786177,-2204.2989139786177,0.0,0.0,20.0,27.0,0.0,100.0,-1.0
2001-09-10 17:30:00,-1703.8433083129685,-1703.8433083129685,0.0,0.0,20.0,27.0,0.0,100.0,-1.0
2001-09-10 18:30:00,-1090.6514363996712,-1090.6514363996712,0.0,0.0,20.0,27.0,0.0,100.0,-1.0
2001-09-10 19:30:00,-560.6000587223562,-560.6000587223562,0.0,0.0,20.0,27.0,0.0,100.0,-1.0
2001-09-10 20:30:00,-201.70756091714065,-201.70756091714065,0.0,0.0,20.0,27.0,0.0,100.0,-1.0
2001-09-10 21:30:00,0.0,0.0,0.0,0.0,20.0,27.0,0.0,100.0,3.0
2001-09-10 22:30:00,0.0,0.0,0.0,0.0,20.0,27.0,0.0,100.0,3.0
2001-09-10 23:30:00,0.0,0.0,0.0,0.0,20.0,27.0,0.0,100.0,3.0
2001-09-11 00:30:00,0.0,0.0,0.0,0.0,20.0,27.0,0.0,100.0,3.0
2001-09-11 01:30:00,0.0,0.0,0.0,0.0,20.0,27.0,0.0,100.0,3.0
2001-09-11 02:30:00,0.0,0.0,0.0,0.0,20.0,27.0,0.0,100.0,3.0
2001-09-11 03:30:00,0.0,0.0,0.0,0.0,20.0,27.0,0.0,100.0,3.0
2001-09-11 04:30:00,0.0,0.0,0.0,0.0,20.0,27.0,0.0,100.0,3.0
2001-09-11 05:30:00,259.9855980105949,259.9855980105949,0.0,0.0,20.0,27.0,0.0,100.0,1.0
2001-09-11 06:30:00,438.2970317540503,438.2970317540503,0.0,0.0,20.0,27.0,0.0,100.0,1.0
2001-09-11 07:30:00,211.82691069833618,211.82691069833618,0.0,0.0,20.0,27.0,0.0,100.0,1.0
2001-09-11 08:30:00,0.0,0.0,0.0,0.0,20.0,27.0,0.0,100.0,3.0
2001-09-11 09:30:00,0.0,0.0,0.0,0.0,20.0,27.0,0.0,100.0,3.0
2001-09-11 10:30:00,0.0,0.0,0.0,0.0,20.0,27.0,0.0,100.0,3.0
2001-09-11 11:30:00,-1042.0392725564898,-1042.0392725564898,0.0,0.0,20.0,27.0,0.0,100.0,-1.0
2001-09-11 12:30:00,-1775.3707138125255,-1775.3707138125255,0.0,0.0,20.0,27.0,0.0,100.0,-1.0
2001-09-11 13:30:00,-2203.1405889251537,-2203.1405889251537,0.0,0.0,20.0,27.0,0.0,100.0,-1.0
2001-09-11 14:30:00,-2362.074483384512,-2362.074483384512,0.0,0.0,20.0,27.0,0.0,100.0,-1.0
2001-09-11 15:30:00,-2284.6735659418673,-2284.6735659418673,0.0,0.0,20.0,27.0,0.0,100.0,-1.0
2001-09-11 16:30:00,-1880.439503381088,-1880.439503381088,0.0,0.0,20.0,27.0,0.0,100.0,-1.0
2001-09-11 17:30:00,-1277.2269990187351,-1277.2269990187351,0.0,0.0,20.0,27.0,0.0,100.0,-1.0
2001-09-11 18:30:00,-638.069199919345,-638.069199919345,0.0,0.0,20.0,27.0,0.0,100.0,-1.0
2001-09-11 19:30:00,-132.602325346239,-132.602325346239,0.0,0.0,20.0,27.0,0.0,100.0,-1.0
2001-09-11 20:30:00,0.0,0.0,0.0,0.0,20.0,27.0,0.0,100.0,3.0
2001-09-11 21:30:00,0.0,0.0,0.0,0.0,20.0,27.0,0.0,100.0,3.0
2001-09-11 22:30:00,0.0,0.0,0.0,0.0,20.0,27.0,0.0,100.0,3.0
2001-09-11 23:30:00,0.0,0.0,0.0,0.0,20.0,27.0,0.0,100.0,3.0
2001-09-12 00:30:00,0.0,0.0,0.0,0.0,20.0,27.0,0.0,100.0,3.0
2001-09-12 01:30:00,0.0,0.0,0.0,0.0,20.0,27.0,0.0,100.0,3.0
2001-09-12 02:30:00,0.0,0.0,0.0,0.0,20.0,27.0,0.0,100.0,3.0
2001-09-12 03:30:00,0.0,0.0,0.0,0.0,20.0,27.0,0.0,100.0,3.0
2001-09-12 04:30:00,0.0,0.0,0.0,0.0,20.0,27.0,0.0,100.0,3.0
2001-09-12 05:30:00,35.18405858541155,35.18405858541155,0.0,0.0,20.0,27.0,0.0,100.0,1.0
2001-09-12 06:30:00,119.63484255004369,119.63484255004369,0.0,0.0,20.0,27.0,0.0,100.0,1.0
2001-09-12 07:30:00,16.117409435019,16.117409435019,0.0,0.0,20.0,27.0,0.0,100.0,1.0
2001-09-12 08:30:00,0.0,0.0,0.0,0.0,20.0,27.0,0.0,100.0,3.0
2001-09-12 09:30:00,0.0,0.0,0.0,0.0,20.0,27.0,0.0,100.0,3.0
2001-09-12 10:30:00,0.0,0.0,0.0,0.0,20.0,27.0,0.0,100.0,3.0
2001-09-12 11:30:00,-942.2068329070707,-942.2068329070707,0.0,0.0,20.0,27.0,0.0,100.0,-1.0
2001-09-12 12:30:00,-1345.4808521288714,-1345.4808521288714,0.0,0.0,20.0,27.0,0.0,100.0,-1.0
2001-09-12 13:30:00,-1531.0224733374662,-1531.0224733374662,0.0,0.0,20.0,27.0,0.0,100.0,-1.0
2001-09-12 14:30:00,-1574.9898731411404,-1574.9898731411404,0.0,0.0,20.0,27.0,0.0,100.0,-1.0
2001-09-12 15:30:00,-1532.6916998702536,-1532.6916998702536,0.0,0.0,20.0,27.0,0.0,100.0,-1.0
2001-09-12 16:30:00,-1330.2550050199707,-1330.2550050199707,0.0,0.0,20.0,27.0,0.0,100.0,-1.0
2001-09-12 17:30:00,-1003.51936103157,-1003.51936103157,0.0,0.0,20.0,27.0,0.0,100.0,-1.0
2001-09-12 18:30:00,-564.6398326910976,-564.6398326910976,0.0,0.0,20.0,27.0,0.0,100.0,-1.0
2001-09-12 19:30:00,-188.00633325108902,-188.00633325108902,0.0,0.0,20.0,27.0,0.0,100.0,-1.0
2001-09-12 20:30:00,0.0,0.0,0.0,0.0,20.0,27.0,0.0,100.0,3.0
2001-09-12 21:30:00,0.0,0.0,0.0,0.0,20.0,27.0,0.0,100.0,3.0
2001-09-12 22:30:00,0.0,0.0,0.0,0.0,20.0,27.0,0.0,100.0,3.0
2001-09-12 23:30:00,0.0,0.0,0.0,0.0,20.0,27.0,0.0,100.0,3.0
2001-09-13 00:30:00,0.0,0.0,0.0,0.0,20.0,27.0,0.0,100.0,3.0
2001-09-13 01:30:00,0.0,0.0,0.0,0.0,20.0,27.0,0.0,100.0,3.0
2001-09-13 02:30:00,0.0,0.0,0.0,0.0,20.0,27.0,0.0,100.0,3.0
2001-09-13 03:30:00,0.0,0.0,0.0,0.0,20.0,27.0,0.0,100.0,3.0
2001-09-13 04:30:00,0.0,0.0,0.0,0.0,20.0,27.0,0.0,100.0,3.0
2001-09-13 05:30:00,0.0,0.0,0.0,0.0,20.0,27.0,0.0,100.0,3.0
2001-09-13 06:30:00,0.0,0.0,0.0,0.0,20.0,27.0,0.0,100.0,3.0
2001-09-13 07:30:00,0.0,0.0,0.0,0.0,20.0,27.0,0.0,100.0,3.0
2001-09-13 08:30:00,0.0,0.0,0.0,0.0,20.0,27.0,0.0,100.0,3.0
2001-09-13 09:30:00,0.0,0.0,0.0,0.0,20.0,27.0,0.0,100.0,3.0
2001-09-13 10:30:00,-342.8781375759836,-342.8781375759836,0.0,0.0,20.0,27.0,0.0,100.0,-1.0
2001-09-13 11:30:00,-1186.6755555766586,-1186.6755555766586,0.0,0.0,20.0,27.0,0.0,100.0,-1.0
2001-09-13 12:30:00,-1656.282458912333,-1656.282458912333,0.0,0.0,20.0,27.0,0.0,100.0,-1.0
2001-09-13 13:30:00,-1844.4491521047667,-1844.4491521047667,0.0,0.0,20.0,27.0,0.0,100.0,-1.0
2001-09-13 14:30:00,-1614.165898826287,-1614.165898826287,0.0,0.0,20.0,27.0,0.0,100.0,-1.0
2001-09-13 15:30:00,-1693.8095892722695,-1693.8095892722695,0.0,0.0,20.0,27.0,0.0,100.0,-1.0
2001-09-13 16:30:00,-1446.6836412088787,-1446.6836412088787,0.0,0.0,20.0,27.0,0.0,100.0,-1.0
2001-09-13 17:30:00,-1028.3415915947635,-1028.3415915947635,0.0,0.0,20.0,27.0,0.0,100.0,-1.0
2001-09-13 18:30:00,-546.4702028933016,-546.4702028933016,0.0,0.0,20.0,27.0,0.0,100.0,-1.0
2001-09-13 19:30:00,-198.35422524671412,-198.35422524671412,0.0,0.0,20.0,27.0,0.0,100.0,-1.0
2001-09-13 20:30:00,0.0,0.0,0.0,0.0,20.0,27.0,0.0,100.0,3.0
2001-09-13 21:30:00,0.0,0.0,0.0,0.0,20.0,27.0,0.0,100.0,3.0
2001-09-13 22:30:00,0.0,0.0,0.0,0.0,20.0,27.0,0.0,100.0,3.0
2001-09-13 23:30:00,0.0,0.0,0.0,0.0,20.0,27.0,0.0,100.0,3.0
2001-09-14 00:30:00,0.0,0.0,0.0,0.0,20.0,27.0,0.0,100.0,3.0
2001-09-14 01:30:00,0.0,0.0,0.0,0.0,20.0,27.0,0.0,100.0,3.0
2001-09-14 02:30:00,0.0,0.0,0.0,0.0,20.0,27.0,0.0,100.0,3.0
2001-09-14 03:30:00,0.0,0.0,0.0,0.0,20.0,27.0,0.0,100.0,3.0
2001-09-14 04:30:00,0.0,0.0,0.0,0.0,20.0,27.0,0.0,100.0,3.0
2001-09-14 05:30:00,0.0,0.0,0.0,0.0,20.0,27.0,0.0,100.0,3.0
2001-09-14 06:30:00,0.0,0.0,0.0,0.0,20.0,27.0,0.0,100.0,3.0
2001-09-14 07:30:00,0.0,0.0,0.0,0.0,20.0,27.0,0.0,100.0,3.0
2001-09-14 08:30:00,0.0,0.0,0.0,0.0,20.0,27.0,0.0,100.0,3.0
2001-09-14 09:30:00,-343.871220834254,-343.871220834254,0.0,0.0,20.0,27.0,0.0,100.0,-1.0
2001-09-14 10:30:00,-1280.5253324978685,-1280.5253324978685,0.0,0.0,20.0,27.0,0.0,100.0,-1.0
2001-09-14 11:30:00,-2054.959425830656,-2054.959425830656,0.0,0.0,20.0,27.0,0.0,100.0,-1.0
2001-09-14 12:30:00,-2635.843799086476,-2635.843799086476,0.0,0.0,20.0,27.0,0.0,100.0,-1.0
2001-09-14 13:30:00,-3057.274844706856,-3057.274844706856,0.0,0.0,20.0,27.0,0.0,100.0,-1.0
2001-09-14 14:30:00,-3187.3658372217624,-3187.3658372217624,0.0,0.0,20.0,27.0,0.0,100.0,-1.0
2001-09-14 15:30:00,-2970.3118458698073,-2970.3118458698073,0.0,0.0,20.0,27.0,0.0,100.0,-1.0
2001-09-14 16:30:00,-2464.6297820066857,-2464.6297820066857,0.0,0.0,20.0,27.0,0.0,100.0,-1.0
2001-09-14 17:30:00,-1779.2662576852372,-1779.2662576852372,0.0,0.0,20.0,27.0,0.0,100.0,-1.0
2001-09-14 18:30:00,-1195.465765963133,-1195.465765963133,0.0,0.0,20.0,27.0,0.0,100.0,-1.0
2001-09-14 19:30:00,-770.7844648894998,-770.7844648894998,0.0,0.0,20.0,27.0,0.0,100.0,-1.0
2001-09-14 20:30:00,-494.8490514043524,-494.8490514043524,0.0,0.0,20.0,27.0,0.0,100.0,-1.0
2001-09-14 21:30:00,-295.9969485524862,-295.9969485524862,0.0,0.0,20.0,27.0,0.0,100.0,-1.0
2001-09-14 22:30:00,-139.29004949864975,-139.29004949864975,0.0,0.0,20.0,27.0,0.0,100.0,-1.0
2001-09-14 23:30:00,-14.19253439442764,-14.19253439442764,0.0,0.0,20.0,27.0,0.0,100.0,-1.0
2001-09-15 00:30:00,0.0,0.0,0.0,0.0,20.0,27.0,0.0,100.0,3.0
2001-09-15 01:30:00,0.0,0.0,0.0,0.0,20.0,27.0,0.0,100.0,3.0
2001-09-15 02:30:00,0.0,0.0,0.0,0.0,20.0,27.0,0.0,100.0,3.0
2001-09-15 03:30:00,0.0,0.0,0.0,0.0,20.0,27.0,0.0,100.0,3.0
2001-09-15 04:30:00,0.0,0.0,0.0,0.0,20.0,27.0,0.0,100.0,3.0
2001-09-15 05:30:00,0.0,0.0,0.0,0.0,20.0,27.0,0.0,100.0,3.0
2001-09-15 06:30:00,0.0,0.0,0.0,0.0,20.0,27.0,0.0,100.0,3.0
2001-09-15 07:30:00,0.0,0.0,0.0,0.0,20.0,27.0,0.0,100.0,3.0
2001-09-15 08:30:00,0.0,0.0,0.0,0.0,20.0,27.0,0.0,100.0,3.0
2001-09-15 09:30:00,0.0,0.0,0.0,0.0,20.0,27.0,0.0,100.0,3.0
2001-09-15 10:30:00,-1102.7279988260862,-1102.7279988260862,0.0,0.0,20.0,27.0,0.0,100.0,-1.0
2001-09-15 11:30:00,-1925.5097002089178,-1925.5097002089178,0.0,0.0,20.0,27.0,0.0,100.0,-1.0
2001-09-15 12:30:00,-2522.4835277354514,-2522.4835277354514,0.0,0.0,20.0,27.0,0.0,100.0,-1.0
2001-09-15 13:30:00,-2886.910933987453,-2886.910933987453,0.0,0.0,20.0,27.0,0.0,100.0,-1.0
2001-09-15 14:30:00,-2998.797161599986,-2998.797161599986,0.0,0.0,20.0,27.0,0.0,100.0,-1.0
2001-09-15 15:30:00,-2861.2832506458717,-2861.2832506458717,0.0,0.0,20.0,27.0,0.0,100.0,-1.0
2001-09-15 16:30:00,-2492.174972623917,-2492.174972623917,0.0,0.0,20.0,27.0,0.0,100.0,-1.0
2001-09-15 17:30:00,-1870.0282721601316,-1870.0282721601316,0.0,0.0,20.0,27.0,0.0,100.0,-1.0
2001-09-15 18:30:00,-1153.4656541667855,-1153.4656541667855,0.0,0.0,20.0,27.0,0.0,100.0,-1.0
2001-09-15 19:30:00,-609.7266796163922,-609.7266796163922,0.0,0.0,20.0,27.0,0.0,100.0,-1.0
2001-09-15 20:30:00,-262.90231232638143,-262.90231232638143,0.0,0.0,20.0,27.0,0.0,100.0,-1.0
2001-09-15 21:30:00,-25.854149310527646,-25.854149310527646,0.0,0.0,20.0,27.0,0.0,100.0,-1.0
2001-09-15 22:30:00,0.0,0.0,0.0,0.0,20.0,27.0,0.0,100.0,3.0
2001-09-15 23:30:00,0.0,0.0,0.0,0.0,20.0,27.0,0.0,100.0,3.0
2001-09-16 00:30:00,0.0,0.0,0.0,0.0,20.0,27.0,0.0,100.0,3.0
2001-09-16 01:30:00,0.0,0.0,0.0,0.0,20.0,27.0,0.0,100.0,3.0
2001-09-16 02:30:00,0.0,0.0,0.0,0.0,20.0,27.0,0.0,100.0,3.0
2001-09-16 03:30:00,0.0,0.0,0.0,0.0,20.0,27.0,0.0,100.0,3.0
2001-09-16 04:30:00,0.0,0.0,0.0,0.0,20.0,27.0,0.0,100.0,3.0
2001-09-16 05:30:00,0.0,0.0,0.0,0.0,20.0,27.0,0.0,100.0,3.0
2001-09-16 06:30:00,0.0,0.0,0.0,0.0,20.0,27.0,0.0,100.0,3.0
2001-09-16 07:30:00,0.0,0.0,0.0,0.0,20.0,27.0,0.0,100.0,3.0
2001-09-16 08:30:00,0.0,0.0,0.0,0.0,20.0,27.0,0.0,100.0,3.0
2001-09-16 09:30:00,0.0,0.0,0.0,0.0,20.0,27.0,0.0,100.0,3.0
2001-09-16 10:30:00,-888.1467350147532,-888.1467350147532,0.0,0.0,20.0,27.0,0.0,100.0,-1.0
2001-09-16 11:30:00,-1839.2779760266903,-1839.2779760266903,0.0,0.0,20.0,27.0,0.0,100.0,-1.0
2001-09-16 12:30:00,-2475.444443660238,-2475.444443660238,0.0,0.0,20.0,27.0,0.0,100.0,-1.0
2001-09-16 13:30:00,-2755.75128832927,-2755.75128832927,0.0,0.0,20.0,27.0,0.0,100.0,-1.0
2001-09-16 14:30:00,-2856.1629775433603,-2856.1629775433603,0.0,0.0,20.0,27.0,0.0,100.0,-1.0
2001-09-16 15:30:00,-2755.0424135014136,-2755.0424135014136,0.0,0.0,20.0,27.0,0.0,100.0,-1.0
2001-09-16 16:30:00,-2286.8645478065146,-2286.8645478065146,0.0,0.0,20.0,27.0,0.0,100.0,-1.0
2001-09-16 17:30:00,-1692.9521594698044,-1692.9521594698044,0.0,0.0,20.0,27.0,0.0,100.0,-1.0
2001-09-16 18:30:00,-1030.3045932849082,-1030.3045932849082,0.0,0.0,20.0,27.0,0.0,100.0,-1.0
2001-09-16 19:30:00,-517.6822578576548,-517.6822578576548,0.0,0.0,20.0,27.0,0.0,100.0,-1.0
2001-09-16 20:30:00,-172.33453792731052,-172.33453792731052,0.0,0.0,20.0,27.0,0.0,100.0,-1.0
2001-09-16 21:30:00,0.0,0.0,0.0,0.0,20.0,27.0,0.0,100.0,3.0
2001-09-16 22:30:00,0.0,0.0,0.0,0.0,20.0,27.0,0.0,100.0,3.0
2001-09-16 23:30:00,0.0,0.0,0.0,0.0,20.0,27.0,0.0,100.0,3.0
2001-09-17 00:30:00,0.0,0.0,0.0,0.0,20.0,27.0,0.0,100.0,3.0
2001-09-17 01:30:00,0.0,0.0,0.0,0.0,20.0,27.0,0.0,100.0,3.0
2001-09-17 02:30:00,0.0,0.0,0.0,0.0,20.0,27.0,0.0,100.0,3.0
2001-09-17 03:30:00,0.0,0.0,0.0,0.0,20.0,27.0,0.0,100.0,3.0
2001-09-17 04:30:00,0.0,0.0,0.0,0.0,20.0,27.0,0.0,100.0,3.0
2001-09-17 05:30:00,236.7202084378605,236.7202084378605,0.0,0.0,20.0,27.0,0.0,100.0,1.0
2001-09-17 06:30:00,415.6090981311718,415.6090981311718,0.0,0.0,20.0,27.0,0.0,100.0,1.0
2001-09-17 07:30:00,244.8625892945638,244.8625892945638,0.0,0.0,20.0,27.0,0.0,100.0,1.0
2001-09-17 08:30:00,0.0,0.0,0.0,0.0,20.0,27.0,0.0,100.0,3.0
2001-09-17 09:30:00,0.0,0.0,0.0,0.0,20.0,27.0,0.0,100.0,3.0
2001-09-17 10:30:00,0.0,0.0,0.0,0.0,20.0,27.0,0.0,100.0,3.0
2001-09-17 11:30:00,-68.59831450180445,-68.59831450180445,0.0,0.0,20.0,27.0,0.0,100.0,-1.0
2001-09-17 12:30:00,-908.196904811638,-908.196904811638,0.0,0.0,20.0,27.0,0.0,100.0,-1.0
2001-09-17 13:30:00,-1458.4291661317793,-1458.4291661317793,0.0,0.0,20.0,27.0,0.0,100.0,-1.0
2001-09-17 14:30:00,-1748.918338973609,-1748.918338973609,0.0,0.0,20.0,27.0,0.0,100.0,-1.0
2001-09-17 15:30:00,-1811.7704435877995,-1811.7704435877995,0.0,0.0,20.0,27.0,0.0,100.0,-1.0
2001-09-17 16:30:00,-1427.6446768670658,-1427.6446768670658,0.0,0.0,20.0,27.0,0.0,100.0,-1.0
2001-09-17 17:30:00,-847.2919321791769,-847.2919321791769,0.0,0.0,20.0,27.0,0.0,100.0,-1.0
2001-09-17 18:30:00,-280.47470609796346,-280.47470609796346,0.0,0.0,20.0,27.0,0.0,100.0,-1.0
2001-09-17 19:30:00,0.0,0.0,0.0,0.0,20.0,27.0,0.0,100.0,3.0
2001-09-17 20:30:00,0.0,0.0,0.0,0.0,20.0,27.0,0.0,100.0,3.0
2001-09-17 21:30:00,0.0,0.0,0.0,0.0,20.0,27.0,0.0,100.0,3.0
2001-09-17 22:30:00,0.0,0.0,0.0,0.0,20.0,27.0,0.0,100.0,3.0
2001-09-17 23:30:00,0.0,0.0,0.0,0.0,20.0,27.0,0.0,100.0,3.0
2001-09-18 00:30:00,0.0,0.0,0.0,0.0,20.0,27.0,0.0,100.0,3.0
2001-09-18 01:30:00,0.0,0.0,0.0,0.0,20.0,27.0,0.0,100.0,3.0
2001-09-18 02:30:00,0.0,0.0,0.0,0.0,20.0,27.0,0.0,100.0,3.0
2001-09-18 03:30:00,0.0,0.0,0.0,0.0,20.0,27.0,0.0,100.0,3.0
2001-09-18 04:30:00,0.0,0.0,0.0,0.0,20.0,27.0,0.0,100.0,3.0
2001-09-18 05:30:00,0.0,0.0,0.0,0.0,20.0,27.0,0.0,100.0,3.0
2001-09-18 06:30:00,0.0,0.0,0.0,0.0,20.0,27.0,0.0,100.0,3.0
2001-09-18 07:30:00,0.0,0.0,0.0,0.0,20.0,27.0,0.0,100.0,3.0
2001-09-18 08:30:00,0.0,0.0,0.0,0.0,20.0,27.0,0.0,100.0,3.0
2001-09-18 09:30:00,0.0,0.0,0.0,0.0,20.0,27.0,0.0,100.0,3.0
2001-09-18 10:30:00,-766.8634176479836,-766.8634176479836,0.0,0.0,20.0,27.0,0.0,100.0,-1.0
2001-09-18 11:30:00,-1493.210983410564,-1493.210983410564,0.0,0.0,20.0,27.0,0.0,100.0,-1.0
2001-09-18 12:30:00,-1609.2142311137368,-1609.2142311137368,0.0,0.0,20.0,27.0,0.0,100.0,-1.0
2001-09-18 13:30:00,-1391.2865633143547,-1391.2865633143547,0.0,0.0,20.0,27.0,0.0,100.0,-1.0
2001-09-18 14:30:00,-1481.9179035135776,-1481.9179035135776,0.0,0.0,20.0,27.0,0.0,100.0,-1.0
2001-09-18 15:30:00,-1356.45513744471,-1356.45513744471,0.0,0.0,20.0,27.0,0.0,100.0,-1.0
2001-09-18 16:30:00,-979.0468212423339,-979.0468212423339,0.0,0.0,20.0,27.0,0.0,100.0,-1.0
2001-09-18 17:30:00,-707.8933894088668,-707.8933894088668,0.0,0.0,20.0,27.0,0.0,100.0,-1.0
2001-09-18 18:30:00,-386.39578438400804,-386.39578438400804,0.0,0.0,20.0,27.0,0.0,100.0,-1.0
2001-09-18 19:30:00,-161.7167165559622,-161.7167165559622,0.0,0.0,20.0,27.0,0.0,100.0,-1.0
2001-09-18 20:30:00,-3.3433587360450474,-3.3433587360450474,0.0,0.0,20.0,27.0,0.0,100.0,-1.0
2001-09-18 21:30:00,0.0,0.0,0.0,0.0,20.0,27.0,0.0,100.0,3.0
2001-09-18 22:30:00,0.0,0.0,0.0,0.0,20.0,27.0,0.0,100.0,3.0
2001-09-18 23:30:00,0.0,0.0,0.0,0.0,20.0,27.0,0.0,100.0,3.0
2001-09-19 00:30:00,0.0,0.0,0.0,0.0,20.0,27.0,0.0,100.0,3.0
2001-09-19 01:30:00,0.0,0.0,0.0,0.0,20.0,27.0,0.0,100.0,3.0
2001-09-19 02:30:00,0.0,0.0,0.0,0.0,20.0,27.0,0.0,100.0,3.0
2001-09-19 03:30:00,0.0,0.0,0.0,0.0,20.0,27.0,0.0,100.0,3.0
2001-09-19 04:30:00,0.0,0.0,0.0,0.0,20.0,27.0,0.0,100.0,3.0
2001-09-19 05:30:00,0.0,0.0,0.0,0.0,20.0,27.0,0.0,100.0,3.0
2001-09-19 06:30:00,0.0,0.0,0.0,0.0,20.0,27.0,0.0,100.0,3.0
2001-09-19 07:30:00,0.0,0.0,0.0,0.0,20.0,27.0,0.0,100.0,3.0
2001-09-19 08:30:00,0.0,0.0,0.0,0.0,20.0,27.0,0.0,100.0,3.0
2001-09-19 09:30:00,0.0,0.0,0.0,0.0,20.0,27.0,0.0,100.0,3.0
2001-09-19 10:30:00,-429.01145250525497,-429.01145250525497,0.0,0.0,20.0,27.0,0.0,100.0,-1.0
2001-09-19 11:30:00,-1518.4992454207759,-1518.4992454207759,0.0,0.0,20.0,27.0,0.0,100.0,-1.0
2001-09-19 12:30:00,-2237.3733092118937,-2237.3733092118937,0.0,0.0,20.0,27.0,0.0,100.0,-1.0
2001-09-19 13:30:00,-2670.1388780375974,-2670.1388780375974,0.0,0.0,20.0,27.0,0.0,100.0,-1.0
2001-09-19 14:30:00,-2771.5148078864177,-2771.5148078864177,0.0,0.0,20.0,27.0,0.0,100.0,-1.0
2001-09-19 15:30:00,-2619.224357525317,-2619.224357525317,0.0,0.0,20.0,27.0,0.0,100.0,-1.0
2001-09-19 16:30:00,-2263.3023481942428,-2263.3023481942428,0.0,0.0,20.0,27.0,0.0,100.0,-1.0
2001-09-19 17:30:00,-1660.2635773156535,-1660.2635773156535,0.0,0.0,20.0,27.0,0.0,100.0,-1.0
2001-09-19 18:30:00,-948.832853970026,-948.832853970026,0.0,0.0,20.0,27.0,0.0,100.0,-1.0
2001-09-19 19:30:00,-406.4231461976151,-406.4231461976151,0.0,0.0,20.0,27.0,0.0,100.0,-1.0
2001-09-19 20:30:00,-55.42692483504561,-55.42692483504561,0.0,0.0,20.0,27.0,0.0,100.0,-1.0
2001-09-19 21:30:00,0.0,0.0,0.0,0.0,20.0,27.0,0.0,100.0,3.0
2001-09-19 22:30:00,0.0,0.0,0.0,0.0,20.0,27.0,0.0,100.0,3.0
2001-09-19 23:30:00,0.0,0.0,0.0,0.0,20.0,27.0,0.0,100.0,3.0
2001-09-20 00:30:00,0.0,0.0,0.0,0.0,20.0,27.0,0.0,100.0,3.0
2001-09-20 01:30:00,0.0,0.0,0.0,0.0,20.0,27.0,0.0,100.0,3.0
2001-09-20 02:30:00,0.0,0.0,0.0,0.0,20.0,27.0,0.0,100.0,3.0
2001-09-20 03:30:00,0.0,0.0,0.0,0.0,20.0,27.0,0.0,100.0,3.0
2001-09-20 04:30:00,0.0,0.0,0.0,0.0,20.0,27.0,0.0,100.0,3.0
2001-09-20 05:30:00,166.25860315759383,166.25860315759383,0.0,0.0,20.0,27.0,0.0,100.0,1.0
2001-09-20 06:30:00,300.8587606471483,300.8587606471483,0.0,0.0,20.0,27.0,0.0,100.0,1.0
2001-09-20 07:30:00,78.78063657038183,78.78063657038183,0.0,0.0,20.0,27.0,0.0,100.0,1.0
2001-09-20 08:30:00,0.0,0.0,0.0,0.0,20.0,27.0,0.0,100.0,3.0
2001-09-20 09:30:00,0.0,0.0,0.0,0.0,20.0,27.0,0.0,100.0,3.0
2001-09-20 10:30:00,-524.6025677272055,-524.6025677272055,0.0,0.0,20.0,27.0,0.0,100.0,-1.0
2001-09-20 11:30:00,-1700.5152569527481,-1700.5152569527481,0.0,0.0,20.0,27.0,0.0,100.0,-1.0
2001-09-20 12:30:00,-2461.522090526917,-2461.522090526917,0.0,0.0,20.0,27.0,0.0,100.0,-1.0
2001-09-20 13:30:00,-2868.1668326685804,-2868.1668326685804,0.0,0.0,20.0,27.0,0.0,100.0,-1.0
2001-09-20 14:30:00,-3029.229293530757,-3029.229293530757,0.0,0.0,20.0,27.0,0.0,100.0,-1.0
2001-09-20 15:30:00,-2790.127916336077,-2790.127916336077,0.0,0.0,20.0,27.0,0.0,100.0,-1.0
2001-09-20 16:30:00,-2284.8551260537142,-2284.8551260537142,0.0,0.0,20.0,27.0,0.0,100.0,-1.0
2001-09-20 17:30:00,-1580.3164346631065,-1580.3164346631065,0.0,0.0,20.0,27.0,0.0,100.0,-1.0
2001-09-20 18:30:00,-791.636865443611,-791.636865443611,0.0,0.0,20.0,27.0,0.0,100.0,-1.0
2001-09-20 19:30:00,-284.2212089735085,-284.2212089735085,0.0,0.0,20.0,27.0,0.0,100.0,-1.0
2001-09-20 20:30:00,0.0,0.0,0.0,0.0,20.0,27.0,0.0,100.0,3.0
2001-09-20 21:30:00,0.0,0.0,0.0,0.0,20.0,27.0,0.0,100.0,3.0
2001-09-20 22:30:00,0.0,0.0,0.0,0.0,20.0,27.0,0.0,100.0,3.0
2001-09-20 23:30:00,0.0,0.0,0.0,0.0,20.0,27.0,0.0,100.0,3.0
2001-09-21 00:30:00,0.0,0.0,0.0,0.0,20.0,27.0,0.0,100.0,3.0
2001-09-21 01:30:00,0.0,0.0,0.0,0.0,20.0,27.0,0.0,100.0,3.0
2001-09-21 02:30:00,0.0,0.0,0.0,0.0,20.0,27.0,0.0,100.0,3.0
2001-09-21 03:30:00,0.0,0.0,0.0,0.0,20.0,27.0,0.0,100.0,3.0
2001-09-21 04:30:00,0.0,0.0,0.0,0.0,20.0,27.0,0.0,100.0,3.0
2001-09-21 05:30:00,0.0,0.0,0.0,0.0,20.0,27.0,0.0,100.0,3.0
2001-09-21 06:30:00,0.0,0.0,0.0,0.0,20.0,27.0,0.0,100.0,3.0
2001-09-21 07:30:00,0.0,0.0,0.0,0.0,20.0,27.0,0.0,100.0,3.0
2001-09-21 08:30:00,0.0,0.0,0.0,0.0,20.0,27.0,0.0,100.0,3.0
2001-09-21 09:30:00,0.0,0.0,0.0,0.0,20.0,27.0,0.0,100.0,3.0
2001-09-21 10:30:00,-479.43396479714556,-479.43396479714556,0.0,0.0,20.0,27.0,0.0,100.0,-1.0
2001-09-21 11:30:00,-1697.8886080034,-1697.8886080034,0.0,0.0,20.0,27.0,0.0,100.0,-1.0
2001-09-21 12:30:00,-2500.38036872075,-2500.38036872075,0.0,0.0,20.0,27.0,0.0,100.0,-1.0
2001-09-21 13:30:00,-2669.2619226701163,-2669.2619226701163,0.0,0.0,20.0,27.0,0.0,100.0,-1.0
2001-09-21 14:30:00,-2780.9227948065136,-2780.9227948065136,0.0,0.0,20.0,27.0,0.0,100.0,-1.0
2001-09-21 15:30:00,-2428.6343634965406,-2428.6343634965406,0.0,0.0,20.0,27.0,0.0,100.0,-1.0
2001-09-21 16:30:00,-1782.6164891612925,-1782.6164891612925,0.0,0.0,20.0,27.0,0.0,100.0,-1.0
2001-09-21 17:30:00,-1231.5178607423686,-1231.5178607423686,0.0,0.0,20.0,27.0,0.0,100.0,-1.0
2001-09-21 18:30:00,-697.2844768230889,-697.2844768230889,0.0,0.0,20.0,27.0,0.0,100.0,-1.0
2001-09-21 19:30:00,-308.1208091355402,-308.1208091355402,0.0,0.0,20.0,27.0,0.0,100.0,-1.0
2001-09-21 20:30:00,-50.678397866445266,-50.678397866445266,0.0,0.0,20.0,27.0,0.0,100.0,-1.0
2001-09-21 21:30:00,0.0,0.0,0.0,0.0,20.0,27.0,0.0,100.0,3.0
2001-09-21 22:30:00,0.0,0.0,0.0,0.0,20.0,27.0,0.0,100.0,3.0
2001-09-21 23:30:00,0.0,0.0,0.0,0.0,20.0,27.0,0.0,100.0,3.0
2001-09-22 00:30:00,0.0,0.0,0.0,0.0,20.0,27.0,0.0,100.0,3.0
2001-09-22 01:30:00,0.0,0.0,0.0,0.0,20.0,27.0,0.0,100.0,3.0
2001-09-22 02:30:00,0.0,0.0,0.0,0.0,20.0,27.0,0.0,100.0,3.0
2001-09-22 03:30:00,0.0,0.0,0.0,0.0,20.0,27.0,0.0,100.0,3.0
2001-09-22 04:30:00,0.0,0.0,0.0,0.0,20.0,27.0,0.0,100.0,3.0
2001-09-22 05:30:00,22.671991770931527,22.671991770931527,0.0,0.0,20.0,27.0,0.0,100.0,1.0
2001-09-22 06:30:00,252.83227505435116,252.83227505435116,0.0,0.0,20.0,27.0,0.0,100.0,1.0
2001-09-22 07:30:00,102.32238037446587,102.32238037446587,0.0,0.0,20.0,27.0,0.0,100.0,1.0
2001-09-22 08:30:00,0.0,0.0,0.0,0.0,20.0,27.0,0.0,100.0,3.0
2001-09-22 09:30:00,0.0,0.0,0.0,0.0,20.0,27.0,0.0,100.0,3.0
2001-09-22 10:30:00,-594.7602958974394,-594.7602958974394,0.0,0.0,20.0,27.0,0.0,100.0,-1.0
2001-09-22 11:30:00,-1705.0521153230811,-1705.0521153230811,0.0,0.0,20.0,27.0,0.0,100.0,-1.0
2001-09-22 12:30:00,-2387.918729312404,-2387.918729312404,0.0,0.0,20.0,27.0,0.0,100.0,-1.0
2001-09-22 13:30:00,-2799.4563757163514,-2799.4563757163514,0.0,0.0,20.0,27.0,0.0,100.0,-1.0
2001-09-22 14:30:00,-2952.3758224568182,-2952.3758224568182,0.0,0.0,20.0,27.0,0.0,100.0,-1.0
2001-09-22 15:30:00,-2784.8653728736163,-2784.8653728736163,0.0,0.0,20.0,27.0,0.0,100.0,-1.0
2001-09-22 16:30:00,-2318.012020430214,-2318.012020430214,0.0,0.0,20.0,27.0,0.0,100.0,-1.0
2001-09-22 17:30:00,-1552.7564187838352,-1552.7564187838352,0.0,0.0,20.0,27.0,0.0,100.0,-1.0
2001-09-22 18:30:00,-815.8639948892151,-815.8639948892151,0.0,0.0,20.0,27.0,0.0,100.0,-1.0
2001-09-22 19:30:00,-281.040162952444,-281.040162952444,0.0,0.0,20.0,27.0,0.0,100.0,-1.0
2001-09-22 20:30:00,0.0,0.0,0.0,0.0,20.0,27.0,0.0,100.0,3.0
2001-09-22 21:30:00,0.0,0.0,0.0,0.0,20.0,27.0,0.0,100.0,3.0
2001-09-22 22:30:00,0.0,0.0,0.0,0.0,20.0,27.0,0.0,100.0,3.0
2001-09-22 23:30:00,0.0,0.0,0.0,0.0,20.0,27.0,0.0,100.0,3.0
2001-09-23 00:30:00,0.0,0.0,0.0,0.0,20.0,27.0,0.0,100.0,3.0
2001-09-23 01:30:00,0.0,0.0,0.0,0.0,20.0,27.0,0.0,100.0,3.0
2001-09-23 02:30:00,0.0,0.0,0.0,0.0,20.0,27.0,0.0,100.0,3.0
2001-09-23 03:30:00,0.0,0.0,0.0,0.0,20.0,27.0,0.0,100.0,3.0
2001-09-23 04:30:00,0.0,0.0,0.0,0.0,20.0,27.0,0.0,100.0,3.0
2001-09-23 05:30:00,0.0,0.0,0.0,0.0,20.0,27.0,0.0,100.0,3.0
2001-09-23 06:30:00,0.0,0.0,0.0,0.0,20.0,27.0,0.0,100.0,3.0
2001-09-23 07:30:00,0.0,0.0,0.0,0.0,20.0,27.0,0.0,100.0,3.0
2001-09-23 08:30:00,0.0,0.0,0.0,0.0,20.0,27.0,0.0,100.0,3.0
2001-09-23 09:30:00,-172.09792895053488,-172.09792895053488,0.0,0.0,20.0,27.0,0.0,100.0,-1.0
2001-09-23 10:30:00,-1225.8217256619728,-1225.8217256619728,0.0,0.0,20.0,27.0,0.0,100.0,-1.0
2001-09-23 11:30:00,-1978.2162722139246,-1978.2162722139246,0.0,0.0,20.0,27.0,0.0,100.0,-1.0
2001-09-23 12:30:00,-2648.0409427234,-2648.0409427234,0.0,0.0,20.0,27.0,0.0,100.0,-1.0
2001-09-23 13:30:00,-2903.274476579455,-2903.274476579455,0.0,0.0,20.0,27.0,0.0,100.0,-1.0
2001-09-23 14:30:00,-2935.7886037213348,-2935.7886037213348,0.0,0.0,20.0,27.0,0.0,100.0,-1.0
2001-09-23 15:30:00,-2754.175190610352,-2754.175190610352,0.0,0.0,20.0,27.0,0.0,100.0,-1.0
2001-09-23 16:30:00,-2401.1723591407836,-2401.1723591407836,0.0,0.0,20.0,27.0,0.0,100.0,-1.0
2001-09-23 17:30:00,-1738.657769679391,-1738.657769679391,0.0,0.0,20.0,27.0,0.0,100.0,-1.0
2001-09-23 18:30:00,-1074.1677009680034,-1074.1677009680034,0.0,0.0,20.0,27.0,0.0,100.0,-1.0
2001-09-23 19:30:00,-588.8808340139649,-588.8808340139649,0.0,0.0,20.0,27.0,0.0,100.0,-1.0
2001-09-23 20:30:00,-287.5394658160185,-287.5394658160185,0.0,0.0,20.0,27.0,0.0,100.0,-1.0
2001-09-23 21:30:00,-92.9134404029528,-92.9134404029528,0.0,0.0,20.0,27.0,0.0,100.0,-1.0
2001-09-23 22:30:00,0.0,0.0,0.0,0.0,20.0,27.0,0.0,100.0,3.0
2001-09-23 23:30:00,0.0,0.0,0.0,0.0,20.0,27.0,0.0,100.0,3.0
2001-09-24 00:30:00,0.0,0.0,0.0,0.0,20.0,27.0,0.0,100.0,3.0
2001-09-24 01:30:00,0.0,0.0,0.0,0.0,20.0,27.0,0.0,100.0,3.0
2001-09-24 02:30:00,0.0,0.0,0.0,0.0,20.0,27.0,0.0,100.0,3.0
2001-09-24 03:30:00,0.0,0.0,0.0,0.0,20.0,27.0,0.0,100.0,3.0
2001-09-24 04:30:00,0.0,0.0,0.0,0.0,20.0,27.0,0.0,100.0,3.0
2001-09-24 05:30:00,0.0,0.0,0.0,0.0,20.0,27.0,0.0,100.0,3.0
2001-09-24 06:30:00,0.0,0.0,0.0,0.0,20.0,27.0,0.0,100.0,3.0
2001-09-24 07:30:00,0.0,0.0,0.0,0.0,20.0,27.0,0.0,100.0,3.0
2001-09-24 08:30:00,0.0,0.0,0.0,0.0,20.0,27.0,0.0,100.0,3.0
2001-09-24 09:30:00,-426.82657445372297,-426.82657445372297,0.0,0.0,20.0,27.0,0.0,100.0,-1.0
2001-09-24 10:30:00,-1414.4885101023892,-1414.4885101023892,0.0,0.0,20.0,27.0,0.0,100.0,-1.0
2001-09-24 11:30:00,-2094.4673914823643,-2094.4673914823643,0.0,0.0,20.0,27.0,0.0,100.0,-1.0
2001-09-24 12:30:00,-2421.9848458535225,-2421.9848458535225,0.0,0.0,20.0,27.0,0.0,100.0,-1.0
2001-09-24 13:30:00,-2611.1570299492605,-2611.1570299492605,0.0,0.0,20.0,27.0,0.0,100.0,-1.0
2001-09-24 14:30:00,-2914.141606567503,-2914.141606567503,0.0,0.0,20.0,27.0,0.0,100.0,-1.0
2001-09-24 15:30:00,-2616.4924956810564,-2616.4924956810564,0.0,0.0,20.0,27.0,0.0,100.0,-1.0
2001-09-24 16:30:00,-2049.356115511987,-2049.356115511987,0.0,0.0,20.0,27.0,0.0,100.0,-1.0
2001-09-24 17:30:00,-1395.99707281063,-1395.99707281063,0.0,0.0,20.0,27.0,0.0,100.0,-1.0
2001-09-24 18:30:00,-918.8560496442287,-918.8560496442287,0.0,0.0,20.0,27.0,0.0,100.0,-1.0
2001-09-24 19:30:00,-534.1626552386797,-534.1626552386797,0.0,0.0,20.0,27.0,0.0,100.0,-1.0
2001-09-24 20:30:00,-275.7740192592755,-275.7740192592755,0.0,0.0,20.0,27.0,0.0,100.0,-1.0
2001-09-24 21:30:00,-92.11739458657394,-92.11739458657394,0.0,0.0,20.0,27.0,0.0,100.0,-1.0
2001-09-24 22:30:00,0.0,0.0,0.0,0.0,20.0,27.0,0.0,100.0,3.0
2001-09-24 23:30:00,0.0,0.0,0.0,0.0,20.0,27.0,0.0,100.0,3.0
2001-09-25 00:30:00,0.0,0.0,0.0,0.0,20.0,27.0,0.0,100.0,3.0
2001-09-25 01:30:00,0.0,0.0,0.0,0.0,20.0,27.0,0.0,100.0,3.0
2001-09-25 02:30:00,0.0,0.0,0.0,0.0,20.0,27.0,0.0,100.0,3.0
2001-09-25 03:30:00,0.0,0.0,0.0,0.0,20.0,27.0,0.0,100.0,3.0
2001-09-25 04:30:00,0.0,0.0,0.0,0.0,20.0,27.0,0.0,100.0,3.0
2001-09-25 05:30:00,0.0,0.0,0.0,0.0,20.0,27.0,0.0,100.0,3.0
2001-09-25 06:30:00,0.0,0.0,0.0,0.0,20.0,27.0,0.0,100.0,3.0
2001-09-25 07:30:00,0.0,0.0,0.0,0.0,20.0,27.0,0.0,100.0,3.0
2001-09-25 08:30:00,0.0,0.0,0.0,0.0,20.0,27.0,0.0,100.0,3.0
2001-09-25 09:30:00,-56.25436599898967,-56.25436599898967,0.0,0.0,20.0,27.0,0.0,100.0,-1.0
2001-09-25 10:30:00,-1366.7385780413124,-1366.7385780413124,0.0,0.0,20.0,27.0,0.0,100.0,-1.0
2001-09-25 11:30:00,-2286.6391103138803,-2286.6391103138803,0.0,0.0,20.0,27.0,0.0,100.0,-1.0
2001-09-25 12:30:00,-2943.3599134105343,-2943.3599134105343,0.0,0.0,20.0,27.0,0.0,100.0,-1.0
2001-09-25 13:30:00,-3253.4942925809437,-3253.4942925809437,0.0,0.0,20.0,27.0,0.0,100.0,-1.0
2001-09-25 14:30:00,-3348.904219218267,-3348.904219218267,0.0,0.0,20.0,27.0,0.0,100.0,-1.0
2001-09-25 15:30:00,-3169.6182955614413,-3169.6182955614413,0.0,0.0,20.0,27.0,0.0,100.0,-1.0
2001-09-25 16:30:00,-2699.2511395177326,-2699.2511395177326,0.0,0.0,20.0,27.0,0.0,100.0,-1.0
2001-09-25 17:30:00,-1847.2581226640132,-1847.2581226640132,0.0,0.0,20.0,27.0,0.0,100.0,-1.0
2001-09-25 18:30:00,-1043.9989089401106,-1043.9989089401106,0.0,0.0,20.0,27.0,0.0,100.0,-1.0
2001-09-25 19:30:00,-507.403757191948,-507.403757191948,0.0,0.0,20.0,27.0,0.0,100.0,-1.0
2001-09-25 20:30:00,-157.32583256267844,-157.32583256267844,0.0,0.0,20.0,27.0,0.0,100.0,-1.0
2001-09-25 21:30:00,0.0,0.0,0.0,0.0,20.0,27.0,0.0,100.0,3.0
2001-09-25 22:30:00,0.0,0.0,0.0,0.0,20.0,27.0,0.0,100.0,3.0
2001-09-25 23:30:00,0.0,0.0,0.0,0.0,20.0,27.0,0.0,100.0,3.0
2001-09-26 00:30:00,0.0,0.0,0.0,0.0,20.0,27.0,0.0,100.0,3.0
2001-09-26 01:30:00,0.0,0.0,0.0,0.0,20.0,27.0,0.0,100.0,3.0
2001-09-26 02:30:00,0.0,0.0,0.0,0.0,20.0,27.0,0.0,100.0,3.0
2001-09-26 03:30:00,0.0,0.0,0.0,0.0,20.0,27.0,0.0,100.0,3.0
2001-09-26 04:30:00,0.0,0.0,0.0,0.0,20.0,27.0,0.0,100.0,3.0
2001-09-26 05:30:00,55.11141605918965,55.11141605918965,0.0,0.0,20.0,27.0,0.0,100.0,1.0
2001-09-26 06:30:00,285.83950187784467,285.83950187784467,0.0,0.0,20.0,27.0,0.0,100.0,1.0
2001-09-26 07:30:00,295.94798239189004,295.94798239189004,0.0,0.0,20.0,27.0,0.0,100.0,1.0
2001-09-26 08:30:00,0.0,0.0,0.0,0.0,20.0,27.0,0.0,100.0,3.0
2001-09-26 09:30:00,0.0,0.0,0.0,0.0,20.0,27.0,0.0,100.0,3.0
2001-09-26 10:30:00,-453.87303777129546,-453.87303777129546,0.0,0.0,20.0,27.0,0.0,100.0,-1.0
2001-09-26 11:30:00,-1810.6248193027905,-1810.6248193027905,0.0,0.0,20.0,27.0,0.0,100.0,-1.0
2001-09-26 12:30:00,-2624.036109552543,-2624.036109552543,0.0,0.0,20.0,27.0,0.0,100.0,-1.0
2001-09-26 13:30:00,-3061.575643499752,-3061.575643499752,0.0,0.0,20.0,27.0,0.0,100.0,-1.0
2001-09-26 14:30:00,-3143.1966851513744,-3143.1966851513744,0.0,0.0,20.0,27.0,0.0,100.0,-1.0
2001-09-26 15:30:00,-2898.6858489181604,-2898.6858489181604,0.0,0.0,20.0,27.0,0.0,100.0,-1.0
2001-09-26 16:30:00,-2262.9739158193433,-2262.9739158193433,0.0,0.0,20.0,27.0,0.0,100.0,-1.0
2001-09-26 17:30:00,-1429.7913234203743,-1429.7913234203743,0.0,0.0,20.0,27.0,0.0,100.0,-1.0
2001-09-26 18:30:00,-671.9629160335307,-671.9629160335307,0.0,0.0,20.0,27.0,0.0,100.0,-1.0
2001-09-26 19:30:00,-179.91439986954447,-179.91439986954447,0.0,0.0,20.0,27.0,0.0,100.0,-1.0
2001-09-26 20:30:00,0.0,0.0,0.0,0.0,20.0,27.0,0.0,100.0,3.0
2001-09-26 21:30:00,0.0,0.0,0.0,0.0,20.0,27.0,0.0,100.0,3.0
2001-09-26 22:30:00,0.0,0.0,0.0,0.0,20.0,27.0,0.0,100.0,3.0
2001-09-26 23:30:00,0.0,0.0,0.0,0.0,20.0,27.0,0.0,100.0,3.0
2001-09-27 00:30:00,0.0,0.0,0.0,0.0,20.0,27.0,0.0,100.0,3.0
2001-09-27 01:30:00,0.0,0.0,0.0,0.0,20.0,27.0,0.0,100.0,3.0
2001-09-27 02:30:00,0.0,0.0,0.0,0.0,20.0,27.0,0.0,100.0,3.0
2001-09-27 03:30:00,0.0,0.0,0.0,0.0,20.0,27.0,0.0,100.0,3.0
2001-09-27 04:30:00,156.6114061288772,156.6114061288772,0.0,0.0,20.0,27.0,0.0,100.0,1.0
2001-09-27 05:30:00,335.198192126094,335.198192126094,0.0,0.0,20.0,27.0,0.0,100.0,1.0
2001-09-27 06:30:00,418.9991680977264,418.9991680977264,0.0,0.0,20.0,27.0,0.0,100.0,1.0
2001-09-27 07:30:00,284.1167551801627,284.1167551801627,0.0,0.0,20.0,27.0,0.0,100.0,1.0
2001-09-27 08:30:00,0.0,0.0,0.0,0.0,20.0,27.0,0.0,100.0,3.0
2001-09-27 09:30:00,0.0,0.0,0.0,0.0,20.0,27.0,0.0,100.0,3.0
2001-09-27 10:30:00,-147.04847186157713,-147.04847186157713,0.0,0.0,20.0,27.0,0.0,100.0,-1.0
2001-09-27 11:30:00,-1509.7742457556733,-1509.7742457556733,0.0,0.0,20.0,27.0,0.0,100.0,-1.0
2001-09-27 12:30:00,-2351.3954538185308,-2351.3954538185308,0.0,0.0,20.0,27.0,0.0,100.0,-1.0
2001-09-27 13:30:00,-2834.5314692470447,-2834.5314692470447,0.0,0.0,20.0,27.0,0.0,100.0,-1.0
2001-09-27 14:30:00,-2940.228466216092,-2940.228466216092,0.0,0.0,20.0,27.0,0.0,100.0,-1.0
2001-09-27 15:30:00,-2851.6608429134076,-2851.6608429134076,0.0,0.0,20.0,27.0,0.0,100.0,-1.0
2001-09-27 16:30:00,-2321.733086193758,-2321.733086193758,0.0,0.0,20.0,27.0,0.0,100.0,-1.0
2001-09-27 17:30:00,-1484.709449294539,-1484.709449294539,0.0,0.0,20.0,27.0,0.0,100.0,-1.0
2001-09-27 18:30:00,-706.6535671841966,-706.6535671841966,0.0,0.0,20.0,27.0,0.0,100.0,-1.0
2001-09-27 19:30:00,-154.38097455051047,-154.38097455051047,0.0,0.0,20.0,27.0,0.0,100.0,-1.0
2001-09-27 20:30:00,0.0,0.0,0.0,0.0,20.0,27.0,0.0,100.0,3.0
2001-09-27 21:30:00,0.0,0.0,0.0,0.0,20.0,27.0,0.0,100.0,3.0
2001-09-27 22:30:00,0.0,0.0,0.0,0.0,20.0,27.0,0.0,100.0,3.0
2001-09-27 23:30:00,0.0,0.0,0.0,0.0,20.0,27.0,0.0,100.0,3.0
2001-09-28 00:30:00,0.0,0.0,0.0,0.0,20.0,27.0,0.0,100.0,3.0
2001-09-28 01:30:00,0.0,0.0,0.0,0.0,20.0,27.0,0.0,100.0,3.0
2001-09-28 02:30:00,0.0,0.0,0.0,0.0,20.0,27.0,0.0,100.0,3.0
2001-09-28 03:30:00,210.91024960392588,210.91024960392588,0.0,0.0,20.0,27.0,0.0,100.0,1.0
2001-09-28 04:30:00,402.1662999281507,402.1662999281507,0.0,0.0,20.0,27.0,0.0,100.0,1.0
2001-09-28 05:30:00,537.4735622192593,537.4735622192593,0.0,0.0,20.0,27.0,0.0,100.0,1.0
2001-09-28 06:30:00,604.2054563632737,604.2054563632737,0.0,0.0,20.0,27.0,0.0,100.0,1.0
2001-09-28 07:30:00,428.19643577357783,428.19643577357783,0.0,0.0,20.0,27.0,0.0,100.0,1.0
2001-09-28 08:30:00,0.0,0.0,0.0,0.0,20.0,27.0,0.0,100.0,3.0
2001-09-28 09:30:00,0.0,0.0,0.0,0.0,20.0,27.0,0.0,100.0,3.0
2001-09-28 10:30:00,-59.681201152335234,-59.681201152335234,0.0,0.0,20.0,27.0,0.0,100.0,-1.0
2001-09-28 11:30:00,-1277.5270632980273,-1277.5270632980273,0.0,0.0,20.0,27.0,0.0,100.0,-1.0
2001-09-28 12:30:00,-2048.107798709975,-2048.107798709975,0.0,0.0,20.0,27.0,0.0,100.0,-1.0
2001-09-28 13:30:00,-2522.7352241197377,-2522.7352241197377,0.0,0.0,20.0,27.0,0.0,100.0,-1.0
2001-09-28 14:30:00,-2691.4321892457383,-2691.4321892457383,0.0,0.0,20.0,27.0,0.0,100.0,-1.0
2001-09-28 15:30:00,-2481.992984777574,-2481.992984777574,0.0,0.0,20.0,27.0,0.0,100.0,-1.0
2001-09-28 16:30:00,-1914.7825350013964,-1914.7825350013964,0.0,0.0,20.0,27.0,0.0,100.0,-1.0
2001-09-28 17:30:00,-1240.9527097078872,-1240.9527097078872,0.0,0.0,20.0,27.0,0.0,100.0,-1.0
2001-09-28 18:30:00,-464.40487750698867,-464.40487750698867,0.0,0.0,20.0,27.0,0.0,100.0,-1.0
2001-09-28 19:30:00,0.0,0.0,0.0,0.0,20.0,27.0,0.0,100.0,3.0
2001-09-28 20:30:00,0.0,0.0,0.0,0.0,20.0,27.0,0.0,100.0,3.0
2001-09-28 21:30:00,0.0,0.0,0.0,0.0,20.0,27.0,0.0,100.0,3.0
2001-09-28 22:30:00,0.0,0.0,0.0,0.0,20.0,27.0,0.0,100.0,3.0
2001-09-28 23:30:00,0.0,0.0,0.0,0.0,20.0,27.0,0.0,100.0,3.0
2001-09-29 00:30:00,0.0,0.0,0.0,0.0,20.0,27.0,0.0,100.0,3.0
2001-09-29 01:30:00,52.44229783757146,52.44229783757146,0.0,0.0,20.0,27.0,0.0,100.0,1.0
2001-09-29 02:30:00,286.4556186480713,286.4556186480713,0.0,0.0,20.0,27.0,0.0,100.0,1.0
2001-09-29 03:30:00,412.01904019785707,412.01904019785707,0.0,0.0,20.0,27.0,0.0,100.0,1.0
2001-09-29 04:30:00,497.4232202906951,497.4232202906951,0.0,0.0,20.0,27.0,0.0,100.0,1.0
2001-09-29 05:30:00,561.4587981081368,561.4587981081368,0.0,0.0,20.0,27.0,0.0,100.0,1.0
2001-09-29 06:30:00,570.0920182874106,570.0920182874106,0.0,0.0,20.0,27.0,0.0,100.0,1.0
2001-09-29 07:30:00,382.21998607715705,382.21998607715705,0.0,0.0,20.0,27.0,0.0,100.0,1.0
2001-09-29 08:30:00,0.0,0.0,0.0,0.0,20.0,27.0,0.0,100.0,3.0
2001-09-29 09:30:00,0.0,0.0,0.0,0.0,20.0,27.0,0.0,100.0,3.0
2001-09-29 10:30:00,-624.3270892122955,-624.3270892122955,0.0,0.0,20.0,27.0,0.0,100.0,-1.0
2001-09-29 11:30:00,-1925.2386164905647,-1925.2386164905647,0.0,0.0,20.0,27.0,0.0,100.0,-1.0
2001-09-29 12:30:00,-2703.379937235827,-2703.379937235827,0.0,0.0,20.0,27.0,0.0,100.0,-1.0
2001-09-29 13:30:00,-3082.0308485697633,-3082.0308485697633,0.0,0.0,20.0,27.0,0.0,100.0,-1.0
2001-09-29 14:30:00,-3113.0479158657463,-3113.0479158657463,0.0,0.0,20.0,27.0,0.0,100.0,-1.0
2001-09-29 15:30:00,-2821.105781670197,-2821.105781670197,0.0,0.0,20.0,27.0,0.0,100.0,-1.0
2001-09-29 16:30:00,-2337.577210582519,-2337.577210582519,0.0,0.0,20.0,27.0,0.0,100.0,-1.0
2001-09-29 17:30:00,-1474.848811409919,-1474.848811409919,0.0,0.0,20.0,27.0,0.0,100.0,-1.0
2001-09-29 18:30:00,-630.8357831854273,-630.8357831854273,0.0,0.0,20.0,27.0,0.0,100.0,-1.0
2001-09-29 19:30:00,-101.88174102360244,-101.88174102360244,0.0,0.0,20.0,27.0,0.0,100.0,-1.0
2001-09-29 20:30:00,0.0,0.0,0.0,0.0,20.0,27.0,0.0,100.0,3.0
2001-09-29 21:30:00,0.0,0.0,0.0,0.0,20.0,27.0,0.0,100.0,3.0
2001-09-29 22:30:00,0.0,0.0,0.0,0.0,20.0,27.0,0.0,100.0,3.0
2001-09-29 23:30:00,0.0,0.0,0.0,0.0,20.0,27.0,0.0,100.0,3.0
2001-09-30 00:30:00,0.0,0.0,0.0,0.0,20.0,27.0,0.0,100.0,3.0
2001-09-30 01:30:00,0.0,0.0,0.0,0.0,20.0,27.0,0.0,100.0,3.0
2001-09-30 02:30:00,0.0,0.0,0.0,0.0,20.0,27.0,0.0,100.0,3.0
2001-09-30 03:30:00,205.26175109819633,205.26175109819633,0.0,0.0,20.0,27.0,0.0,100.0,1.0
2001-09-30 04:30:00,380.8358680917081,380.8358680917081,0.0,0.0,20.0,27.0,0.0,100.0,1.0
2001-09-30 05:30:00,507.01742079404085,507.01742079404085,0.0,0.0,20.0,27.0,0.0,100.0,1.0
2001-09-30 06:30:00,572.7726533740461,572.7726533740461,0.0,0.0,20.0,27.0,0.0,100.0,1.0
2001-09-30 07:30:00,435.68406316227447,435.68406316227447,0.0,0.0,20.0,27.0,0.0,100.0,1.0
2001-09-30 08:30:00,0.0,0.0,0.0,0.0,20.0,27.0,0.0,100.0,3.0
2001-09-30 09:30:00,0.0,0.0,0.0,0.0,20.0,27.0,0.0,100.0,3.0
2001-09-30 10:30:00,-592.2778769173556,-592.2778769173556,0.0,0.0,20.0,27.0,0.0,100.0,-1.0
2001-09-30 11:30:00,-1784.5314223412015,-1784.5314223412015,0.0,0.0,20.0,27.0,0.0,100.0,-1.0
2001-09-30 12:30:00,-2570.0662090074575,-2570.0662090074575,0.0,0.0,20.0,27.0,0.0,100.0,-1.0
2001-09-30 13:30:00,-3003.9093386801514,-3003.9093386801514,0.0,0.0,20.0,27.0,0.0,100.0,-1.0
2001-09-30 14:30:00,-3151.882597257848,-3151.882597257848,0.0,0.0,20.0,27.0,0.0,100.0,-1.0
2001-09-30 15:30:00,-2926.3312182335494,-2926.3312182335494,0.0,0.0,20.0,27.0,0.0,100.0,-1.0
2001-09-30 16:30:00,-2361.1831473164902,-2361.1831473164902,0.0,0.0,20.0,27.0,0.0,100.0,-1.0
2001-09-30 17:30:00,-1480.072539466314,-1480.072539466314,0.0,0.0,20.0,27.0,0.0,100.0,-1.0
2001-09-30 18:30:00,-646.4361537540071,-646.4361537540071,0.0,0.0,20.0,27.0,0.0,100.0,-1.0
2001-09-30 19:30:00,-76.53990223904111,-76.53990223904111,0.0,0.0,20.0,27.0,0.0,100.0,-1.0
2001-09-30 20:30:00,0.0,0.0,0.0,0.0,20.0,27.0,0.0,100.0,3.0
2001-09-30 21:30:00,0.0,0.0,0.0,0.0,20.0,27.0,0.0,100.0,3.0
2001-09-30 22:30:00,0.0,0.0,0.0,0.0,20.0,27.0,0.0,100.0,3.0
2001-09-30 23:30:00,0.0,0.0,0.0,0.0,20.0,27.0,0.0,100.0,3.0
2001-10-01 00:30:00,0.0,0.0,0.0,0.0,20.0,27.0,0.0,100.0,3.0
2001-10-01 01:30:00,63.13228926057491,63.13228926057491,0.0,0.0,20.0,27.0,0.0,100.0,1.0
2001-10-01 02:30:00,374.318480948451,374.318480948451,0.0,0.0,20.0,27.0,0.0,100.0,1.0
2001-10-01 03:30:00,576.5016756212253,576.5016756212253,0.0,0.0,20.0,27.0,0.0,100.0,1.0
2001-10-01 04:30:00,739.3720757775754,739.3720757775754,0.0,0.0,20.0,27.0,0.0,100.0,1.0
2001-10-01 05:30:00,879.9384631981293,879.9384631981293,0.0,0.0,20.0,27.0,0.0,100.0,1.0
2001-10-01 06:30:00,973.3536317518046,973.3536317518046,0.0,0.0,20.0,27.0,0.0,100.0,1.0
2001-10-01 07:30:00,899.0444772442897,899.0444772442897,0.0,0.0,20.0,27.0,0.0,100.0,1.0
2001-10-01 08:30:00,434.85479138310984,434.85479138310984,0.0,0.0,20.0,27.0,0.0,100.0,1.0
2001-10-01 09:30:00,0.0,0.0,0.0,0.0,20.0,27.0,0.0,100.0,3.0
2001-10-01 10:30:00,0.0,0.0,0.0,0.0,20.0,27.0,0.0,100.0,3.0
2001-10-01 11:30:00,-1244.477395577872,-1244.477395577872,0.0,0.0,20.0,27.0,0.0,100.0,-1.0
2001-10-01 12:30:00,-2204.229899985953,-2204.229899985953,0.0,0.0,20.0,27.0,0.0,100.0,-1.0
2001-10-01 13:30:00,-2738.5591096136513,-2738.5591096136513,0.0,0.0,20.0,27.0,0.0,100.0,-1.0
2001-10-01 14:30:00,-2877.7479266343717,-2877.7479266343717,0.0,0.0,20.0,27.0,0.0,100.0,-1.0
2001-10-01 15:30:00,-2604.3887433494065,-2604.3887433494065,0.0,0.0,20.0,27.0,0.0,100.0,-1.0
2001-10-01 16:30:00,-2081.3997118427897,-2081.3997118427897,0.0,0.0,20.0,27.0,0.0,100.0,-1.0
2001-10-01 17:30:00,-1290.6905712465023,-1290.6905712465023,0.0,0.0,20.0,27.0,0.0,100.0,-1.0
2001-10-01 18:30:00,-429.11134235611735,-429.11134235611735,0.0,0.0,20.0,27.0,0.0,100.0,-1.0
2001-10-01 19:30:00,0.0,0.0,0.0,0.0,20.0,27.0,0.0,100.0,3.0
2001-10-01 20:30:00,0.0,0.0,0.0,0.0,20.0,27.0,0.0,100.0,3.0
2001-10-01 21:30:00,0.0,0.0,0.0,0.0,20.0,27.0,0.0,100.0,3.0
2001-10-01 22:30:00,0.0,0.0,0.0,0.0,20.0,27.0,0.0,100.0,3.0
2001-10-01 23:30:00,0.0,0.0,0.0,0.0,20.0,27.0,0.0,100.0,3.0
2001-10-02 00:30:00,200.30639081218033,200.30639081218033,0.0,0.0,20.0,27.0,0.0,100.0,1.0
2001-10-02 01:30:00,478.6071271098481,478.6071271098481,0.0,0.0,20.0,27.0,0.0,100.0,1.0
2001-10-02 02:30:00,653.1477383233541,653.1477383233541,0.0,0.0,20.0,27.0,0.0,100.0,1.0
2001-10-02 03:30:00,782.7629083137754,782.7629083137754,0.0,0.0,20.0,27.0,0.0,100.0,1.0
2001-10-02 04:30:00,892.8308764776466,892.8308764776466,0.0,0.0,20.0,27.0,0.0,100.0,1.0
2001-10-02 05:30:00,984.9685563261191,984.9685563261191,0.0,0.0,20.0,27.0,0.0,100.0,1.0
2001-10-02 06:30:00,1025.5145223734771,1025.5145223734771,0.0,0.0,20.0,27.0,0.0,100.0,1.0
2001-10-02 07:30:00,858.4477536792419,858.4477536792419,0.0,0.0,20.0,27.0,0.0,100.0,1.0
2001-10-02 08:30:00,136.27532138904462,136.27532138904462,0.0,0.0,20.0,27.0,0.0,100.0,1.0
2001-10-02 09:30:00,0.0,0.0,0.0,0.0,20.0,27.0,0.0,100.0,3.0
2001-10-02 10:30:00,0.0,0.0,0.0,0.0,20.0,27.0,0.0,100.0,3.0
2001-10-02 11:30:00,-1168.4309053623065,-1168.4309053623065,0.0,0.0,20.0,27.0,0.0,100.0,-1.0
2001-10-02 12:30:00,-2019.3459185709971,-2019.3459185709971,0.0,0.0,20.0,27.0,0.0,100.0,-1.0
2001-10-02 13:30:00,-2518.060769921237,-2518.060769921237,0.0,0.0,20.0,27.0,0.0,100.0,-1.0
2001-10-02 14:30:00,-2661.895778886529,-2661.895778886529,0.0,0.0,20.0,27.0,0.0,100.0,-1.0
2001-10-02 15:30:00,-2339.2887544566465,-2339.2887544566465,0.0,0.0,20.0,27.0,0.0,100.0,-1.0
2001-10-02 16:30:00,-1744.8943630335825,-1744.8943630335825,0.0,0.0,20.0,27.0,0.0,100.0,-1.0
2001-10-02 17:30:00,-1042.0061625992812,-1042.0061625992812,0.0,0.0,20.0,27.0,0.0,100.0,-1.0
2001-10-02 18:30:00,-259.3755767847615,-259.3755767847615,0.0,0.0,20.0,27.0,0.0,100.0,-1.0
2001-10-02 19:30:00,0.0,0.0,0.0,0.0,20.0,27.0,0.0,100.0,3.0
2001-10-02 20:30:00,0.0,0.0,0.0,0.0,20.0,27.0,0.0,100.0,3.0
2001-10-02 21:30:00,0.0,0.0,0.0,0.0,20.0,27.0,0.0,100.0,3.0
2001-10-02 22:30:00,0.0,0.0,0.0,0.0,20.0,27.0,0.0,100.0,3.0
2001-10-02 23:30:00,0.0,0.0,0.0,0.0,20.0,27.0,0.0,100.0,3.0
2001-10-03 00:30:00,170.93551536377436,170.93551536377436,0.0,0.0,20.0,27.0,0.0,100.0,1.0
2001-10-03 01:30:00,412.7562318733617,412.7562318733617,0.0,0.0,20.0,27.0,0.0,100.0,1.0
2001-10-03 02:30:00,559.5093858108612,559.5093858108612,0.0,0.0,20.0,27.0,0.0,100.0,1.0
2001-10-03 03:30:00,666.1096314785573,666.1096314785573,0.0,0.0,20.0,27.0,0.0,100.0,1.0
2001-10-03 04:30:00,747.4129754447167,747.4129754447167,0.0,0.0,20.0,27.0,0.0,100.0,1.0
2001-10-03 05:30:00,815.1896206598631,815.1896206598631,0.0,0.0,20.0,27.0,0.0,100.0,1.0
2001-10-03 06:30:00,837.5203535481214,837.5203535481214,0.0,0.0,20.0,27.0,0.0,100.0,1.0
2001-10-03 07:30:00,692.6644650848866,692.6644650848866,0.0,0.0,20.0,27.0,0.0,100.0,1.0
2001-10-03 08:30:00,181.69708301862192,181.69708301862192,0.0,0.0,20.0,27.0,0.0,100.0,1.0
2001-10-03 09:30:00,0.0,0.0,0.0,0.0,20.0,27.0,0.0,100.0,3.0
2001-10-03 10:30:00,0.0,0.0,0.0,0.0,20.0,27.0,0.0,100.0,3.0
2001-10-03 11:30:00,-49.16667368992694,-49.16667368992694,0.0,0.0,20.0,27.0,0.0,100.0,-1.0
2001-10-03 12:30:00,-874.5491844339494,-874.5491844339494,0.0,0.0,20.0,27.0,0.0,100.0,-1.0
2001-10-03 13:30:00,-1356.21555928824,-1356.21555928824,0.0,0.0,20.0,27.0,0.0,100.0,-1.0
2001-10-03 14:30:00,-1838.6852121964303,-1838.6852121964303,0.0,0.0,20.0,27.0,0.0,100.0,-1.0
2001-10-03 15:30:00,-1984.7294872676875,-1984.7294872676875,0.0,0.0,20.0,27.0,0.0,100.0,-1.0
2001-10-03 16:30:00,-1622.0350523248226,-1622.0350523248226,0.0,0.0,20.0,27.0,0.0,100.0,-1.0
2001-10-03 17:30:00,-945.0823341166861,-945.0823341166861,0.0,0.0,20.0,27.0,0.0,100.0,-1.0
2001-10-03 18:30:00,-210.72873218090808,-210.72873218090808,0.0,0.0,20.0,27.0,0.0,100.0,-1.0
2001-10-03 19:30:00,0.0,0.0,0.0,0.0,20.0,27.0,0.0,100.0,3.0
2001-10-03 20:30:00,0.0,0.0,0.0,0.0,20.0,27.0,0.0,100.0,3.0
2001-10-03 21:30:00,0.0,0.0,0.0,0.0,20.0,27.0,0.0,100.0,3.0
2001-10-03 22:30:00,0.0,0.0,0.0,0.0,20.0,27.0,0.0,100.0,3.0
2001-10-03 23:30:00,0.0,0.0,0.0,0.0,20.0,27.0,0.0,100.0,3.0
2001-10-04 00:30:00,80.19590885447178,80.19590885447178,0.0,0.0,20.0,27.0,0.0,100.0,1.0
2001-10-04 01:30:00,346.1790911391645,346.1790911391645,0.0,0.0,20.0,27.0,0.0,100.0,1.0
2001-10-04 02:30:00,501.7517660285821,501.7517660285821,0.0,0.0,20.0,27.0,0.0,100.0,1.0
2001-10-04 03:30:00,614.5901251476234,614.5901251476234,0.0,0.0,20.0,27.0,0.0,100.0,1.0
2001-10-04 04:30:00,701.0944883175307,701.0944883175307,0.0,0.0,20.0,27.0,0.0,100.0,1.0
2001-10-04 05:30:00,770.6683619832656,770.6683619832656,0.0,0.0,20.0,27.0,0.0,100.0,1.0
2001-10-04 06:30:00,794.1133053125886,794.1133053125886,0.0,0.0,20.0,27.0,0.0,100.0,1.0
2001-10-04 07:30:00,628.1360038601142,628.1360038601142,0.0,0.0,20.0,27.0,0.0,100.0,1.0
2001-10-04 08:30:00,0.0,0.0,0.0,0.0,20.0,27.0,0.0,100.0,3.0
2001-10-04 09:30:00,0.0,0.0,0.0,0.0,20.0,27.0,0.0,100.0,3.0
2001-10-04 10:30:00,-439.9610770724057,-439.9610770724057,0.0,0.0,20.0,27.0,0.0,100.0,-1.0
2001-10-04 11:30:00,-1735.7279544389849,-1735.7279544389849,0.0,0.0,20.0,27.0,0.0,100.0,-1.0
2001-10-04 12:30:00,-2538.369337913565,-2538.369337913565,0.0,0.0,20.0,27.0,0.0,100.0,-1.0
2001-10-04 13:30:00,-3003.9341331110636,-3003.9341331110636,0.0,0.0,20.0,27.0,0.0,100.0,-1.0
2001-10-04 14:30:00,-3025.607904276724,-3025.607904276724,0.0,0.0,20.0,27.0,0.0,100.0,-1.0
2001-10-04 15:30:00,-2628.2179751815574,-2628.2179751815574,0.0,0.0,20.0,27.0,0.0,100.0,-1.0
2001-10-04 16:30:00,-2184.6178332241625,-2184.6178332241625,0.0,0.0,20.0,27.0,0.0,100.0,-1.0
2001-10-04 17:30:00,-1411.3161793455429,-1411.3161793455429,0.0,0.0,20.0,27.0,0.0,100.0,-1.0
2001-10-04 18:30:00,-519.9827923185685,-519.9827923185685,0.0,0.0,20.0,27.0,0.0,100.0,-1.0
2001-10-04 19:30:00,0.0,0.0,0.0,0.0,20.0,27.0,0.0,100.0,3.0
2001-10-04 20:30:00,0.0,0.0,0.0,0.0,20.0,27.0,0.0,100.0,3.0
2001-10-04 21:30:00,0.0,0.0,0.0,0.0,20.0,27.0,0.0,100.0,3.0
2001-10-04 22:30:00,0.0,0.0,0.0,0.0,20.0,27.0,0.0,100.0,3.0
2001-10-04 23:30:00,0.0,0.0,0.0,0.0,20.0,27.0,0.0,100.0,3.0
2001-10-05 00:30:00,0.0,0.0,0.0,0.0,20.0,27.0,0.0,100.0,3.0
2001-10-05 01:30:00,0.0,0.0,0.0,0.0,20.0,27.0,0.0,100.0,3.0
2001-10-05 02:30:00,168.9189443450341,168.9189443450341,0.0,0.0,20.0,27.0,0.0,100.0,1.0
2001-10-05 03:30:00,358.5176588095037,358.5176588095037,0.0,0.0,20.0,27.0,0.0,100.0,1.0
2001-10-05 04:30:00,481.69176723568216,481.69176723568216,0.0,0.0,20.0,27.0,0.0,100.0,1.0
2001-10-05 05:30:00,577.0866839918554,577.0866839918554,0.0,0.0,20.0,27.0,0.0,100.0,1.0
2001-10-05 06:30:00,623.3080401190637,623.3080401190637,0.0,0.0,20.0,27.0,0.0,100.0,1.0
2001-10-05 07:30:00,468.47547546267015,468.47547546267015,0.0,0.0,20.0,27.0,0.0,100.0,1.0
2001-10-05 08:30:00,0.0,0.0,0.0,0.0,20.0,27.0,0.0,100.0,3.0
2001-10-05 09:30:00,0.0,0.0,0.0,0.0,20.0,27.0,0.0,100.0,3.0
2001-10-05 10:30:00,-865.8420895810714,-865.8420895810714,0.0,0.0,20.0,27.0,0.0,100.0,-1.0
2001-10-05 11:30:00,-2121.698484426387,-2121.698484426387,0.0,0.0,20.0,27.0,0.0,100.0,-1.0
2001-10-05 12:30:00,-2929.625184357542,-2929.625184357542,0.0,0.0,20.0,27.0,0.0,100.0,-1.0
2001-10-05 13:30:00,-3418.786145924484,-3418.786145924484,0.0,0.0,20.0,27.0,0.0,100.0,-1.0
2001-10-05 14:30:00,-3543.610703925103,-3543.610703925103,0.0,0.0,20.0,27.0,0.0,100.0,-1.0
2001-10-05 15:30:00,-3122.2704246065578,-3122.2704246065578,0.0,0.0,20.0,27.0,0.0,100.0,-1.0
2001-10-05 16:30:00,-2413.9624235289857,-2413.9624235289857,0.0,0.0,20.0,27.0,0.0,100.0,-1.0
2001-10-05 17:30:00,-1586.5844309381146,-1586.5844309381146,0.0,0.0,20.0,27.0,0.0,100.0,-1.0
2001-10-05 18:30:00,-728.5765141576694,-728.5765141576694,0.0,0.0,20.0,27.0,0.0,100.0,-1.0
2001-10-05 19:30:00,-187.7848975035149,-187.7848975035149,0.0,0.0,20.0,27.0,0.0,100.0,-1.0
2001-10-05 20:30:00,0.0,0.0,0.0,0.0,20.0,27.0,0.0,100.0,3.0
2001-10-05 21:30:00,0.0,0.0,0.0,0.0,20.0,27.0,0.0,100.0,3.0
2001-10-05 22:30:00,0.0,0.0,0.0,0.0,20.0,27.0,0.0,100.0,3.0
2001-10-05 23:30:00,0.0,0.0,0.0,0.0,20.0,27.0,0.0,100.0,3.0
2001-10-06 00:30:00,0.0,0.0,0.0,0.0,20.0,27.0,0.0,100.0,3.0
2001-10-06 01:30:00,0.0,0.0,0.0,0.0,20.0,27.0,0.0,100.0,3.0
2001-10-06 02:30:00,0.0,0.0,0.0,0.0,20.0,27.0,0.0,100.0,3.0
2001-10-06 03:30:00,82.0855426179096,82.0855426179096,0.0,0.0,20.0,27.0,0.0,100.0,1.0
2001-10-06 04:30:00,314.51543092478187,314.51543092478187,0.0,0.0,20.0,27.0,0.0,100.0,1.0
2001-10-06 05:30:00,461.9147592364443,461.9147592364443,0.0,0.0,20.0,27.0,0.0,100.0,1.0
2001-10-06 06:30:00,538.3859133393789,538.3859133393789,0.0,0.0,20.0,27.0,0.0,100.0,1.0
2001-10-06 07:30:00,417.9733218773463,417.9733218773463,0.0,0.0,20.0,27.0,0.0,100.0,1.0
2001-10-06 08:30:00,0.0,0.0,0.0,0.0,20.0,27.0,0.0,100.0,3.0
2001-10-06 09:30:00,0.0,0.0,0.0,0.0,20.0,27.0,0.0,100.0,3.0
2001-10-06 10:30:00,-992.1202600277857,-992.1202600277857,0.0,0.0,20.0,27.0,0.0,100.0,-1.0
2001-10-06 11:30:00,-2292.51273681327,-2292.51273681327,0.0,0.0,20.0,27.0,0.0,100.0,-1.0
2001-10-06 12:30:00,-3125.4836927358074,-3125.4836927358074,0.0,0.0,20.0,27.0,0.0,100.0,-1.0
2001-10-06 13:30:00,-3573.785798699778,-3573.785798699778,0.0,0.0,20.0,27.0,0.0,100.0,-1.0
2001-10-06 14:30:00,-3657.123855907347,-3657.123855907347,0.0,0.0,20.0,27.0,0.0,100.0,-1.0
2001-10-06 15:30:00,-3411.9577250534194,-3411.9577250534194,0.0,0.0,20.0,27.0,0.0,100.0,-1.0
2001-10-06 16:30:00,-2771.651756805787,-2771.651756805787,0.0,0.0,20.0,27.0,0.0,100.0,-1.0
2001-10-06 17:30:00,-1775.2899438469567,-1775.2899438469567,0.0,0.0,20.0,27.0,0.0,100.0,-1.0
2001-10-06 18:30:00,-849.4983794331829,-849.4983794331829,0.0,0.0,20.0,27.0,0.0,100.0,-1.0
2001-10-06 19:30:00,-269.86817679391606,-269.86817679391606,0.0,0.0,20.0,27.0,0.0,100.0,-1.0
2001-10-06 20:30:00,0.0,0.0,0.0,0.0,20.0,27.0,0.0,100.0,3.0
2001-10-06 21:30:00,0.0,0.0,0.0,0.0,20.0,27.0,0.0,100.0,3.0
2001-10-06 22:30:00,0.0,0.0,0.0,0.0,20.0,27.0,0.0,100.0,3.0
2001-10-06 23:30:00,0.0,0.0,0.0,0.0,20.0,27.0,0.0,100.0,3.0
2001-10-07 00:30:00,0.0,0.0,0.0,0.0,20.0,27.0,0.0,100.0,3.0
2001-10-07 01:30:00,0.0,0.0,0.0,0.0,20.0,27.0,0.0,100.0,3.0
2001-10-07 02:30:00,0.0,0.0,0.0,0.0,20.0,27.0,0.0,100.0,3.0
2001-10-07 03:30:00,0.0,0.0,0.0,0.0,20.0,27.0,0.0,100.0,3.0
2001-10-07 04:30:00,176.52797161779927,176.52797161779927,0.0,0.0,20.0,27.0,0.0,100.0,1.0
2001-10-07 05:30:00,346.0436355939146,346.0436355939146,0.0,0.0,20.0,27.0,0.0,100.0,1.0
2001-10-07 06:30:00,425.3043769332653,425.3043769332653,0.0,0.0,20.0,27.0,0.0,100.0,1.0
2001-10-07 07:30:00,281.85405769842237,281.85405769842237,0.0,0.0,20.0,27.0,0.0,100.0,1.0
2001-10-07 08:30:00,0.0,0.0,0.0,0.0,20.0,27.0,0.0,100.0,3.0
2001-10-07 09:30:00,0.0,0.0,0.0,0.0,20.0,27.0,0.0,100.0,3.0
2001-10-07 10:30:00,-1368.4623206929764,-1368.4623206929764,0.0,0.0,20.0,27.0,0.0,100.0,-1.0
2001-10-07 11:30:00,-2533.6461518009846,-2533.6461518009846,0.0,0.0,20.0,27.0,0.0,100.0,-1.0
2001-10-07 12:30:00,-3237.283375051097,-3237.283375051097,0.0,0.0,20.0,27.0,0.0,100.0,-1.0
2001-10-07 13:30:00,-3651.559691031488,-3651.559691031488,0.0,0.0,20.0,27.0,0.0,100.0,-1.0
2001-10-07 14:30:00,-3759.0787740696132,-3759.0787740696132,0.0,0.0,20.0,27.0,0.0,100.0,-1.0
2001-10-07 15:30:00,-3473.016013737316,-3473.016013737316,0.0,0.0,20.0,27.0,0.0,100.0,-1.0
2001-10-07 16:30:00,-2731.5762990473368,-2731.5762990473368,0.0,0.0,20.0,27.0,0.0,100.0,-1.0
2001-10-07 17:30:00,-1721.8112757431436,-1721.8112757431436,0.0,0.0,20.0,27.0,0.0,100.0,-1.0
2001-10-07 18:30:00,-852.7397088443895,-852.7397088443895,0.0,0.0,20.0,27.0,0.0,100.0,-1.0
2001-10-07 19:30:00,-315.19328334910915,-315.19328334910915,0.0,0.0,20.0,27.0,0.0,100.0,-1.0
2001-10-07 20:30:00,0.0,0.0,0.0,0.0,20.0,27.0,0.0,100.0,3.0
2001-10-07 21:30:00,0.0,0.0,0.0,0.0,20.0,27.0,0.0,100.0,3.0
2001-10-07 22:30:00,0.0,0.0,0.0,0.0,20.0,27.0,0.0,100.0,3.0
2001-10-07 23:30:00,0.0,0.0,0.0,0.0,20.0,27.0,0.0,100.0,3.0
2001-10-08 00:30:00,0.0,0.0,0.0,0.0,20.0,27.0,0.0,100.0,3.0
2001-10-08 01:30:00,0.0,0.0,0.0,0.0,20.0,27.0,0.0,100.0,3.0
2001-10-08 02:30:00,0.0,0.0,0.0,0.0,20.0,27.0,0.0,100.0,3.0
2001-10-08 03:30:00,0.0,0.0,0.0,0.0,20.0,27.0,0.0,100.0,3.0
2001-10-08 04:30:00,0.0,0.0,0.0,0.0,20.0,27.0,0.0,100.0,3.0
2001-10-08 05:30:00,117.68861752062367,117.68861752062367,0.0,0.0,20.0,27.0,0.0,100.0,1.0
2001-10-08 06:30:00,268.2522680556531,268.2522680556531,0.0,0.0,20.0,27.0,0.0,100.0,1.0
2001-10-08 07:30:00,241.26552408402222,241.26552408402222,0.0,0.0,20.0,27.0,0.0,100.0,1.0
2001-10-08 08:30:00,0.0,0.0,0.0,0.0,20.0,27.0,0.0,100.0,3.0
2001-10-08 09:30:00,0.0,0.0,0.0,0.0,20.0,27.0,0.0,100.0,3.0
2001-10-08 10:30:00,0.0,0.0,0.0,0.0,20.0,27.0,0.0,100.0,3.0
2001-10-08 11:30:00,-672.1949706770129,-672.1949706770129,0.0,0.0,20.0,27.0,0.0,100.0,-1.0
2001-10-08 12:30:00,-1245.4446185449533,-1245.4446185449533,0.0,0.0,20.0,27.0,0.0,100.0,-1.0
2001-10-08 13:30:00,-1865.1134845586794,-1865.1134845586794,0.0,0.0,20.0,27.0,0.0,100.0,-1.0
2001-10-08 14:30:00,-2218.2321521457025,-2218.2321521457025,0.0,0.0,20.0,27.0,0.0,100.0,-1.0
2001-10-08 15:30:00,-2213.680345613734,-2213.680345613734,0.0,0.0,20.0,27.0,0.0,100.0,-1.0
2001-10-08 16:30:00,-1808.2392040859004,-1808.2392040859004,0.0,0.0,20.0,27.0,0.0,100.0,-1.0
2001-10-08 17:30:00,-1101.5737880241459,-1101.5737880241459,0.0,0.0,20.0,27.0,0.0,100.0,-1.0
2001-10-08 18:30:00,-414.5321800284919,-414.5321800284919,0.0,0.0,20.0,27.0,0.0,100.0,-1.0
2001-10-08 19:30:00,-8.415937002439023,-8.415937002439023,0.0,0.0,20.0,27.0,0.0,100.0,-1.0
2001-10-08 20:30:00,0.0,0.0,0.0,0.0,20.0,27.0,0.0,100.0,3.0
2001-10-08 21:30:00,0.0,0.0,0.0,0.0,20.0,27.0,0.0,100.0,3.0
2001-10-08 22:30:00,0.0,0.0,0.0,0.0,20.0,27.0,0.0,100.0,3.0
2001-10-08 23:30:00,0.0,0.0,0.0,0.0,20.0,27.0,0.0,100.0,3.0
2001-10-09 00:30:00,0.0,0.0,0.0,0.0,20.0,27.0,0.0,100.0,3.0
2001-10-09 01:30:00,0.0,0.0,0.0,0.0,20.0,27.0,0.0,100.0,3.0
2001-10-09 02:30:00,0.0,0.0,0.0,0.0,20.0,27.0,0.0,100.0,3.0
2001-10-09 03:30:00,0.0,0.0,0.0,0.0,20.0,27.0,0.0,100.0,3.0
2001-10-09 04:30:00,0.0,0.0,0.0,0.0,20.0,27.0,0.0,100.0,3.0
2001-10-09 05:30:00,0.0,0.0,0.0,0.0,20.0,27.0,0.0,100.0,3.0
2001-10-09 06:30:00,0.0,0.0,0.0,0.0,20.0,27.0,0.0,100.0,3.0
2001-10-09 07:30:00,0.0,0.0,0.0,0.0,20.0,27.0,0.0,100.0,3.0
2001-10-09 08:30:00,0.0,0.0,0.0,0.0,20.0,27.0,0.0,100.0,3.0
2001-10-09 09:30:00,0.0,0.0,0.0,0.0,20.0,27.0,0.0,100.0,3.0
2001-10-09 10:30:00,0.0,0.0,0.0,0.0,20.0,27.0,0.0,100.0,3.0
2001-10-09 11:30:00,-328.8307871809693,-328.8307871809693,0.0,0.0,20.0,27.0,0.0,100.0,-1.0
2001-10-09 12:30:00,-285.2508192123323,-285.2508192123323,0.0,0.0,20.0,27.0,0.0,100.0,-1.0
2001-10-09 13:30:00,-568.4715986882029,-568.4715986882029,0.0,0.0,20.0,27.0,0.0,100.0,-1.0
2001-10-09 14:30:00,-1152.56023417304,-1152.56023417304,0.0,0.0,20.0,27.0,0.0,100.0,-1.0
2001-10-09 15:30:00,-1704.190531015097,-1704.190531015097,0.0,0.0,20.0,27.0,0.0,100.0,-1.0
2001-10-09 16:30:00,-1338.542818056806,-1338.542818056806,0.0,0.0,20.0,27.0,0.0,100.0,-1.0
2001-10-09 17:30:00,-859.711856261506,-859.711856261506,0.0,0.0,20.0,27.0,0.0,100.0,-1.0
2001-10-09 18:30:00,-360.11984081515857,-360.11984081515857,0.0,0.0,20.0,27.0,0.0,100.0,-1.0
2001-10-09 19:30:00,-40.835481080111094,-40.835481080111094,0.0,0.0,20.0,27.0,0.0,100.0,-1.0
2001-10-09 20:30:00,0.0,0.0,0.0,0.0,20.0,27.0,0.0,100.0,3.0
2001-10-09 21:30:00,0.0,0.0,0.0,0.0,20.0,27.0,0.0,100.0,3.0
2001-10-09 22:30:00,0.0,0.0,0.0,0.0,20.0,27.0,0.0,100.0,3.0
2001-10-09 23:30:00,0.0,0.0,0.0,0.0,20.0,27.0,0.0,100.0,3.0
2001-10-10 00:30:00,0.0,0.0,0.0,0.0,20.0,27.0,0.0,100.0,3.0
2001-10-10 01:30:00,0.0,0.0,0.0,0.0,20.0,27.0,0.0,100.0,3.0
2001-10-10 02:30:00,0.0,0.0,0.0,0.0,20.0,27.0,0.0,100.0,3.0
2001-10-10 03:30:00,0.0,0.0,0.0,0.0,20.0,27.0,0.0,100.0,3.0
2001-10-10 04:30:00,0.0,0.0,0.0,0.0,20.0,27.0,0.0,100.0,3.0
2001-10-10 05:30:00,0.0,0.0,0.0,0.0,20.0,27.0,0.0,100.0,3.0
2001-10-10 06:30:00,0.0,0.0,0.0,0.0,20.0,27.0,0.0,100.0,3.0
2001-10-10 07:30:00,0.0,0.0,0.0,0.0,20.0,27.0,0.0,100.0,3.0
2001-10-10 08:30:00,0.0,0.0,0.0,0.0,20.0,27.0,0.0,100.0,3.0
2001-10-10 09:30:00,-129.0496987302722,-129.0496987302722,0.0,0.0,20.0,27.0,0.0,100.0,-1.0
2001-10-10 10:30:00,-1817.9198433709962,-1817.9198433709962,0.0,0.0,20.0,27.0,0.0,100.0,-1.0
2001-10-10 11:30:00,-2923.906831307274,-2923.906831307274,0.0,0.0,20.0,27.0,0.0,100.0,-1.0
2001-10-10 12:30:00,-3664.277629631454,-3664.277629631454,0.0,0.0,20.0,27.0,0.0,100.0,-1.0
2001-10-10 13:30:00,-4090.7212472207875,-4090.7212472207875,0.0,0.0,20.0,27.0,0.0,100.0,-1.0
2001-10-10 14:30:00,-4170.601235542282,-4170.601235542282,0.0,0.0,20.0,27.0,0.0,100.0,-1.0
2001-10-10 15:30:00,-3827.186392777624,-3827.186392777624,0.0,0.0,20.0,27.0,0.0,100.0,-1.0
2001-10-10 16:30:00,-3033.3387935733836,-3033.3387935733836,0.0,0.0,20.0,27.0,0.0,100.0,-1.0
2001-10-10 17:30:00,-2024.133160182787,-2024.133160182787,0.0,0.0,20.0,27.0,0.0,100.0,-1.0
2001-10-10 18:30:00,-1171.9428666331596,-1171.9428666331596,0.0,0.0,20.0,27.0,0.0,100.0,-1.0
2001-10-10 19:30:00,-646.46986588048,-646.46986588048,0.0,0.0,20.0,27.0,0.0,100.0,-1.0
2001-10-10 20:30:00,-324.3892824916675,-324.3892824916675,0.0,0.0,20.0,27.0,0.0,100.0,-1.0
2001-10-10 21:30:00,-115.30501368967725,-115.30501368967725,0.0,0.0,20.0,27.0,0.0,100.0,-1.0
2001-10-10 22:30:00,0.0,0.0,0.0,0.0,20.0,27.0,0.0,100.0,3.0
2001-10-10 23:30:00,0.0,0.0,0.0,0.0,20.0,27.0,0.0,100.0,3.0
2001-10-11 00:30:00,0.0,0.0,0.0,0.0,20.0,27.0,0.0,100.0,3.0
2001-10-11 01:30:00,0.0,0.0,0.0,0.0,20.0,27.0,0.0,100.0,3.0
2001-10-11 02:30:00,0.0,0.0,0.0,0.0,20.0,27.0,0.0,100.0,3.0
2001-10-11 03:30:00,0.0,0.0,0.0,0.0,20.0,27.0,0.0,100.0,3.0
2001-10-11 04:30:00,0.0,0.0,0.0,0.0,20.0,27.0,0.0,100.0,3.0
2001-10-11 05:30:00,0.0,0.0,0.0,0.0,20.0,27.0,0.0,100.0,3.0
2001-10-11 06:30:00,0.0,0.0,0.0,0.0,20.0,27.0,0.0,100.0,3.0
2001-10-11 07:30:00,0.0,0.0,0.0,0.0,20.0,27.0,0.0,100.0,3.0
2001-10-11 08:30:00,0.0,0.0,0.0,0.0,20.0,27.0,0.0,100.0,3.0
2001-10-11 09:30:00,-1054.7821166946787,-1054.7821166946787,0.0,0.0,20.0,27.0,0.0,100.0,-1.0
2001-10-11 10:30:00,-2157.5123755991453,-2157.5123755991453,0.0,0.0,20.0,27.0,0.0,100.0,-1.0
2001-10-11 11:30:00,-2961.4672055618894,-2961.4672055618894,0.0,0.0,20.0,27.0,0.0,100.0,-1.0
2001-10-11 12:30:00,-3550.2876020252397,-3550.2876020252397,0.0,0.0,20.0,27.0,0.0,100.0,-1.0
2001-10-11 13:30:00,-3907.7481985835975,-3907.7481985835975,0.0,0.0,20.0,27.0,0.0,100.0,-1.0
2001-10-11 14:30:00,-3856.5306811062665,-3856.5306811062665,0.0,0.0,20.0,27.0,0.0,100.0,-1.0
2001-10-11 15:30:00,-3373.462680910804,-3373.462680910804,0.0,0.0,20.0,27.0,0.0,100.0,-1.0
2001-10-11 16:30:00,-2625.5045376284006,-2625.5045376284006,0.0,0.0,20.0,27.0,0.0,100.0,-1.0
2001-10-11 17:30:00,-1650.6025440635467,-1650.6025440635467,0.0,0.0,20.0,27.0,0.0,100.0,-1.0
2001-10-11 18:30:00,-976.9498359320523,-976.9498359320523,0.0,0.0,20.0,27.0,0.0,100.0,-1.0
2001-10-11 19:30:00,-554.0544543596125,-554.0544543596125,0.0,0.0,20.0,27.0,0.0,100.0,-1.0
2001-10-11 20:30:00,-281.68480400140925,-281.68480400140925,0.0,0.0,20.0,27.0,0.0,100.0,-1.0
2001-10-11 21:30:00,-97.45806158421874,-97.45806158421874,0.0,0.0,20.0,27.0,0.0,100.0,-1.0
2001-10-11 22:30:00,0.0,0.0,0.0,0.0,20.0,27.0,0.0,100.0,3.0
2001-10-11 23:30:00,0.0,0.0,0.0,0.0,20.0,27.0,0.0,100.0,3.0
2001-10-12 00:30:00,0.0,0.0,0.0,0.0,20.0,27.0,0.0,100.0,3.0
2001-10-12 01:30:00,0.0,0.0,0.0,0.0,20.0,27.0,0.0,100.0,3.0
2001-10-12 02:30:00,0.0,0.0,0.0,0.0,20.0,27.0,0.0,100.0,3.0
2001-10-12 03:30:00,0.0,0.0,0.0,0.0,20.0,27.0,0.0,100.0,3.0
2001-10-12 04:30:00,0.0,0.0,0.0,0.0,20.0,27.0,0.0,100.0,3.0
2001-10-12 05:30:00,0.0,0.0,0.0,0.0,20.0,27.0,0.0,100.0,3.0
2001-10-12 06:30:00,0.0,0.0,0.0,0.0,20.0,27.0,0.0,100.0,3.0
2001-10-12 07:30:00,0.0,0.0,0.0,0.0,20.0,27.0,0.0,100.0,3.0
2001-10-12 08:30:00,0.0,0.0,0.0,0.0,20.0,27.0,0.0,100.0,3.0
2001-10-12 09:30:00,-233.75907153588287,-233.75907153588287,0.0,0.0,20.0,27.0,0.0,100.0,-1.0
2001-10-12 10:30:00,-1012.6153235563388,-1012.6153235563388,0.0,0.0,20.0,27.0,0.0,100.0,-1.0
2001-10-12 11:30:00,-1763.371427099105,-1763.371427099105,0.0,0.0,20.0,27.0,0.0,100.0,-1.0
2001-10-12 12:30:00,-2554.7942044737074,-2554.7942044737074,0.0,0.0,20.0,27.0,0.0,100.0,-1.0
2001-10-12 13:30:00,-3122.9880687101713,-3122.9880687101713,0.0,0.0,20.0,27.0,0.0,100.0,-1.0
2001-10-12 14:30:00,-3117.7927871180827,-3117.7927871180827,0.0,0.0,20.0,27.0,0.0,100.0,-1.0
2001-10-12 15:30:00,-2879.5644530318723,-2879.5644530318723,0.0,0.0,20.0,27.0,0.0,100.0,-1.0
2001-10-12 16:30:00,-2320.5493326375026,-2320.5493326375026,0.0,0.0,20.0,27.0,0.0,100.0,-1.0
2001-10-12 17:30:00,-1533.0469411076256,-1533.0469411076256,0.0,0.0,20.0,27.0,0.0,100.0,-1.0
2001-10-12 18:30:00,-796.3963777988238,-796.3963777988238,0.0,0.0,20.0,27.0,0.0,100.0,-1.0
2001-10-12 19:30:00,-347.27131985833694,-347.27131985833694,0.0,0.0,20.0,27.0,0.0,100.0,-1.0
2001-10-12 20:30:00,-62.81227149059396,-62.81227149059396,0.0,0.0,20.0,27.0,0.0,100.0,-1.0
2001-10-12 21:30:00,0.0,0.0,0.0,0.0,20.0,27.0,0.0,100.0,3.0
2001-10-12 22:30:00,0.0,0.0,0.0,0.0,20.0,27.0,0.0,100.0,3.0
2001-10-12 23:30:00,0.0,0.0,0.0,0.0,20.0,27.0,0.0,100.0,3.0
2001-10-13 00:30:00,0.0,0.0,0.0,0.0,20.0,27.0,0.0,100.0,3.0
2001-10-13 01:30:00,0.0,0.0,0.0,0.0,20.0,27.0,0.0,100.0,3.0
2001-10-13 02:30:00,0.0,0.0,0.0,0.0,20.0,27.0,0.0,100.0,3.0
2001-10-13 03:30:00,0.0,0.0,0.0,0.0,20.0,27.0,0.0,100.0,3.0
2001-10-13 04:30:00,0.0,0.0,0.0,0.0,20.0,27.0,0.0,100.0,3.0
2001-10-13 05:30:00,0.0,0.0,0.0,0.0,20.0,27.0,0.0,100.0,3.0
2001-10-13 06:30:00,0.0,0.0,0.0,0.0,20.0,27.0,0.0,100.0,3.0
2001-10-13 07:30:00,0.0,0.0,0.0,0.0,20.0,27.0,0.0,100.0,3.0
2001-10-13 08:30:00,0.0,0.0,0.0,0.0,20.0,27.0,0.0,100.0,3.0
2001-10-13 09:30:00,0.0,0.0,0.0,0.0,20.0,27.0,0.0,100.0,3.0
2001-10-13 10:30:00,-1304.4333359048424,-1304.4333359048424,0.0,0.0,20.0,27.0,0.0,100.0,-1.0
2001-10-13 11:30:00,-2337.9861565214296,-2337.9861565214296,0.0,0.0,20.0,27.0,0.0,100.0,-1.0
2001-10-13 12:30:00,-3052.492012371941,-3052.492012371941,0.0,0.0,20.0,27.0,0.0,100.0,-1.0
2001-10-13 13:30:00,-3473.7287514789195,-3473.7287514789195,0.0,0.0,20.0,27.0,0.0,100.0,-1.0
2001-10-13 14:30:00,-3585.7351491648706,-3585.7351491648706,0.0,0.0,20.0,27.0,0.0,100.0,-1.0
2001-10-13 15:30:00,-3323.226732144495,-3323.226732144495,0.0,0.0,20.0,27.0,0.0,100.0,-1.0
2001-10-13 16:30:00,-2674.1786407169066,-2674.1786407169066,0.0,0.0,20.0,27.0,0.0,100.0,-1.0
2001-10-13 17:30:00,-1762.5708867847798,-1762.5708867847798,0.0,0.0,20.0,27.0,0.0,100.0,-1.0
2001-10-13 18:30:00,-912.532563387761,-912.532563387761,0.0,0.0,20.0,27.0,0.0,100.0,-1.0
2001-10-13 19:30:00,-414.59205001184546,-414.59205001184546,0.0,0.0,20.0,27.0,0.0,100.0,-1.0
2001-10-13 20:30:00,-100.75912155898459,-100.75912155898459,0.0,0.0,20.0,27.0,0.0,100.0,-1.0
2001-10-13 21:30:00,0.0,0.0,0.0,0.0,20.0,27.0,0.0,100.0,3.0
2001-10-13 22:30:00,0.0,0.0,0.0,0.0,20.0,27.0,0.0,100.0,3.0
2001-10-13 23:30:00,0.0,0.0,0.0,0.0,20.0,27.0,0.0,100.0,3.0
2001-10-14 00:30:00,0.0,0.0,0.0,0.0,20.0,27.0,0.0,100.0,3.0
2001-10-14 01:30:00,0.0,0.0,0.0,0.0,20.0,27.0,0.0,100.0,3.0
2001-10-14 02:30:00,0.0,0.0,0.0,0.0,20.0,27.0,0.0,100.0,3.0
2001-10-14 03:30:00,0.0,0.0,0.0,0.0,20.0,27.0,0.0,100.0,3.0
2001-10-14 04:30:00,0.0,0.0,0.0,0.0,20.0,27.0,0.0,100.0,3.0
2001-10-14 05:30:00,0.0,0.0,0.0,0.0,20.0,27.0,0.0,100.0,3.0
2001-10-14 06:30:00,0.0,0.0,0.0,0.0,20.0,27.0,0.0,100.0,3.0
2001-10-14 07:30:00,0.0,0.0,0.0,0.0,20.0,27.0,0.0,100.0,3.0
2001-10-14 08:30:00,0.0,0.0,0.0,0.0,20.0,27.0,0.0,100.0,3.0
2001-10-14 09:30:00,0.0,0.0,0.0,0.0,20.0,27.0,0.0,100.0,3.0
2001-10-14 10:30:00,-1472.3595463136617,-1472.3595463136617,0.0,0.0,20.0,27.0,0.0,100.0,-1.0
2001-10-14 11:30:00,-2454.9439663398452,-2454.9439663398452,0.0,0.0,20.0,27.0,0.0,100.0,-1.0
2001-10-14 12:30:00,-3137.9926481238535,-3137.9926481238535,0.0,0.0,20.0,27.0,0.0,100.0,-1.0
2001-10-14 13:30:00,-3344.2462056952963,-3344.2462056952963,0.0,0.0,20.0,27.0,0.0,100.0,-1.0
2001-10-14 14:30:00,-2828.861854780599,-2828.861854780599,0.0,0.0,20.0,27.0,0.0,100.0,-1.0
2001-10-14 15:30:00,-2104.0943027375206,-2104.0943027375206,0.0,0.0,20.0,27.0,0.0,100.0,-1.0
2001-10-14 16:30:00,-1364.7056928569173,-1364.7056928569173,0.0,0.0,20.0,27.0,0.0,100.0,-1.0
2001-10-14 17:30:00,-765.1890297774744,-765.1890297774744,0.0,0.0,20.0,27.0,0.0,100.0,-1.0
2001-10-14 18:30:00,-306.4842164235697,-306.4842164235697,0.0,0.0,20.0,27.0,0.0,100.0,-1.0
2001-10-14 19:30:00,-31.54496684953392,-31.54496684953392,0.0,0.0,20.0,27.0,0.0,100.0,-1.0
2001-10-14 20:30:00,0.0,0.0,0.0,0.0,20.0,27.0,0.0,100.0,3.0
2001-10-14 21:30:00,0.0,0.0,0.0,0.0,20.0,27.0,0.0,100.0,3.0
2001-10-14 22:30:00,0.0,0.0,0.0,0.0,20.0,27.0,0.0,100.0,3.0
2001-10-14 23:30:00,0.0,0.0,0.0,0.0,20.0,27.0,0.0,100.0,3.0
2001-10-15 00:30:00,0.0,0.0,0.0,0.0,20.0,27.0,0.0,100.0,3.0
2001-10-15 01:30:00,0.0,0.0,0.0,0.0,20.0,27.0,0.0,100.0,3.0
2001-10-15 02:30:00,0.0,0.0,0.0,0.0,20.0,27.0,0.0,100.0,3.0
2001-10-15 03:30:00,0.0,0.0,0.0,0.0,20.0,27.0,0.0,100.0,3.0
2001-10-15 04:30:00,0.0,0.0,0.0,0.0,20.0,27.0,0.0,100.0,3.0
2001-10-15 05:30:00,0.0,0.0,0.0,0.0,20.0,27.0,0.0,100.0,3.0
2001-10-15 06:30:00,0.0,0.0,0.0,0.0,20.0,27.0,0.0,100.0,3.0
2001-10-15 07:30:00,0.0,0.0,0.0,0.0,20.0,27.0,0.0,100.0,3.0
2001-10-15 08:30:00,0.0,0.0,0.0,0.0,20.0,27.0,0.0,100.0,3.0
2001-10-15 09:30:00,0.0,0.0,0.0,0.0,20.0,27.0,0.0,100.0,3.0
2001-10-15 10:30:00,0.0,0.0,0.0,0.0,20.0,27.0,0.0,100.0,3.0
2001-10-15 11:30:00,-1289.741230833567,-1289.741230833567,0.0,0.0,20.0,27.0,0.0,100.0,-1.0
2001-10-15 12:30:00,-2041.8418428320301,-2041.8418428320301,0.0,0.0,20.0,27.0,0.0,100.0,-1.0
2001-10-15 13:30:00,-2621.1002269052233,-2621.1002269052233,0.0,0.0,20.0,27.0,0.0,100.0,-1.0
2001-10-15 14:30:00,-2988.9920032827295,-2988.9920032827295,0.0,0.0,20.0,27.0,0.0,100.0,-1.0
2001-10-15 15:30:00,-2640.27521158328,-2640.27521158328,0.0,0.0,20.0,27.0,0.0,100.0,-1.0
2001-10-15 16:30:00,-1810.6479205356545,-1810.6479205356545,0.0,0.0,20.0,27.0,0.0,100.0,-1.0
2001-10-15 17:30:00,-991.3855939159885,-991.3855939159885,0.0,0.0,20.0,27.0,0.0,100.0,-1.0
2001-10-15 18:30:00,-445.9124756825104,-445.9124756825104,0.0,0.0,20.0,27.0,0.0,100.0,-1.0
2001-10-15 19:30:00,-113.98757113179272,-113.98757113179272,0.0,0.0,20.0,27.0,0.0,100.0,-1.0
2001-10-15 20:30:00,0.0,0.0,0.0,0.0,20.0,27.0,0.0,100.0,3.0
2001-10-15 21:30:00,0.0,0.0,0.0,0.0,20.0,27.0,0.0,100.0,3.0
2001-10-15 22:30:00,0.0,0.0,0.0,0.0,20.0,27.0,0.0,100.0,3.0
2001-10-15 23:30:00,0.0,0.0,0.0,0.0,20.0,27.0,0.0,100.0,3.0
2001-10-16 00:30:00,0.0,0.0,0.0,0.0,20.0,27.0,0.0,100.0,3.0
2001-10-16 01:30:00,0.0,0.0,0.0,0.0,20.0,27.0,0.0,100.0,3.0
2001-10-16 02:30:00,0.0,0.0,0.0,0.0,20.0,27.0,0.0,100.0,3.0
2001-10-16 03:30:00,0.0,0.0,0.0,0.0,20.0,27.0,0.0,100.0,3.0
2001-10-16 04:30:00,0.0,0.0,0.0,0.0,20.0,27.0,0.0,100.0,3.0
2001-10-16 05:30:00,0.0,0.0,0.0,0.0,20.0,27.0,0.0,100.0,3.0
2001-10-16 06:30:00,108.02682118642042,108.02682118642042,0.0,0.0,20.0,27.0,0.0,100.0,1.0
2001-10-16 07:30:00,138.21108738789098,138.21108738789098,0.0,0.0,20.0,27.0,0.0,100.0,1.0
2001-10-16 08:30:00,0.0,0.0,0.0,0.0,20.0,27.0,0.0,100.0,3.0
2001-10-16 09:30:00,0.0,0.0,0.0,0.0,20.0,27.0,0.0,100.0,3.0
2001-10-16 10:30:00,-1088.6846297109032,-1088.6846297109032,0.0,0.0,20.0,27.0,0.0,100.0,-1.0
2001-10-16 11:30:00,-1548.224213050954,-1548.224213050954,0.0,0.0,20.0,27.0,0.0,100.0,-1.0
2001-10-16 12:30:00,-1532.0316830623115,-1532.0316830623115,0.0,0.0,20.0,27.0,0.0,100.0,-1.0
2001-10-16 13:30:00,-1721.996474392784,-1721.996474392784,0.0,0.0,20.0,27.0,0.0,100.0,-1.0
2001-10-16 14:30:00,-1780.6170764401168,-1780.6170764401168,0.0,0.0,20.0,27.0,0.0,100.0,-1.0
2001-10-16 15:30:00,-1863.407157008337,-1863.407157008337,0.0,0.0,20.0,27.0,0.0,100.0,-1.0
2001-10-16 16:30:00,-1671.9534247872098,-1671.9534247872098,0.0,0.0,20.0,27.0,0.0,100.0,-1.0
2001-10-16 17:30:00,-1108.940844233647,-1108.940844233647,0.0,0.0,20.0,27.0,0.0,100.0,-1.0
2001-10-16 18:30:00,-382.16504137979155,-382.16504137979155,0.0,0.0,20.0,27.0,0.0,100.0,-1.0
2001-10-16 19:30:00,0.0,0.0,0.0,0.0,20.0,27.0,0.0,100.0,3.0
2001-10-16 20:30:00,0.0,0.0,0.0,0.0,20.0,27.0,0.0,100.0,3.0
2001-10-16 21:30:00,0.0,0.0,0.0,0.0,20.0,27.0,0.0,100.0,3.0
2001-10-16 22:30:00,0.0,0.0,0.0,0.0,20.0,27.0,0.0,100.0,3.0
2001-10-16 23:30:00,0.0,0.0,0.0,0.0,20.0,27.0,0.0,100.0,3.0
2001-10-17 00:30:00,0.0,0.0,0.0,0.0,20.0,27.0,0.0,100.0,3.0
2001-10-17 01:30:00,0.0,0.0,0.0,0.0,20.0,27.0,0.0,100.0,3.0
2001-10-17 02:30:00,0.0,0.0,0.0,0.0,20.0,27.0,0.0,100.0,3.0
2001-10-17 03:30:00,103.17228284053908,103.17228284053908,0.0,0.0,20.0,27.0,0.0,100.0,1.0
2001-10-17 04:30:00,260.1322115256826,260.1322115256826,0.0,0.0,20.0,27.0,0.0,100.0,1.0
2001-10-17 05:30:00,358.3735407839986,358.3735407839986,0.0,0.0,20.0,27.0,0.0,100.0,1.0
2001-10-17 06:30:00,433.296729657759,433.296729657759,0.0,0.0,20.0,27.0,0.0,100.0,1.0
2001-10-17 07:30:00,342.7641283794783,342.7641283794783,0.0,0.0,20.0,27.0,0.0,100.0,1.0
2001-10-17 08:30:00,0.0,0.0,0.0,0.0,20.0,27.0,0.0,100.0,3.0
2001-10-17 09:30:00,0.0,0.0,0.0,0.0,20.0,27.0,0.0,100.0,3.0
2001-10-17 10:30:00,-1420.146935621874,-1420.146935621874,0.0,0.0,20.0,27.0,0.0,100.0,-1.0
2001-10-17 11:30:00,-2737.091866695305,-2737.091866695305,0.0,0.0,20.0,27.0,0.0,100.0,-1.0
2001-10-17 12:30:00,-3565.524610201018,-3565.524610201018,0.0,0.0,20.0,27.0,0.0,100.0,-1.0
2001-10-17 13:30:00,-3885.5945539539143,-3885.5945539539143,0.0,0.0,20.0,27.0,0.0,100.0,-1.0
2001-10-17 14:30:00,-3904.8492700920606,-3904.8492700920606,0.0,0.0,20.0,27.0,0.0,100.0,-1.0
2001-10-17 15:30:00,-3543.8165227754243,-3543.8165227754243,0.0,0.0,20.0,27.0,0.0,100.0,-1.0
2001-10-17 16:30:00,-2632.927223416288,-2632.927223416288,0.0,0.0,20.0,27.0,0.0,100.0,-1.0
2001-10-17 17:30:00,-1556.1800441760652,-1556.1800441760652,0.0,0.0,20.0,27.0,0.0,100.0,-1.0
2001-10-17 18:30:00,-718.6939007033789,-718.6939007033789,0.0,0.0,20.0,27.0,0.0,100.0,-1.0
2001-10-17 19:30:00,-224.0383672434773,-224.0383672434773,0.0,0.0,20.0,27.0,0.0,100.0,-1.0
2001-10-17 20:30:00,0.0,0.0,0.0,0.0,20.0,27.0,0.0,100.0,3.0
2001-10-17 21:30:00,0.0,0.0,0.0,0.0,20.0,27.0,0.0,100.0,3.0
2001-10-17 22:30:00,0.0,0.0,0.0,0.0,20.0,27.0,0.0,100.0,3.0
2001-10-17 23:30:00,0.0,0.0,0.0,0.0,20.0,27.0,0.0,100.0,3.0
2001-10-18 00:30:00,0.0,0.0,0.0,0.0,20.0,27.0,0.0,100.0,3.0
2001-10-18 01:30:00,0.0,0.0,0.0,0.0,20.0,27.0,0.0,100.0,3.0
2001-10-18 02:30:00,0.0,0.0,0.0,0.0,20.0,27.0,0.0,100.0,3.0
2001-10-18 03:30:00,0.0,0.0,0.0,0.0,20.0,27.0,0.0,100.0,3.0
2001-10-18 04:30:00,0.0,0.0,0.0,0.0,20.0,27.0,0.0,100.0,3.0
2001-10-18 05:30:00,0.0,0.0,0.0,0.0,20.0,27.0,0.0,100.0,3.0
2001-10-18 06:30:00,145.09434170513123,145.09434170513123,0.0,0.0,20.0,27.0,0.0,100.0,1.0
2001-10-18 07:30:00,142.80231889020706,142.80231889020706,0.0,0.0,20.0,27.0,0.0,100.0,1.0
2001-10-18 08:30:00,0.0,0.0,0.0,0.0,20.0,27.0,0.0,100.0,3.0
2001-10-18 09:30:00,0.0,0.0,0.0,0.0,20.0,27.0,0.0,100.0,3.0
2001-10-18 10:30:00,-384.78989093573637,-384.78989093573637,0.0,0.0,20.0,27.0,0.0,100.0,-1.0
2001-10-18 11:30:00,-1609.390378664214,-1609.390378664214,0.0,0.0,20.0,27.0,0.0,100.0,-1.0
2001-10-18 12:30:00,-2095.531753796625,-2095.531753796625,0.0,0.0,20.0,27.0,0.0,100.0,-1.0
2001-10-18 13:30:00,-2673.7645362317844,-2673.7645362317844,0.0,0.0,20.0,27.0,0.0,100.0,-1.0
2001-10-18 14:30:00,-3141.822386814206,-3141.822386814206,0.0,0.0,20.0,27.0,0.0,100.0,-1.0
2001-10-18 15:30:00,-3183.5264251406234,-3183.5264251406234,0.0,0.0,20.0,27.0,0.0,100.0,-1.0
2001-10-18 16:30:00,-2687.95444178627,-2687.95444178627,0.0,0.0,20.0,27.0,0.0,100.0,-1.0
2001-10-18 17:30:00,-1762.245469377228,-1762.245469377228,0.0,0.0,20.0,27.0,0.0,100.0,-1.0
2001-10-18 18:30:00,-819.9594208509234,-819.9594208509234,0.0,0.0,20.0,27.0,0.0,100.0,-1.0
2001-10-18 19:30:00,-269.9365183836353,-269.9365183836353,0.0,0.0,20.0,27.0,0.0,100.0,-1.0
2001-10-18 20:30:00,0.0,0.0,0.0,0.0,20.0,27.0,0.0,100.0,3.0
2001-10-18 21:30:00,0.0,0.0,0.0,0.0,20.0,27.0,0.0,100.0,3.0
2001-10-18 22:30:00,0.0,0.0,0.0,0.0,20.0,27.0,0.0,100.0,3.0
2001-10-18 23:30:00,0.0,0.0,0.0,0.0,20.0,27.0,0.0,100.0,3.0
2001-10-19 00:30:00,0.0,0.0,0.0,0.0,20.0,27.0,0.0,100.0,3.0
2001-10-19 01:30:00,0.0,0.0,0.0,0.0,20.0,27.0,0.0,100.0,3.0
2001-10-19 02:30:00,0.0,0.0,0.0,0.0,20.0,27.0,0.0,100.0,3.0
2001-10-19 03:30:00,0.0,0.0,0.0,0.0,20.0,27.0,0.0,100.0,3.0
2001-10-19 04:30:00,104.68424829631931,104.68424829631931,0.0,0.0,20.0,27.0,0.0,100.0,1.0
2001-10-19 05:30:00,306.27428108809727,306.27428108809727,0.0,0.0,20.0,27.0,0.0,100.0,1.0
2001-10-19 06:30:00,438.8664839211606,438.8664839211606,0.0,0.0,20.0,27.0,0.0,100.0,1.0
2001-10-19 07:30:00,448.5741464204557,448.5741464204557,0.0,0.0,20.0,27.0,0.0,100.0,1.0
2001-10-19 08:30:00,0.0,0.0,0.0,0.0,20.0,27.0,0.0,100.0,3.0
2001-10-19 09:30:00,0.0,0.0,0.0,0.0,20.0,27.0,0.0,100.0,3.0
2001-10-19 10:30:00,-1019.043694891202,-1019.043694891202,0.0,0.0,20.0,27.0,0.0,100.0,-1.0
2001-10-19 11:30:00,-2375.303928603472,-2375.303928603472,0.0,0.0,20.0,27.0,0.0,100.0,-1.0
2001-10-19 12:30:00,-3110.7387691479207,-3110.7387691479207,0.0,0.0,20.0,27.0,0.0,100.0,-1.0
2001-10-19 13:30:00,-3530.967056574479,-3530.967056574479,0.0,0.0,20.0,27.0,0.0,100.0,-1.0
2001-10-19 14:30:00,-3370.3486404655514,-3370.3486404655514,0.0,0.0,20.0,27.0,0.0,100.0,-1.0
2001-10-19 15:30:00,-2471.501665833982,-2471.501665833982,0.0,0.0,20.0,27.0,0.0,100.0,-1.0
2001-10-19 16:30:00,-1520.986114842689,-1520.986114842689,0.0,0.0,20.0,27.0,0.0,100.0,-1.0
2001-10-19 17:30:00,-758.0539340461646,-758.0539340461646,0.0,0.0,20.0,27.0,0.0,100.0,-1.0
2001-10-19 18:30:00,-168.3581537186974,-168.3581537186974,0.0,0.0,20.0,27.0,0.0,100.0,-1.0
2001-10-19 19:30:00,0.0,0.0,0.0,0.0,20.0,27.0,0.0,100.0,3.0
2001-10-19 20:30:00,0.0,0.0,0.0,0.0,20.0,27.0,0.0,100.0,3.0
2001-10-19 21:30:00,0.0,0.0,0.0,0.0,20.0,27.0,0.0,100.0,3.0
2001-10-19 22:30:00,0.0,0.0,0.0,0.0,20.0,27.0,0.0,100.0,3.0
2001-10-19 23:30:00,0.0,0.0,0.0,0.0,20.0,27.0,0.0,100.0,3.0
2001-10-20 00:30:00,0.0,0.0,0.0,0.0,20.0,27.0,0.0,100.0,3.0
2001-10-20 01:30:00,0.0,0.0,0.0,0.0,20.0,27.0,0.0,100.0,3.0
2001-10-20 02:30:00,0.0,0.0,0.0,0.0,20.0,27.0,0.0,100.0,3.0
2001-10-20 03:30:00,0.0,0.0,0.0,0.0,20.0,27.0,0.0,100.0,3.0
2001-10-20 04:30:00,48.30922794297294,48.30922794297294,0.0,0.0,20.0,27.0,0.0,100.0,1.0
2001-10-20 05:30:00,160.2642142889872,160.2642142889872,0.0,0.0,20.0,27.0,0.0,100.0,1.0
2001-10-20 06:30:00,223.73004779666644,223.73004779666644,0.0,0.0,20.0,27.0,0.0,100.0,1.0
2001-10-20 07:30:00,123.9971221277774,123.9971221277774,0.0,0.0,20.0,27.0,0.0,100.0,1.0
2001-10-20 08:30:00,0.0,0.0,0.0,0.0,20.0,27.0,0.0,100.0,3.0
2001-10-20 09:30:00,-170.81285489223228,-170.81285489223228,0.0,0.0,20.0,27.0,0.0,100.0,-1.0
2001-10-20 10:30:00,-1954.9520893032814,-1954.9520893032814,0.0,0.0,20.0,27.0,0.0,100.0,-1.0
2001-10-20 11:30:00,-3144.2374835536166,-3144.2374835536166,0.0,0.0,20.0,27.0,0.0,100.0,-1.0
2001-10-20 12:30:00,-3925.7618845860025,-3925.7618845860025,0.0,0.0,20.0,27.0,0.0,100.0,-1.0
2001-10-20 13:30:00,-4344.388282758028,-4344.388282758028,0.0,0.0,20.0,27.0,0.0,100.0,-1.0
2001-10-20 14:30:00,-4343.736323327989,-4343.736323327989,0.0,0.0,20.0,27.0,0.0,100.0,-1.0
2001-10-20 15:30:00,-3894.398605983194,-3894.398605983194,0.0,0.0,20.0,27.0,0.0,100.0,-1.0
2001-10-20 16:30:00,-2955.250676713321,-2955.250676713321,0.0,0.0,20.0,27.0,0.0,100.0,-1.0
2001-10-20 17:30:00,-1914.0702606994555,-1914.0702606994555,0.0,0.0,20.0,27.0,0.0,100.0,-1.0
2001-10-20 18:30:00,-997.1714095885409,-997.1714095885409,0.0,0.0,20.0,27.0,0.0,100.0,-1.0
2001-10-20 19:30:00,-461.20463517933877,-461.20463517933877,0.0,0.0,20.0,27.0,0.0,100.0,-1.0
2001-10-20 20:30:00,-124.07171175948861,-124.07171175948861,0.0,0.0,20.0,27.0,0.0,100.0,-1.0
2001-10-20 21:30:00,0.0,0.0,0.0,0.0,20.0,27.0,0.0,100.0,3.0
2001-10-20 22:30:00,0.0,0.0,0.0,0.0,20.0,27.0,0.0,100.0,3.0
2001-10-20 23:30:00,0.0,0.0,0.0,0.0,20.0,27.0,0.0,100.0,3.0
2001-10-21 00:30:00,0.0,0.0,0.0,0.0,20.0,27.0,0.0,100.0,3.0
2001-10-21 01:30:00,0.0,0.0,0.0,0.0,20.0,27.0,0.0,100.0,3.0
2001-10-21 02:30:00,0.0,0.0,0.0,0.0,20.0,27.0,0.0,100.0,3.0
2001-10-21 03:30:00,0.0,0.0,0.0,0.0,20.0,27.0,0.0,100.0,3.0
2001-10-21 04:30:00,0.0,0.0,0.0,0.0,20.0,27.0,0.0,100.0,3.0
2001-10-21 05:30:00,0.0,0.0,0.0,0.0,20.0,27.0,0.0,100.0,3.0
2001-10-21 06:30:00,0.0,0.0,0.0,0.0,20.0,27.0,0.0,100.0,3.0
2001-10-21 07:30:00,13.251630896830648,13.251630896830648,0.0,0.0,20.0,27.0,0.0,100.0,1.0
2001-10-21 08:30:00,0.0,0.0,0.0,0.0,20.0,27.0,0.0,100.0,3.0
2001-10-21 09:30:00,0.0,0.0,0.0,0.0,20.0,27.0,0.0,100.0,3.0
2001-10-21 10:30:00,-1827.8037026919965,-1827.8037026919965,0.0,0.0,20.0,27.0,0.0,100.0,-1.0
2001-10-21 11:30:00,-3011.2161976605994,-3011.2161976605994,0.0,0.0,20.0,27.0,0.0,100.0,-1.0
2001-10-21 12:30:00,-3778.734032102532,-3778.734032102532,0.0,0.0,20.0,27.0,0.0,100.0,-1.0
2001-10-21 13:30:00,-4109.342441774107,-4109.342441774107,0.0,0.0,20.0,27.0,0.0,100.0,-1.0
2001-10-21 14:30:00,-3990.0392154429255,-3990.0392154429255,0.0,0.0,20.0,27.0,0.0,100.0,-1.0
2001-10-21 15:30:00,-3747.089116480348,-3747.089116480348,0.0,0.0,20.0,27.0,0.0,100.0,-1.0
2001-10-21 16:30:00,-3018.3746070232237,-3018.3746070232237,0.0,0.0,20.0,27.0,0.0,100.0,-1.0
2001-10-21 17:30:00,-1942.5043923669718,-1942.5043923669718,0.0,0.0,20.0,27.0,0.0,100.0,-1.0
2001-10-21 18:30:00,-945.3561647766956,-945.3561647766956,0.0,0.0,20.0,27.0,0.0,100.0,-1.0
2001-10-21 19:30:00,-359.58926731250267,-359.58926731250267,0.0,0.0,20.0,27.0,0.0,100.0,-1.0
2001-10-21 20:30:00,0.0,0.0,0.0,0.0,20.0,27.0,0.0,100.0,3.0
2001-10-21 21:30:00,0.0,0.0,0.0,0.0,20.0,27.0,0.0,100.0,3.0
2001-10-21 22:30:00,0.0,0.0,0.0,0.0,20.0,27.0,0.0,100.0,3.0
2001-10-21 23:30:00,0.0,0.0,0.0,0.0,20.0,27.0,0.0,100.0,3.0
2001-10-22 00:30:00,0.0,0.0,0.0,0.0,20.0,27.0,0.0,100.0,3.0
2001-10-22 01:30:00,0.0,0.0,0.0,0.0,20.0,27.0,0.0,100.0,3.0
2001-10-22 02:30:00,0.0,0.0,0.0,0.0,20.0,27.0,0.0,100.0,3.0
2001-10-22 03:30:00,0.0,0.0,0.0,0.0,20.0,27.0,0.0,100.0,3.0
2001-10-22 04:30:00,0.0,0.0,0.0,0.0,20.0,27.0,0.0,100.0,3.0
2001-10-22 05:30:00,234.41146823403233,234.41146823403233,0.0,0.0,20.0,27.0,0.0,100.0,1.0
2001-10-22 06:30:00,373.213887174903,373.213887174903,0.0,0.0,20.0,27.0,0.0,100.0,1.0
2001-10-22 07:30:00,362.17048990856256,362.17048990856256,0.0,0.0,20.0,27.0,0.0,100.0,1.0
2001-10-22 08:30:00,0.0,0.0,0.0,0.0,20.0,27.0,0.0,100.0,3.0
2001-10-22 09:30:00,0.0,0.0,0.0,0.0,20.0,27.0,0.0,100.0,3.0
2001-10-22 10:30:00,-627.6854374776749,-627.6854374776749,0.0,0.0,20.0,27.0,0.0,100.0,-1.0
2001-10-22 11:30:00,-2168.180473334264,-2168.180473334264,0.0,0.0,20.0,27.0,0.0,100.0,-1.0
2001-10-22 12:30:00,-3152.8911093665383,-3152.8911093665383,0.0,0.0,20.0,27.0,0.0,100.0,-1.0
2001-10-22 13:30:00,-3577.5274151417643,-3577.5274151417643,0.0,0.0,20.0,27.0,0.0,100.0,-1.0
2001-10-22 14:30:00,-3764.4273461717885,-3764.4273461717885,0.0,0.0,20.0,27.0,0.0,100.0,-1.0
2001-10-22 15:30:00,-3350.34148674271,-3350.34148674271,0.0,0.0,20.0,27.0,0.0,100.0,-1.0
2001-10-22 16:30:00,-2172.6829715347985,-2172.6829715347985,0.0,0.0,20.0,27.0,0.0,100.0,-1.0
2001-10-22 17:30:00,-1072.044264729443,-1072.044264729443,0.0,0.0,20.0,27.0,0.0,100.0,-1.0
2001-10-22 18:30:00,-377.5907147844109,-377.5907147844109,0.0,0.0,20.0,27.0,0.0,100.0,-1.0
2001-10-22 19:30:00,0.0,0.0,0.0,0.0,20.0,27.0,0.0,100.0,3.0
2001-10-22 20:30:00,0.0,0.0,0.0,0.0,20.0,27.0,0.0,100.0,3.0
2001-10-22 21:30:00,0.0,0.0,0.0,0.0,20.0,27.0,0.0,100.0,3.0
2001-10-22 22:30:00,0.0,0.0,0.0,0.0,20.0,27.0,0.0,100.0,3.0
2001-10-22 23:30:00,0.0,0.0,0.0,0.0,20.0,27.0,0.0,100.0,3.0
2001-10-23 00:30:00,0.0,0.0,0.0,0.0,20.0,27.0,0.0,100.0,3.0
2001-10-23 01:30:00,0.0,0.0,0.0,0.0,20.0,27.0,0.0,100.0,3.0
2001-10-23 02:30:00,0.0,0.0,0.0,0.0,20.0,27.0,0.0,100.0,3.0
2001-10-23 03:30:00,205.83209029214777,205.83209029214777,0.0,0.0,20.0,27.0,0.0,100.0,1.0
2001-10-23 04:30:00,365.5683656839765,365.5683656839765,0.0,0.0,20.0,27.0,0.0,100.0,1.0
2001-10-23 05:30:00,481.4477504482511,481.4477504482511,0.0,0.0,20.0,27.0,0.0,100.0,1.0
2001-10-23 06:30:00,575.9866188197739,575.9866188197739,0.0,0.0,20.0,27.0,0.0,100.0,1.0
2001-10-23 07:30:00,515.4492470822443,515.4492470822443,0.0,0.0,20.0,27.0,0.0,100.0,1.0
2001-10-23 08:30:00,0.0,0.0,0.0,0.0,20.0,27.0,0.0,100.0,3.0
2001-10-23 09:30:00,0.0,0.0,0.0,0.0,20.0,27.0,0.0,100.0,3.0
2001-10-23 10:30:00,-1043.071960104996,-1043.071960104996,0.0,0.0,20.0,27.0,0.0,100.0,-1.0
2001-10-23 11:30:00,-2249.2192213774406,-2249.2192213774406,0.0,0.0,20.0,27.0,0.0,100.0,-1.0
2001-10-23 12:30:00,-3165.815052303652,-3165.815052303652,0.0,0.0,20.0,27.0,0.0,100.0,-1.0
2001-10-23 13:30:00,-3699.52289721326,-3699.52289721326,0.0,0.0,20.0,27.0,0.0,100.0,-1.0
2001-10-23 14:30:00,-3873.1584549274985,-3873.1584549274985,0.0,0.0,20.0,27.0,0.0,100.0,-1.0
2001-10-23 15:30:00,-3508.841979058753,-3508.841979058753,0.0,0.0,20.0,27.0,0.0,100.0,-1.0
2001-10-23 16:30:00,-2533.6249576339205,-2533.6249576339205,0.0,0.0,20.0,27.0,0.0,100.0,-1.0
2001-10-23 17:30:00,-1311.8776286076363,-1311.8776286076363,0.0,0.0,20.0,27.0,0.0,100.0,-1.0
2001-10-23 18:30:00,-466.85331578485693,-466.85331578485693,0.0,0.0,20.0,27.0,0.0,100.0,-1.0
2001-10-23 19:30:00,0.0,0.0,0.0,0.0,20.0,27.0,0.0,100.0,3.0
2001-10-23 20:30:00,0.0,0.0,0.0,0.0,20.0,27.0,0.0,100.0,3.0
2001-10-23 21:30:00,0.0,0.0,0.0,0.0,20.0,27.0,0.0,100.0,3.0
2001-10-23 22:30:00,0.0,0.0,0.0,0.0,20.0,27.0,0.0,100.0,3.0
2001-10-23 23:30:00,0.0,0.0,0.0,0.0,20.0,27.0,0.0,100.0,3.0
2001-10-24 00:30:00,0.0,0.0,0.0,0.0,20.0,27.0,0.0,100.0,3.0
2001-10-24 01:30:00,0.0,0.0,0.0,0.0,20.0,27.0,0.0,100.0,3.0
2001-10-24 02:30:00,25.80577347086819,25.80577347086819,0.0,0.0,20.0,27.0,0.0,100.0,1.0
2001-10-24 03:30:00,239.26292255646786,239.26292255646786,0.0,0.0,20.0,27.0,0.0,100.0,1.0
2001-10-24 04:30:00,357.9112826049004,357.9112826049004,0.0,0.0,20.0,27.0,0.0,100.0,1.0
2001-10-24 05:30:00,443.1966403091137,443.1966403091137,0.0,0.0,20.0,27.0,0.0,100.0,1.0
2001-10-24 06:30:00,510.41512889607657,510.41512889607657,0.0,0.0,20.0,27.0,0.0,100.0,1.0
2001-10-24 07:30:00,427.71558078205,427.71558078205,0.0,0.0,20.0,27.0,0.0,100.0,1.0
2001-10-24 08:30:00,0.0,0.0,0.0,0.0,20.0,27.0,0.0,100.0,3.0
2001-10-24 09:30:00,0.0,0.0,0.0,0.0,20.0,27.0,0.0,100.0,3.0
2001-10-24 10:30:00,-1126.0524031876039,-1126.0524031876039,0.0,0.0,20.0,27.0,0.0,100.0,-1.0
2001-10-24 11:30:00,-2265.3721660388446,-2265.3721660388446,0.0,0.0,20.0,27.0,0.0,100.0,-1.0
2001-10-24 12:30:00,-2854.1494276003023,-2854.1494276003023,0.0,0.0,20.0,27.0,0.0,100.0,-1.0
2001-10-24 13:30:00,-2809.938334247924,-2809.938334247924,0.0,0.0,20.0,27.0,0.0,100.0,-1.0
2001-10-24 14:30:00,-2864.5018119664064,-2864.5018119664064,0.0,0.0,20.0,27.0,0.0,100.0,-1.0
2001-10-24 15:30:00,-2896.2131978476036,-2896.2131978476036,0.0,0.0,20.0,27.0,0.0,100.0,-1.0
2001-10-24 16:30:00,-2240.4307669239197,-2240.4307669239197,0.0,0.0,20.0,27.0,0.0,100.0,-1.0
2001-10-24 17:30:00,-1363.7579194421223,-1363.7579194421223,0.0,0.0,20.0,27.0,0.0,100.0,-1.0
2001-10-24 18:30:00,-514.3977829721762,-514.3977829721762,0.0,0.0,20.0,27.0,0.0,100.0,-1.0
2001-10-24 19:30:00,-23.706541451319026,-23.706541451319026,0.0,0.0,20.0,27.0,0.0,100.0,-1.0
2001-10-24 20:30:00,0.0,0.0,0.0,0.0,20.0,27.0,0.0,100.0,3.0
2001-10-24 21:30:00,0.0,0.0,0.0,0.0,20.0,27.0,0.0,100.0,3.0
2001-10-24 22:30:00,0.0,0.0,0.0,0.0,20.0,27.0,0.0,100.0,3.0
2001-10-24 23:30:00,0.0,0.0,0.0,0.0,20.0,27.0,0.0,100.0,3.0
2001-10-25 00:30:00,0.0,0.0,0.0,0.0,20.0,27.0,0.0,100.0,3.0
2001-10-25 01:30:00,0.0,0.0,0.0,0.0,20.0,27.0,0.0,100.0,3.0
2001-10-25 02:30:00,0.0,0.0,0.0,0.0,20.0,27.0,0.0,100.0,3.0
2001-10-25 03:30:00,41.716068911904586,41.716068911904586,0.0,0.0,20.0,27.0,0.0,100.0,1.0
2001-10-25 04:30:00,226.92450657934023,226.92450657934023,0.0,0.0,20.0,27.0,0.0,100.0,1.0
2001-10-25 05:30:00,335.98433961008595,335.98433961008595,0.0,0.0,20.0,27.0,0.0,100.0,1.0
2001-10-25 06:30:00,417.68958275015757,417.68958275015757,0.0,0.0,20.0,27.0,0.0,100.0,1.0
2001-10-25 07:30:00,363.09569665132494,363.09569665132494,0.0,0.0,20.0,27.0,0.0,100.0,1.0
2001-10-25 08:30:00,0.0,0.0,0.0,0.0,20.0,27.0,0.0,100.0,3.0
2001-10-25 09:30:00,0.0,0.0,0.0,0.0,20.0,27.0,0.0,100.0,3.0
2001-10-25 10:30:00,0.0,0.0,0.0,0.0,20.0,27.0,0.0,100.0,3.0
2001-10-25 11:30:00,0.0,0.0,0.0,0.0,20.0,27.0,0.0,100.0,3.0
2001-10-25 12:30:00,0.0,0.0,0.0,0.0,20.0,27.0,0.0,100.0,3.0
2001-10-25 13:30:00,-31.814158276120907,-31.814158276120907,0.0,0.0,20.0,27.0,0.0,100.0,-1.0
2001-10-25 14:30:00,-131.6119671860415,-131.6119671860415,0.0,0.0,20.0,27.0,0.0,100.0,-1.0
2001-10-25 15:30:00,-156.38313323335842,-156.38313323335842,0.0,0.0,20.0,27.0,0.0,100.0,-1.0
2001-10-25 16:30:00,-163.5648455597575,-163.5648455597575,0.0,0.0,20.0,27.0,0.0,100.0,-1.0
2001-10-25 17:30:00,0.0,0.0,0.0,0.0,20.0,27.0,0.0,100.0,3.0
2001-10-25 18:30:00,0.0,0.0,0.0,0.0,20.0,27.0,0.0,100.0,3.0
2001-10-25 19:30:00,0.0,0.0,0.0,0.0,20.0,27.0,0.0,100.0,3.0
2001-10-25 20:30:00,0.0,0.0,0.0,0.0,20.0,27.0,0.0,100.0,3.0
2001-10-25 21:30:00,0.0,0.0,0.0,0.0,20.0,27.0,0.0,100.0,3.0
2001-10-25 22:30:00,0.0,0.0,0.0,0.0,20.0,27.0,0.0,100.0,3.0
2001-10-25 23:30:00,0.0,0.0,0.0,0.0,20.0,27.0,0.0,100.0,3.0
2001-10-26 00:30:00,44.573227613296694,44.573227613296694,0.0,0.0,20.0,27.0,0.0,100.0,1.0
2001-10-26 01:30:00,215.3387400377933,215.3387400377933,0.0,0.0,20.0,27.0,0.0,100.0,1.0
2001-10-26 02:30:00,308.5292209211766,308.5292209211766,0.0,0.0,20.0,27.0,0.0,100.0,1.0
2001-10-26 03:30:00,373.03893308463466,373.03893308463466,0.0,0.0,20.0,27.0,0.0,100.0,1.0
2001-10-26 04:30:00,417.15686739743614,417.15686739743614,0.0,0.0,20.0,27.0,0.0,100.0,1.0
2001-10-26 05:30:00,449.8966332086984,449.8966332086984,0.0,0.0,20.0,27.0,0.0,100.0,1.0
2001-10-26 06:30:00,476.2036791647906,476.2036791647906,0.0,0.0,20.0,27.0,0.0,100.0,1.0
2001-10-26 07:30:00,417.3543589415058,417.3543589415058,0.0,0.0,20.0,27.0,0.0,100.0,1.0
2001-10-26 08:30:00,195.75316994114746,195.75316994114746,0.0,0.0,20.0,27.0,0.0,100.0,1.0
2001-10-26 09:30:00,178.854972659532,178.854972659532,0.0,0.0,20.0,27.0,0.0,100.0,1.0
2001-10-26 10:30:00,0.0,0.0,0.0,0.0,20.0,27.0,0.0,100.0,3.0
2001-10-26 11:30:00,0.0,0.0,0.0,0.0,20.0,27.0,0.0,100.0,3.0
2001-10-26 12:30:00,0.0,0.0,0.0,0.0,20.0,27.0,0.0,100.0,3.0
2001-10-26 13:30:00,0.0,0.0,0.0,0.0,20.0,27.0,0.0,100.0,3.0
2001-10-26 14:30:00,-68.3727469497253,-68.3727469497253,0.0,0.0,20.0,27.0,0.0,100.0,-1.0
2001-10-26 15:30:00,-33.88781258863219,-33.88781258863219,0.0,0.0,20.0,27.0,0.0,100.0,-1.0
2001-10-26 16:30:00,0.0,0.0,0.0,0.0,20.0,27.0,0.0,100.0,3.0
2001-10-26 17:30:00,0.0,0.0,0.0,0.0,20.0,27.0,0.0,100.0,3.0
2001-10-26 18:30:00,0.0,0.0,0.0,0.0,20.0,27.0,0.0,100.0,3.0
2001-10-26 19:30:00,0.0,0.0,0.0,0.0,20.0,27.0,0.0,100.0,3.0
2001-10-26 20:30:00,0.0,0.0,0.0,0.0,20.0,27.0,0.0,100.0,3.0
2001-10-26 21:30:00,0.0,0.0,0.0,0.0,20.0,27.0,0.0,100.0,3.0
2001-10-26 22:30:00,0.0,0.0,0.0,0.0,20.0,27.0,0.0,100.0,3.0
2001-10-26 23:30:00,0.0,0.0,0.0,0.0,20.0,27.0,0.0,100.0,3.0
2001-10-27 00:30:00,141.57185927864884,141.57185927864884,0.0,0.0,20.0,27.0,0.0,100.0,1.0
2001-10-27 01:30:00,257.3275493989786,257.3275493989786,0.0,0.0,20.0,27.0,0.0,100.0,1.0
2001-10-27 02:30:00,336.977150230834,336.977150230834,0.0,0.0,20.0,27.0,0.0,100.0,1.0
2001-10-27 03:30:00,396.54203705184227,396.54203705184227,0.0,0.0,20.0,27.0,0.0,100.0,1.0
2001-10-27 04:30:00,443.5820744203611,443.5820744203611,0.0,0.0,20.0,27.0,0.0,100.0,1.0
2001-10-27 05:30:00,486.94425373572085,486.94425373572085,0.0,0.0,20.0,27.0,0.0,100.0,1.0
2001-10-27 06:30:00,525.1417884538641,525.1417884538641,0.0,0.0,20.0,27.0,0.0,100.0,1.0
2001-10-27 07:30:00,430.5199055380035,430.5199055380035,0.0,0.0,20.0,27.0,0.0,100.0,1.0
2001-10-27 08:30:00,0.0,0.0,0.0,0.0,20.0,27.0,0.0,100.0,3.0
2001-10-27 09:30:00,0.0,0.0,0.0,0.0,20.0,27.0,0.0,100.0,3.0
2001-10-27 10:30:00,0.0,0.0,0.0,0.0,20.0,27.0,0.0,100.0,3.0
2001-10-27 11:30:00,-15.637586680298227,-15.637586680298227,0.0,0.0,20.0,27.0,0.0,100.0,-1.0
2001-10-27 12:30:00,-385.7479004869665,-385.7479004869665,0.0,0.0,20.0,27.0,0.0,100.0,-1.0
2001-10-27 13:30:00,-765.591412128927,-765.591412128927,0.0,0.0,20.0,27.0,0.0,100.0,-1.0
2001-10-27 14:30:00,-1280.066211659293,-1280.066211659293,0.0,0.0,20.0,27.0,0.0,100.0,-1.0
2001-10-27 15:30:00,-1299.0651613009932,-1299.0651613009932,0.0,0.0,20.0,27.0,0.0,100.0,-1.0
2001-10-27 16:30:00,-957.8358339686501,-957.8358339686501,0.0,0.0,20.0,27.0,0.0,100.0,-1.0
2001-10-27 17:30:00,-466.16218152139027,-466.16218152139027,0.0,0.0,20.0,27.0,0.0,100.0,-1.0
2001-10-27 18:30:00,0.0,0.0,0.0,0.0,20.0,27.0,0.0,100.0,3.0
2001-10-27 19:30:00,0.0,0.0,0.0,0.0,20.0,27.0,0.0,100.0,3.0
2001-10-27 20:30:00,0.0,0.0,0.0,0.0,20.0,27.0,0.0,100.0,3.0
2001-10-27 21:30:00,0.0,0.0,0.0,0.0,20.0,27.0,0.0,100.0,3.0
2001-10-27 22:30:00,0.0,0.0,0.0,0.0,20.0,27.0,0.0,100.0,3.0
2001-10-27 23:30:00,0.0,0.0,0.0,0.0,20.0,27.0,0.0,100.0,3.0
2001-10-28 00:30:00,0.0,0.0,0.0,0.0,20.0,27.0,0.0,100.0,3.0
2001-10-28 01:30:00,108.76549646114199,108.76549646114199,0.0,0.0,20.0,27.0,0.0,100.0,1.0
2001-10-28 02:30:00,274.4922412814112,274.4922412814112,0.0,0.0,20.0,27.0,0.0,100.0,1.0
2001-10-28 03:30:00,376.0589828935035,376.0589828935035,0.0,0.0,20.0,27.0,0.0,100.0,1.0
2001-10-28 04:30:00,448.30486122808816,448.30486122808816,0.0,0.0,20.0,27.0,0.0,100.0,1.0
2001-10-28 05:30:00,502.75743453579344,502.75743453579344,0.0,0.0,20.0,27.0,0.0,100.0,1.0
2001-10-28 06:30:00,548.3448868869709,548.3448868869709,0.0,0.0,20.0,27.0,0.0,100.0,1.0
2001-10-28 07:30:00,553.5696493805644,553.5696493805644,0.0,0.0,20.0,27.0,0.0,100.0,1.0
2001-10-28 08:30:00,114.70147390454076,114.70147390454076,0.0,0.0,20.0,27.0,0.0,100.0,1.0
2001-10-28 09:30:00,0.0,0.0,0.0,0.0,20.0,27.0,0.0,100.0,3.0
2001-10-28 10:30:00,0.0,0.0,0.0,0.0,20.0,27.0,0.0,100.0,3.0
2001-10-28 11:30:00,0.0,0.0,0.0,0.0,20.0,27.0,0.0,100.0,3.0
2001-10-28 12:30:00,0.0,0.0,0.0,0.0,20.0,27.0,0.0,100.0,3.0
2001-10-28 13:30:00,0.0,0.0,0.0,0.0,20.0,27.0,0.0,100.0,3.0
2001-10-28 14:30:00,-9.063165681350256,-9.063165681350256,0.0,0.0,20.0,27.0,0.0,100.0,-1.0
2001-10-28 15:30:00,-79.95512902622886,-79.95512902622886,0.0,0.0,20.0,27.0,0.0,100.0,-1.0
2001-10-28 16:30:00,0.0,0.0,0.0,0.0,20.0,27.0,0.0,100.0,3.0
2001-10-28 17:30:00,0.0,0.0,0.0,0.0,20.0,27.0,0.0,100.0,3.0
2001-10-28 18:30:00,0.0,0.0,0.0,0.0,20.0,27.0,0.0,100.0,3.0
2001-10-28 19:30:00,0.0,0.0,0.0,0.0,20.0,27.0,0.0,100.0,3.0
2001-10-28 20:30:00,0.0,0.0,0.0,0.0,20.0,27.0,0.0,100.0,3.0
2001-10-28 21:30:00,0.0,0.0,0.0,0.0,20.0,27.0,0.0,100.0,3.0
2001-10-28 22:30:00,0.0,0.0,0.0,0.0,20.0,27.0,0.0,100.0,3.0
2001-10-28 23:30:00,94.75988686940036,94.75988686940036,0.0,0.0,20.0,27.0,0.0,100.0,1.0
2001-10-29 00:30:00,235.83865392507778,235.83865392507778,0.0,0.0,20.0,27.0,0.0,100.0,1.0
2001-10-29 01:30:00,311.4826942665004,311.4826942665004,0.0,0.0,20.0,27.0,0.0,100.0,1.0
2001-10-29 02:30:00,359.23721499905514,359.23721499905514,0.0,0.0,20.0,27.0,0.0,100.0,1.0
2001-10-29 03:30:00,392.8407503952385,392.8407503952385,0.0,0.0,20.0,27.0,0.0,100.0,1.0
2001-10-29 04:30:00,419.0098947511633,419.0098947511633,0.0,0.0,20.0,27.0,0.0,100.0,1.0
2001-10-29 05:30:00,436.9806161292354,436.9806161292354,0.0,0.0,20.0,27.0,0.0,100.0,1.0
2001-10-29 06:30:00,450.66316297274625,450.66316297274625,0.0,0.0,20.0,27.0,0.0,100.0,1.0
2001-10-29 07:30:00,396.2118787274021,396.2118787274021,0.0,0.0,20.0,27.0,0.0,100.0,1.0
2001-10-29 08:30:00,0.0,0.0,0.0,0.0,20.0,27.0,0.0,100.0,3.0
2001-10-29 09:30:00,0.0,0.0,0.0,0.0,20.0,27.0,0.0,100.0,3.0
2001-10-29 10:30:00,0.0,0.0,0.0,0.0,20.0,27.0,0.0,100.0,3.0
2001-10-29 11:30:00,0.0,0.0,0.0,0.0,20.0,27.0,0.0,100.0,3.0
2001-10-29 12:30:00,-412.7527206453333,-412.7527206453333,0.0,0.0,20.0,27.0,0.0,100.0,-1.0
2001-10-29 13:30:00,-1204.1841681565556,-1204.1841681565556,0.0,0.0,20.0,27.0,0.0,100.0,-1.0
2001-10-29 14:30:00,-2083.3723952669725,-2083.3723952669725,0.0,0.0,20.0,27.0,0.0,100.0,-1.0
2001-10-29 15:30:00,-1927.5311547099018,-1927.5311547099018,0.0,0.0,20.0,27.0,0.0,100.0,-1.0
2001-10-29 16:30:00,-1497.8465705181397,-1497.8465705181397,0.0,0.0,20.0,27.0,0.0,100.0,-1.0
2001-10-29 17:30:00,-619.970038445218,-619.970038445218,0.0,0.0,20.0,27.0,0.0,100.0,-1.0
2001-10-29 18:30:00,-69.16114354407,-69.16114354407,0.0,0.0,20.0,27.0,0.0,100.0,-1.0
2001-10-29 19:30:00,0.0,0.0,0.0,0.0,20.0,27.0,0.0,100.0,3.0
2001-10-29 20:30:00,0.0,0.0,0.0,0.0,20.0,27.0,0.0,100.0,3.0
2001-10-29 21:30:00,0.0,0.0,0.0,0.0,20.0,27.0,0.0,100.0,3.0
2001-10-29 22:30:00,0.0,0.0,0.0,0.0,20.0,27.0,0.0,100.0,3.0
2001-10-29 23:30:00,0.0,0.0,0.0,0.0,20.0,27.0,0.0,100.0,3.0
2001-10-30 00:30:00,0.0,0.0,0.0,0.0,20.0,27.0,0.0,100.0,3.0
2001-10-30 01:30:00,0.0,0.0,0.0,0.0,20.0,27.0,0.0,100.0,3.0
2001-10-30 02:30:00,17.387014334380183,17.387014334380183,0.0,0.0,20.0,27.0,0.0,100.0,1.0
2001-10-30 03:30:00,216.7953407027162,216.7953407027162,0.0,0.0,20.0,27.0,0.0,100.0,1.0
2001-10-30 04:30:00,334.08954076966256,334.08954076966256,0.0,0.0,20.0,27.0,0.0,100.0,1.0
2001-10-30 05:30:00,422.1641393210757,422.1641393210757,0.0,0.0,20.0,27.0,0.0,100.0,1.0
2001-10-30 06:30:00,496.97521192698423,496.97521192698423,0.0,0.0,20.0,27.0,0.0,100.0,1.0
2001-10-30 07:30:00,445.57601144729415,445.57601144729415,0.0,0.0,20.0,27.0,0.0,100.0,1.0
2001-10-30 08:30:00,0.0,0.0,0.0,0.0,20.0,27.0,0.0,100.0,3.0
2001-10-30 09:30:00,0.0,0.0,0.0,0.0,20.0,27.0,0.0,100.0,3.0
2001-10-30 10:30:00,-1363.617198708399,-1363.617198708399,0.0,0.0,20.0,27.0,0.0,100.0,-1.0
2001-10-30 11:30:00,-2776.5535820509676,-2776.5535820509676,0.0,0.0,20.0,27.0,0.0,100.0,-1.0
2001-10-30 12:30:00,-3549.6215779040895,-3549.6215779040895,0.0,0.0,20.0,27.0,0.0,100.0,-1.0
2001-10-30 13:30:00,-3942.5206515104974,-3942.5206515104974,0.0,0.0,20.0,27.0,0.0,100.0,-1.0
2001-10-30 14:30:00,-3823.473906183287,-3823.473906183287,0.0,0.0,20.0,27.0,0.0,100.0,-1.0
2001-10-30 15:30:00,-3382.2480883668986,-3382.2480883668986,0.0,0.0,20.0,27.0,0.0,100.0,-1.0
2001-10-30 16:30:00,-2630.0014253816908,-2630.0014253816908,0.0,0.0,20.0,27.0,0.0,100.0,-1.0
2001-10-30 17:30:00,-1527.7618342950454,-1527.7618342950454,0.0,0.0,20.0,27.0,0.0,100.0,-1.0
2001-10-30 18:30:00,-582.830604666934,-582.830604666934,0.0,0.0,20.0,27.0,0.0,100.0,-1.0
2001-10-30 19:30:00,-29.043472799140545,-29.043472799140545,0.0,0.0,20.0,27.0,0.0,100.0,-1.0
2001-10-30 20:30:00,0.0,0.0,0.0,0.0,20.0,27.0,0.0,100.0,3.0
2001-10-30 21:30:00,0.0,0.0,0.0,0.0,20.0,27.0,0.0,100.0,3.0
2001-10-30 22:30:00,0.0,0.0,0.0,0.0,20.0,27.0,0.0,100.0,3.0
2001-10-30 23:30:00,0.0,0.0,0.0,0.0,20.0,27.0,0.0,100.0,3.0
2001-10-31 00:30:00,0.0,0.0,0.0,0.0,20.0,27.0,0.0,100.0,3.0
2001-10-31 01:30:00,0.0,0.0,0.0,0.0,20.0,27.0,0.0,100.0,3.0
2001-10-31 02:30:00,103.72391786118169,103.72391786118169,0.0,0.0,20.0,27.0,0.0,100.0,1.0
2001-10-31 03:30:00,311.04800953090853,311.04800953090853,0.0,0.0,20.0,27.0,0.0,100.0,1.0
2001-10-31 04:30:00,440.0215859718028,440.0215859718028,0.0,0.0,20.0,27.0,0.0,100.0,1.0
2001-10-31 05:30:00,537.6013259035299,537.6013259035299,0.0,0.0,20.0,27.0,0.0,100.0,1.0
2001-10-31 06:30:00,617.0531510475594,617.0531510475594,0.0,0.0,20.0,27.0,0.0,100.0,1.0
2001-10-31 07:30:00,580.1623904587432,580.1623904587432,0.0,0.0,20.0,27.0,0.0,100.0,1.0
2001-10-31 08:30:00,0.0,0.0,0.0,0.0,20.0,27.0,0.0,100.0,3.0
2001-10-31 09:30:00,0.0,0.0,0.0,0.0,20.0,27.0,0.0,100.0,3.0
2001-10-31 10:30:00,-1664.0408212119155,-1664.0408212119155,0.0,0.0,20.0,27.0,0.0,100.0,-1.0
2001-10-31 11:30:00,-2791.5130546613627,-2791.5130546613627,0.0,0.0,20.0,27.0,0.0,100.0,-1.0
2001-10-31 12:30:00,-3561.6110576819037,-3561.6110576819037,0.0,0.0,20.0,27.0,0.0,100.0,-1.0
2001-10-31 13:30:00,-3866.60556608573,-3866.60556608573,0.0,0.0,20.0,27.0,0.0,100.0,-1.0
2001-10-31 14:30:00,-3817.2917277679544,-3817.2917277679544,0.0,0.0,20.0,27.0,0.0,100.0,-1.0
2001-10-31 15:30:00,-3525.9177499308216,-3525.9177499308216,0.0,0.0,20.0,27.0,0.0,100.0,-1.0
2001-10-31 16:30:00,-2588.8293396859453,-2588.8293396859453,0.0,0.0,20.0,27.0,0.0,100.0,-1.0
2001-10-31 17:30:00,-1374.0530626796617,-1374.0530626796617,0.0,0.0,20.0,27.0,0.0,100.0,-1.0
2001-10-31 18:30:00,-450.2642816661091,-450.2642816661091,0.0,0.0,20.0,27.0,0.0,100.0,-1.0
2001-10-31 19:30:00,0.0,0.0,0.0,0.0,20.0,27.0,0.0,100.0,3.0
2001-10-31 20:30:00,0.0,0.0,0.0,0.0,20.0,27.0,0.0,100.0,3.0
2001-10-31 21:30:00,0.0,0.0,0.0,0.0,20.0,27.0,0.0,100.0,3.0
2001-10-31 22:30:00,0.0,0.0,0.0,0.0,20.0,27.0,0.0,100.0,3.0
2001-10-31 23:30:00,0.0,0.0,0.0,0.0,20.0,27.0,0.0,100.0,3.0
2001-11-01 00:30:00,157.942160972304,157.942160972304,0.0,0.0,20.0,27.0,0.0,100.0,1.0
2001-11-01 01:30:00,490.3023658575203,490.3023658575203,0.0,0.0,20.0,27.0,0.0,100.0,1.0
2001-11-01 02:30:00,706.9219550811531,706.9219550811531,0.0,0.0,20.0,27.0,0.0,100.0,1.0
2001-11-01 03:30:00,877.9591075682274,877.9591075682274,0.0,0.0,20.0,27.0,0.0,100.0,1.0
2001-11-01 04:30:00,1022.7139613398176,1022.7139613398176,0.0,0.0,20.0,27.0,0.0,100.0,1.0
2001-11-01 05:30:00,1154.1027762526892,1154.1027762526892,0.0,0.0,20.0,27.0,0.0,100.0,1.0
2001-11-01 06:30:00,1278.8480847608353,1278.8480847608353,0.0,0.0,20.0,27.0,0.0,100.0,1.0
2001-11-01 07:30:00,1265.3488264920197,1265.3488264920197,0.0,0.0,20.0,27.0,0.0,100.0,1.0
2001-11-01 08:30:00,100.51601159650636,100.51601159650636,0.0,0.0,20.0,27.0,0.0,100.0,1.0
2001-11-01 09:30:00,0.0,0.0,0.0,0.0,20.0,27.0,0.0,100.0,3.0
2001-11-01 10:30:00,-273.75159698759035,-273.75159698759035,0.0,0.0,20.0,27.0,0.0,100.0,-1.0
2001-11-01 11:30:00,-1872.0515958906535,-1872.0515958906535,0.0,0.0,20.0,27.0,0.0,100.0,-1.0
2001-11-01 12:30:00,-2844.804447417334,-2844.804447417334,0.0,0.0,20.0,27.0,0.0,100.0,-1.0
2001-11-01 13:30:00,-3340.440854436235,-3340.440854436235,0.0,0.0,20.0,27.0,0.0,100.0,-1.0
2001-11-01 14:30:00,-3399.5658317766747,-3399.5658317766747,0.0,0.0,20.0,27.0,0.0,100.0,-1.0
2001-11-01 15:30:00,-3031.9461584323008,-3031.9461584323008,0.0,0.0,20.0,27.0,0.0,100.0,-1.0
2001-11-01 16:30:00,-2178.7837468651496,-2178.7837468651496,0.0,0.0,20.0,27.0,0.0,100.0,-1.0
2001-11-01 17:30:00,-1011.2455374353785,-1011.2455374353785,0.0,0.0,20.0,27.0,0.0,100.0,-1.0
2001-11-01 18:30:00,-13.527007457051695,-13.527007457051695,0.0,0.0,20.0,27.0,0.0,100.0,-1.0
2001-11-01 19:30:00,0.0,0.0,0.0,0.0,20.0,27.0,0.0,100.0,3.0
2001-11-01 20:30:00,0.0,0.0,0.0,0.0,20.0,27.0,0.0,100.0,3.0
2001-11-01 21:30:00,0.0,0.0,0.0,0.0,20.0,27.0,0.0,100.0,3.0
2001-11-01 22:30:00,131.15077664145065,131.15077664145065,0.0,0.0,20.0,27.0,0.0,100.0,1.0
2001-11-01 23:30:00,520.2577000001602,520.2577000001602,0.0,0.0,20.0,27.0,0.0,100.0,1.0
2001-11-02 00:30:00,738.3444895394023,738.3444895394023,0.0,0.0,20.0,27.0,0.0,100.0,1.0
2001-11-02 01:30:00,880.4601852460655,880.4601852460655,0.0,0.0,20.0,27.0,0.0,100.0,1.0
2001-11-02 02:30:00,979.5682308280038,979.5682308280038,0.0,0.0,20.0,27.0,0.0,100.0,1.0
2001-11-02 03:30:00,1056.5807878363412,1056.5807878363412,0.0,0.0,20.0,27.0,0.0,100.0,1.0
2001-11-02 04:30:00,1120.055260117666,1120.055260117666,0.0,0.0,20.0,27.0,0.0,100.0,1.0
2001-11-02 05:30:00,1173.5440229540181,1173.5440229540181,0.0,0.0,20.0,27.0,0.0,100.0,1.0
2001-11-02 06:30:00,1220.1061180969564,1220.1061180969564,0.0,0.0,20.0,27.0,0.0,100.0,1.0
2001-11-02 07:30:00,1173.2471042147108,1173.2471042147108,0.0,0.0,20.0,27.0,0.0,100.0,1.0
2001-11-02 08:30:00,120.76368669267504,120.76368669267504,0.0,0.0,20.0,27.0,0.0,100.0,1.0
2001-11-02 09:30:00,0.0,0.0,0.0,0.0,20.0,27.0,0.0,100.0,3.0
2001-11-02 10:30:00,-634.583950537638,-634.583950537638,0.0,0.0,20.0,27.0,0.0,100.0,-1.0
2001-11-02 11:30:00,-2050.119282675042,-2050.119282675042,0.0,0.0,20.0,27.0,0.0,100.0,-1.0
2001-11-02 12:30:00,-2988.6363901465147,-2988.6363901465147,0.0,0.0,20.0,27.0,0.0,100.0,-1.0
2001-11-02 13:30:00,-3269.993503788083,-3269.993503788083,0.0,0.0,20.0,27.0,0.0,100.0,-1.0
2001-11-02 14:30:00,-2935.774096868109,-2935.774096868109,0.0,0.0,20.0,27.0,0.0,100.0,-1.0
2001-11-02 15:30:00,-2174.600988267365,-2174.600988267365,0.0,0.0,20.0,27.0,0.0,100.0,-1.0
2001-11-02 16:30:00,-1321.750416274187,-1321.750416274187,0.0,0.0,20.0,27.0,0.0,100.0,-1.0
2001-11-02 17:30:00,-294.42049500746816,-294.42049500746816,0.0,0.0,20.0,27.0,0.0,100.0,-1.0
2001-11-02 18:30:00,0.0,0.0,0.0,0.0,20.0,27.0,0.0,100.0,3.0
2001-11-02 19:30:00,0.0,0.0,0.0,0.0,20.0,27.0,0.0,100.0,3.0
2001-11-02 20:30:00,0.0,0.0,0.0,0.0,20.0,27.0,0.0,100.0,3.0
2001-11-02 21:30:00,0.0,0.0,0.0,0.0,20.0,27.0,0.0,100.0,3.0
2001-11-02 22:30:00,233.42960940072226,233.42960940072226,0.0,0.0,20.0,27.0,0.0,100.0,1.0
2001-11-02 23:30:00,520.3142799409616,520.3142799409616,0.0,0.0,20.0,27.0,0.0,100.0,1.0
2001-11-03 00:30:00,691.8374249823892,691.8374249823892,0.0,0.0,20.0,27.0,0.0,100.0,1.0
2001-11-03 01:30:00,815.386939861788,815.386939861788,0.0,0.0,20.0,27.0,0.0,100.0,1.0
2001-11-03 02:30:00,910.1620615780303,910.1620615780303,0.0,0.0,20.0,27.0,0.0,100.0,1.0
2001-11-03 03:30:00,988.2314935755885,988.2314935755885,0.0,0.0,20.0,27.0,0.0,100.0,1.0
2001-11-03 04:30:00,1055.2539032983714,1055.2539032983714,0.0,0.0,20.0,27.0,0.0,100.0,1.0
2001-11-03 05:30:00,1113.5460932757596,1113.5460932757596,0.0,0.0,20.0,27.0,0.0,100.0,1.0
2001-11-03 06:30:00,1171.1115695197504,1171.1115695197504,0.0,0.0,20.0,27.0,0.0,100.0,1.0
2001-11-03 07:30:00,1141.6705854846696,1141.6705854846696,0.0,0.0,20.0,27.0,0.0,100.0,1.0
2001-11-03 08:30:00,231.29572426164668,231.29572426164668,0.0,0.0,20.0,27.0,0.0,100.0,1.0
2001-11-03 09:30:00,0.0,0.0,0.0,0.0,20.0,27.0,0.0,100.0,3.0
2001-11-03 10:30:00,-496.51575778852475,-496.51575778852475,0.0,0.0,20.0,27.0,0.0,100.0,-1.0
2001-11-03 11:30:00,-2152.1095315548073,-2152.1095315548073,0.0,0.0,20.0,27.0,0.0,100.0,-1.0
2001-11-03 12:30:00,-3076.6512550688485,-3076.6512550688485,0.0,0.0,20.0,27.0,0.0,100.0,-1.0
2001-11-03 13:30:00,-3366.3649348830922,-3366.3649348830922,0.0,0.0,20.0,27.0,0.0,100.0,-1.0
2001-11-03 14:30:00,-3011.7906853438117,-3011.7906853438117,0.0,0.0,20.0,27.0,0.0,100.0,-1.0
2001-11-03 15:30:00,-2280.411732037511,-2280.411732037511,0.0,0.0,20.0,27.0,0.0,100.0,-1.0
2001-11-03 16:30:00,-1335.1898796119594,-1335.1898796119594,0.0,0.0,20.0,27.0,0.0,100.0,-1.0
2001-11-03 17:30:00,-491.83931835598105,-491.83931835598105,0.0,0.0,20.0,27.0,0.0,100.0,-1.0
2001-11-03 18:30:00,0.0,0.0,0.0,0.0,20.0,27.0,0.0,100.0,3.0
2001-11-03 19:30:00,0.0,0.0,0.0,0.0,20.0,27.0,0.0,100.0,3.0
2001-11-03 20:30:00,0.0,0.0,0.0,0.0,20.0,27.0,0.0,100.0,3.0
2001-11-03 21:30:00,0.0,0.0,0.0,0.0,20.0,27.0,0.0,100.0,3.0
2001-11-03 22:30:00,101.52034464243934,101.52034464243934,0.0,0.0,20.0,27.0,0.0,100.0,1.0
2001-11-03 23:30:00,438.3162023298328,438.3162023298328,0.0,0.0,20.0,27.0,0.0,100.0,1.0
2001-11-04 00:30:00,627.9158812307251,627.9158812307251,0.0,0.0,20.0,27.0,0.0,100.0,1.0
2001-11-04 01:30:00,761.7290064641766,761.7290064641766,0.0,0.0,20.0,27.0,0.0,100.0,1.0
2001-11-04 02:30:00,859.6100893530629,859.6100893530629,0.0,0.0,20.0,27.0,0.0,100.0,1.0
2001-11-04 03:30:00,938.0388014186419,938.0388014186419,0.0,0.0,20.0,27.0,0.0,100.0,1.0
2001-11-04 04:30:00,1004.759219987106,1004.759219987106,0.0,0.0,20.0,27.0,0.0,100.0,1.0
2001-11-04 05:30:00,1067.3146732820614,1067.3146732820614,0.0,0.0,20.0,27.0,0.0,100.0,1.0
2001-11-04 06:30:00,1123.1446661443642,1123.1446661443642,0.0,0.0,20.0,27.0,0.0,100.0,1.0
2001-11-04 07:30:00,1090.0484234549513,1090.0484234549513,0.0,0.0,20.0,27.0,0.0,100.0,1.0
2001-11-04 08:30:00,113.88555836203523,113.88555836203523,0.0,0.0,20.0,27.0,0.0,100.0,1.0
2001-11-04 09:30:00,0.0,0.0,0.0,0.0,20.0,27.0,0.0,100.0,3.0
2001-11-04 10:30:00,0.0,0.0,0.0,0.0,20.0,27.0,0.0,100.0,3.0
2001-11-04 11:30:00,-1013.8810144231875,-1013.8810144231875,0.0,0.0,20.0,27.0,0.0,100.0,-1.0
2001-11-04 12:30:00,-2139.6737912973413,-2139.6737912973413,0.0,0.0,20.0,27.0,0.0,100.0,-1.0
2001-11-04 13:30:00,-2917.510233973803,-2917.510233973803,0.0,0.0,20.0,27.0,0.0,100.0,-1.0
2001-11-04 14:30:00,-3204.3758331098334,-3204.3758331098334,0.0,0.0,20.0,27.0,0.0,100.0,-1.0
2001-11-04 15:30:00,-2790.203516495777,-2790.203516495777,0.0,0.0,20.0,27.0,0.0,100.0,-1.0
2001-11-04 16:30:00,-1836.6060290108808,-1836.6060290108808,0.0,0.0,20.0,27.0,0.0,100.0,-1.0
2001-11-04 17:30:00,-826.0818930217674,-826.0818930217674,0.0,0.0,20.0,27.0,0.0,100.0,-1.0
2001-11-04 18:30:00,0.0,0.0,0.0,0.0,20.0,27.0,0.0,100.0,3.0
2001-11-04 19:30:00,0.0,0.0,0.0,0.0,20.0,27.0,0.0,100.0,3.0
2001-11-04 20:30:00,0.0,0.0,0.0,0.0,20.0,27.0,0.0,100.0,3.0
2001-11-04 21:30:00,0.0,0.0,0.0,0.0,20.0,27.0,0.0,100.0,3.0
2001-11-04 22:30:00,0.0,0.0,0.0,0.0,20.0,27.0,0.0,100.0,3.0
2001-11-04 23:30:00,216.0590602811899,216.0590602811899,0.0,0.0,20.0,27.0,0.0,100.0,1.0
2001-11-05 00:30:00,460.5598717186713,460.5598717186713,0.0,0.0,20.0,27.0,0.0,100.0,1.0
2001-11-05 01:30:00,597.5934480463229,597.5934480463229,0.0,0.0,20.0,27.0,0.0,100.0,1.0
2001-11-05 02:30:00,688.7120071431791,688.7120071431791,0.0,0.0,20.0,27.0,0.0,100.0,1.0
2001-11-05 03:30:00,753.0357694820359,753.0357694820359,0.0,0.0,20.0,27.0,0.0,100.0,1.0
2001-11-05 04:30:00,800.3554053110074,800.3554053110074,0.0,0.0,20.0,27.0,0.0,100.0,1.0
2001-11-05 05:30:00,836.8639602836101,836.8639602836101,0.0,0.0,20.0,27.0,0.0,100.0,1.0
2001-11-05 06:30:00,868.8775873675413,868.8775873675413,0.0,0.0,20.0,27.0,0.0,100.0,1.0
2001-11-05 07:30:00,826.4698509514765,826.4698509514765,0.0,0.0,20.0,27.0,0.0,100.0,1.0
2001-11-05 08:30:00,155.47569903503154,155.47569903503154,0.0,0.0,20.0,27.0,0.0,100.0,1.0
2001-11-05 09:30:00,0.0,0.0,0.0,0.0,20.0,27.0,0.0,100.0,3.0
2001-11-05 10:30:00,0.0,0.0,0.0,0.0,20.0,27.0,0.0,100.0,3.0
2001-11-05 11:30:00,-1472.0873505083573,-1472.0873505083573,0.0,0.0,20.0,27.0,0.0,100.0,-1.0
2001-11-05 12:30:00,-2268.826341499206,-2268.826341499206,0.0,0.0,20.0,27.0,0.0,100.0,-1.0
2001-11-05 13:30:00,-2274.9087522216714,-2274.9087522216714,0.0,0.0,20.0,27.0,0.0,100.0,-1.0
2001-11-05 14:30:00,-1800.6658656207064,-1800.6658656207064,0.0,0.0,20.0,27.0,0.0,100.0,-1.0
2001-11-05 15:30:00,-1464.052324298128,-1464.052324298128,0.0,0.0,20.0,27.0,0.0,100.0,-1.0
2001-11-05 16:30:00,-794.1824469815083,-794.1824469815083,0.0,0.0,20.0,27.0,0.0,100.0,-1.0
2001-11-05 17:30:00,-189.7563139068634,-189.7563139068634,0.0,0.0,20.0,27.0,0.0,100.0,-1.0
2001-11-05 18:30:00,0.0,0.0,0.0,0.0,20.0,27.0,0.0,100.0,3.0
2001-11-05 19:30:00,0.0,0.0,0.0,0.0,20.0,27.0,0.0,100.0,3.0
2001-11-05 20:30:00,0.0,0.0,0.0,0.0,20.0,27.0,0.0,100.0,3.0
2001-11-05 21:30:00,0.0,0.0,0.0,0.0,20.0,27.0,0.0,100.0,3.0
2001-11-05 22:30:00,0.0,0.0,0.0,0.0,20.0,27.0,0.0,100.0,3.0
2001-11-05 23:30:00,159.36660628993195,159.36660628993195,0.0,0.0,20.0,27.0,0.0,100.0,1.0
2001-11-06 00:30:00,375.39469404496685,375.39469404496685,0.0,0.0,20.0,27.0,0.0,100.0,1.0
2001-11-06 01:30:00,510.5862295169036,510.5862295169036,0.0,0.0,20.0,27.0,0.0,100.0,1.0
2001-11-06 02:30:00,607.6445932782235,607.6445932782235,0.0,0.0,20.0,27.0,0.0,100.0,1.0
2001-11-06 03:30:00,683.0940621766986,683.0940621766986,0.0,0.0,20.0,27.0,0.0,100.0,1.0
2001-11-06 04:30:00,747.6639721931151,747.6639721931151,0.0,0.0,20.0,27.0,0.0,100.0,1.0
2001-11-06 05:30:00,806.4723812845905,806.4723812845905,0.0,0.0,20.0,27.0,0.0,100.0,1.0
2001-11-06 06:30:00,858.4497420533489,858.4497420533489,0.0,0.0,20.0,27.0,0.0,100.0,1.0
2001-11-06 07:30:00,846.0908138678542,846.0908138678542,0.0,0.0,20.0,27.0,0.0,100.0,1.0
2001-11-06 08:30:00,590.075482151924,590.075482151924,0.0,0.0,20.0,27.0,0.0,100.0,1.0
2001-11-06 09:30:00,0.0,0.0,0.0,0.0,20.0,27.0,0.0,100.0,3.0
2001-11-06 10:30:00,0.0,0.0,0.0,0.0,20.0,27.0,0.0,100.0,3.0
2001-11-06 11:30:00,-818.8930977750306,-818.8930977750306,0.0,0.0,20.0,27.0,0.0,100.0,-1.0
2001-11-06 12:30:00,-1623.4383660578378,-1623.4383660578378,0.0,0.0,20.0,27.0,0.0,100.0,-1.0
2001-11-06 13:30:00,-2067.304729655604,-2067.304729655604,0.0,0.0,20.0,27.0,0.0,100.0,-1.0
2001-11-06 14:30:00,-2516.5022348927823,-2516.5022348927823,0.0,0.0,20.0,27.0,0.0,100.0,-1.0
2001-11-06 15:30:00,-2473.8296469241113,-2473.8296469241113,0.0,0.0,20.0,27.0,0.0,100.0,-1.0
2001-11-06 16:30:00,-1606.643412026363,-1606.643412026363,0.0,0.0,20.0,27.0,0.0,100.0,-1.0
2001-11-06 17:30:00,-523.0325238261057,-523.0325238261057,0.0,0.0,20.0,27.0,0.0,100.0,-1.0
2001-11-06 18:30:00,0.0,0.0,0.0,0.0,20.0,27.0,0.0,100.0,3.0
2001-11-06 19:30:00,0.0,0.0,0.0,0.0,20.0,27.0,0.0,100.0,3.0
2001-11-06 20:30:00,0.0,0.0,0.0,0.0,20.0,27.0,0.0,100.0,3.0
2001-11-06 21:30:00,0.0,0.0,0.0,0.0,20.0,27.0,0.0,100.0,3.0
2001-11-06 22:30:00,0.0,0.0,0.0,0.0,20.0,27.0,0.0,100.0,3.0
2001-11-06 23:30:00,129.15896537267326,129.15896537267326,0.0,0.0,20.0,27.0,0.0,100.0,1.0
2001-11-07 00:30:00,392.63244294871765,392.63244294871765,0.0,0.0,20.0,27.0,0.0,100.0,1.0
2001-11-07 01:30:00,545.6725810167318,545.6725810167318,0.0,0.0,20.0,27.0,0.0,100.0,1.0
2001-11-07 02:30:00,655.4529605269036,655.4529605269036,0.0,0.0,20.0,27.0,0.0,100.0,1.0
2001-11-07 03:30:00,741.0623430566447,741.0623430566447,0.0,0.0,20.0,27.0,0.0,100.0,1.0
2001-11-07 04:30:00,812.7610064261617,812.7610064261617,0.0,0.0,20.0,27.0,0.0,100.0,1.0
2001-11-07 05:30:00,879.1270559359555,879.1270559359555,0.0,0.0,20.0,27.0,0.0,100.0,1.0
2001-11-07 06:30:00,937.2804915260876,937.2804915260876,0.0,0.0,20.0,27.0,0.0,100.0,1.0
2001-11-07 07:30:00,917.5121858816028,917.5121858816028,0.0,0.0,20.0,27.0,0.0,100.0,1.0
2001-11-07 08:30:00,129.82184528683138,129.82184528683138,0.0,0.0,20.0,27.0,0.0,100.0,1.0
2001-11-07 09:30:00,0.0,0.0,0.0,0.0,20.0,27.0,0.0,100.0,3.0
2001-11-07 10:30:00,-628.4213966845718,-628.4213966845718,0.0,0.0,20.0,27.0,0.0,100.0,-1.0
2001-11-07 11:30:00,-2180.724050953787,-2180.724050953787,0.0,0.0,20.0,27.0,0.0,100.0,-1.0
2001-11-07 12:30:00,-3105.3185401262226,-3105.3185401262226,0.0,0.0,20.0,27.0,0.0,100.0,-1.0
2001-11-07 13:30:00,-3603.741360244424,-3603.741360244424,0.0,0.0,20.0,27.0,0.0,100.0,-1.0
2001-11-07 14:30:00,-3631.1668732918743,-3631.1668732918743,0.0,0.0,20.0,27.0,0.0,100.0,-1.0
2001-11-07 15:30:00,-3191.309111580157,-3191.309111580157,0.0,0.0,20.0,27.0,0.0,100.0,-1.0
2001-11-07 16:30:00,-2303.9646186931705,-2303.9646186931705,0.0,0.0,20.0,27.0,0.0,100.0,-1.0
2001-11-07 17:30:00,-1121.9032847658264,-1121.9032847658264,0.0,0.0,20.0,27.0,0.0,100.0,-1.0
2001-11-07 18:30:00,-224.11691391596014,-224.11691391596014,0.0,0.0,20.0,27.0,0.0,100.0,-1.0
2001-11-07 19:30:00,0.0,0.0,0.0,0.0,20.0,27.0,0.0,100.0,3.0
2001-11-07 20:30:00,0.0,0.0,0.0,0.0,20.0,27.0,0.0,100.0,3.0
2001-11-07 21:30:00,0.0,0.0,0.0,0.0,20.0,27.0,0.0,100.0,3.0
2001-11-07 22:30:00,0.0,0.0,0.0,0.0,20.0,27.0,0.0,100.0,3.0
2001-11-07 23:30:00,0.0,0.0,0.0,0.0,20.0,27.0,0.0,100.0,3.0
2001-11-08 00:30:00,0.0,0.0,0.0,0.0,20.0,27.0,0.0,100.0,3.0
2001-11-08 01:30:00,204.28552574515925,204.28552574515925,0.0,0.0,20.0,27.0,0.0,100.0,1.0
2001-11-08 02:30:00,329.2790079900651,329.2790079900651,0.0,0.0,20.0,27.0,0.0,100.0,1.0
2001-11-08 03:30:00,401.34012434946635,401.34012434946635,0.0,0.0,20.0,27.0,0.0,100.0,1.0
2001-11-08 04:30:00,444.97538605475165,444.97538605475165,0.0,0.0,20.0,27.0,0.0,100.0,1.0
2001-11-08 05:30:00,472.0165408862167,472.0165408862167,0.0,0.0,20.0,27.0,0.0,100.0,1.0
2001-11-08 06:30:00,488.30924329058234,488.30924329058234,0.0,0.0,20.0,27.0,0.0,100.0,1.0
2001-11-08 07:30:00,457.052746464803,457.052746464803,0.0,0.0,20.0,27.0,0.0,100.0,1.0
2001-11-08 08:30:00,326.63126645115335,326.63126645115335,0.0,0.0,20.0,27.0,0.0,100.0,1.0
2001-11-08 09:30:00,0.0,0.0,0.0,0.0,20.0,27.0,0.0,100.0,3.0
2001-11-08 10:30:00,0.0,0.0,0.0,0.0,20.0,27.0,0.0,100.0,3.0
2001-11-08 11:30:00,-493.7709223428001,-493.7709223428001,0.0,0.0,20.0,27.0,0.0,100.0,-1.0
2001-11-08 12:30:00,-2028.5056462298899,-2028.5056462298899,0.0,0.0,20.0,27.0,0.0,100.0,-1.0
2001-11-08 13:30:00,-2929.454137849102,-2929.454137849102,0.0,0.0,20.0,27.0,0.0,100.0,-1.0
2001-11-08 14:30:00,-3075.48040324876,-3075.48040324876,0.0,0.0,20.0,27.0,0.0,100.0,-1.0
2001-11-08 15:30:00,-2698.242562283339,-2698.242562283339,0.0,0.0,20.0,27.0,0.0,100.0,-1.0
2001-11-08 16:30:00,-1841.8708302137575,-1841.8708302137575,0.0,0.0,20.0,27.0,0.0,100.0,-1.0
2001-11-08 17:30:00,-986.0749633143159,-986.0749633143159,0.0,0.0,20.0,27.0,0.0,100.0,-1.0
2001-11-08 18:30:00,-308.54119876453933,-308.54119876453933,0.0,0.0,20.0,27.0,0.0,100.0,-1.0
2001-11-08 19:30:00,0.0,0.0,0.0,0.0,20.0,27.0,0.0,100.0,3.0
2001-11-08 20:30:00,0.0,0.0,0.0,0.0,20.0,27.0,0.0,100.0,3.0
2001-11-08 21:30:00,0.0,0.0,0.0,0.0,20.0,27.0,0.0,100.0,3.0
2001-11-08 22:30:00,0.0,0.0,0.0,0.0,20.0,27.0,0.0,100.0,3.0
2001-11-08 23:30:00,0.0,0.0,0.0,0.0,20.0,27.0,0.0,100.0,3.0
2001-11-09 00:30:00,0.0,0.0,0.0,0.0,20.0,27.0,0.0,100.0,3.0
2001-11-09 01:30:00,0.0,0.0,0.0,0.0,20.0,27.0,0.0,100.0,3.0
2001-11-09 02:30:00,0.0,0.0,0.0,0.0,20.0,27.0,0.0,100.0,3.0
2001-11-09 03:30:00,64.87774224406348,64.87774224406348,0.0,0.0,20.0,27.0,0.0,100.0,1.0
2001-11-09 04:30:00,261.9470779113235,261.9470779113235,0.0,0.0,20.0,27.0,0.0,100.0,1.0
2001-11-09 05:30:00,383.5993980355179,383.5993980355179,0.0,0.0,20.0,27.0,0.0,100.0,1.0
2001-11-09 06:30:00,478.4927974651291,478.4927974651291,0.0,0.0,20.0,27.0,0.0,100.0,1.0
2001-11-09 07:30:00,472.8411673188011,472.8411673188011,0.0,0.0,20.0,27.0,0.0,100.0,1.0
2001-11-09 08:30:00,0.0,0.0,0.0,0.0,20.0,27.0,0.0,100.0,3.0
2001-11-09 09:30:00,0.0,0.0,0.0,0.0,20.0,27.0,0.0,100.0,3.0
2001-11-09 10:30:00,-1451.0051980168764,-1451.0051980168764,0.0,0.0,20.0,27.0,0.0,100.0,-1.0
2001-11-09 11:30:00,-2660.7498796308328,-2660.7498796308328,0.0,0.0,20.0,27.0,0.0,100.0,-1.0
2001-11-09 12:30:00,-3427.9229716761974,-3427.9229716761974,0.0,0.0,20.0,27.0,0.0,100.0,-1.0
2001-11-09 13:30:00,-3866.093483785912,-3866.093483785912,0.0,0.0,20.0,27.0,0.0,100.0,-1.0
2001-11-09 14:30:00,-3914.3048516985045,-3914.3048516985045,0.0,0.0,20.0,27.0,0.0,100.0,-1.0
2001-11-09 15:30:00,-3336.703225262848,-3336.703225262848,0.0,0.0,20.0,27.0,0.0,100.0,-1.0
2001-11-09 16:30:00,-2302.709384873483,-2302.709384873483,0.0,0.0,20.0,27.0,0.0,100.0,-1.0
2001-11-09 17:30:00,-1078.34068722752,-1078.34068722752,0.0,0.0,20.0,27.0,0.0,100.0,-1.0
2001-11-09 18:30:00,-352.51743823585184,-352.51743823585184,0.0,0.0,20.0,27.0,0.0,100.0,-1.0
2001-11-09 19:30:00,0.0,0.0,0.0,0.0,20.0,27.0,0.0,100.0,3.0
2001-11-09 20:30:00,0.0,0.0,0.0,0.0,20.0,27.0,0.0,100.0,3.0
2001-11-09 21:30:00,0.0,0.0,0.0,0.0,20.0,27.0,0.0,100.0,3.0
2001-11-09 22:30:00,0.0,0.0,0.0,0.0,20.0,27.0,0.0,100.0,3.0
2001-11-09 23:30:00,0.0,0.0,0.0,0.0,20.0,27.0,0.0,100.0,3.0
2001-11-10 00:30:00,0.0,0.0,0.0,0.0,20.0,27.0,0.0,100.0,3.0
2001-11-10 01:30:00,0.0,0.0,0.0,0.0,20.0,27.0,0.0,100.0,3.0
2001-11-10 02:30:00,0.0,0.0,0.0,0.0,20.0,27.0,0.0,100.0,3.0
2001-11-10 03:30:00,72.26537971360085,72.26537971360085,0.0,0.0,20.0,27.0,0.0,100.0,1.0
2001-11-10 04:30:00,228.5571609418339,228.5571609418339,0.0,0.0,20.0,27.0,0.0,100.0,1.0
2001-11-10 05:30:00,322.6635933857069,322.6635933857069,0.0,0.0,20.0,27.0,0.0,100.0,1.0
2001-11-10 06:30:00,392.10867556904486,392.10867556904486,0.0,0.0,20.0,27.0,0.0,100.0,1.0
2001-11-10 07:30:00,377.0444763562373,377.0444763562373,0.0,0.0,20.0,27.0,0.0,100.0,1.0
2001-11-10 08:30:00,0.0,0.0,0.0,0.0,20.0,27.0,0.0,100.0,3.0
2001-11-10 09:30:00,0.0,0.0,0.0,0.0,20.0,27.0,0.0,100.0,3.0
2001-11-10 10:30:00,-1440.668975730453,-1440.668975730453,0.0,0.0,20.0,27.0,0.0,100.0,-1.0
2001-11-10 11:30:00,-2744.62185960206,-2744.62185960206,0.0,0.0,20.0,27.0,0.0,100.0,-1.0
2001-11-10 12:30:00,-3656.714681276212,-3656.714681276212,0.0,0.0,20.0,27.0,0.0,100.0,-1.0
2001-11-10 13:30:00,-3907.5713676011974,-3907.5713676011974,0.0,0.0,20.0,27.0,0.0,100.0,-1.0
2001-11-10 14:30:00,-3814.3342477973156,-3814.3342477973156,0.0,0.0,20.0,27.0,0.0,100.0,-1.0
2001-11-10 15:30:00,-3519.2997472186826,-3519.2997472186826,0.0,0.0,20.0,27.0,0.0,100.0,-1.0
2001-11-10 16:30:00,-2699.3962711820323,-2699.3962711820323,0.0,0.0,20.0,27.0,0.0,100.0,-1.0
2001-11-10 17:30:00,-1575.9302584998268,-1575.9302584998268,0.0,0.0,20.0,27.0,0.0,100.0,-1.0
2001-11-10 18:30:00,-678.9645188874974,-678.9645188874974,0.0,0.0,20.0,27.0,0.0,100.0,-1.0
2001-11-10 19:30:00,-156.10403172542192,-156.10403172542192,0.0,0.0,20.0,27.0,0.0,100.0,-1.0
2001-11-10 20:30:00,0.0,0.0,0.0,0.0,20.0,27.0,0.0,100.0,3.0
2001-11-10 21:30:00,0.0,0.0,0.0,0.0,20.0,27.0,0.0,100.0,3.0
2001-11-10 22:30:00,0.0,0.0,0.0,0.0,20.0,27.0,0.0,100.0,3.0
2001-11-10 23:30:00,0.0,0.0,0.0,0.0,20.0,27.0,0.0,100.0,3.0
2001-11-11 00:30:00,0.0,0.0,0.0,0.0,20.0,27.0,0.0,100.0,3.0
2001-11-11 01:30:00,0.0,0.0,0.0,0.0,20.0,27.0,0.0,100.0,3.0
2001-11-11 02:30:00,0.0,0.0,0.0,0.0,20.0,27.0,0.0,100.0,3.0
2001-11-11 03:30:00,0.0,0.0,0.0,0.0,20.0,27.0,0.0,100.0,3.0
2001-11-11 04:30:00,0.0,0.0,0.0,0.0,20.0,27.0,0.0,100.0,3.0
2001-11-11 05:30:00,142.92134070209067,142.92134070209067,0.0,0.0,20.0,27.0,0.0,100.0,1.0
2001-11-11 06:30:00,261.6705498932097,261.6705498932097,0.0,0.0,20.0,27.0,0.0,100.0,1.0
2001-11-11 07:30:00,265.7975908030585,265.7975908030585,0.0,0.0,20.0,27.0,0.0,100.0,1.0
2001-11-11 08:30:00,0.0,0.0,0.0,0.0,20.0,27.0,0.0,100.0,3.0
2001-11-11 09:30:00,0.0,0.0,0.0,0.0,20.0,27.0,0.0,100.0,3.0
2001-11-11 10:30:00,-1567.1657607134284,-1567.1657607134284,0.0,0.0,20.0,27.0,0.0,100.0,-1.0
2001-11-11 11:30:00,-2591.094256022615,-2591.094256022615,0.0,0.0,20.0,27.0,0.0,100.0,-1.0
2001-11-11 12:30:00,-3128.395103131402,-3128.395103131402,0.0,0.0,20.0,27.0,0.0,100.0,-1.0
2001-11-11 13:30:00,-3502.7972598832193,-3502.7972598832193,0.0,0.0,20.0,27.0,0.0,100.0,-1.0
2001-11-11 14:30:00,-3868.128067982553,-3868.128067982553,0.0,0.0,20.0,27.0,0.0,100.0,-1.0
2001-11-11 15:30:00,-3543.441239194969,-3543.441239194969,0.0,0.0,20.0,27.0,0.0,100.0,-1.0
2001-11-11 16:30:00,-2592.2369145217554,-2592.2369145217554,0.0,0.0,20.0,27.0,0.0,100.0,-1.0
2001-11-11 17:30:00,-1467.6279613206634,-1467.6279613206634,0.0,0.0,20.0,27.0,0.0,100.0,-1.0
2001-11-11 18:30:00,-647.1312385537249,-647.1312385537249,0.0,0.0,20.0,27.0,0.0,100.0,-1.0
2001-11-11 19:30:00,-162.15946117703243,-162.15946117703243,0.0,0.0,20.0,27.0,0.0,100.0,-1.0
2001-11-11 20:30:00,0.0,0.0,0.0,0.0,20.0,27.0,0.0,100.0,3.0
2001-11-11 21:30:00,0.0,0.0,0.0,0.0,20.0,27.0,0.0,100.0,3.0
2001-11-11 22:30:00,0.0,0.0,0.0,0.0,20.0,27.0,0.0,100.0,3.0
2001-11-11 23:30:00,0.0,0.0,0.0,0.0,20.0,27.0,0.0,100.0,3.0
2001-11-12 00:30:00,0.0,0.0,0.0,0.0,20.0,27.0,0.0,100.0,3.0
2001-11-12 01:30:00,0.0,0.0,0.0,0.0,20.0,27.0,0.0,100.0,3.0
2001-11-12 02:30:00,0.0,0.0,0.0,0.0,20.0,27.0,0.0,100.0,3.0
2001-11-12 03:30:00,0.0,0.0,0.0,0.0,20.0,27.0,0.0,100.0,3.0
2001-11-12 04:30:00,0.0,0.0,0.0,0.0,20.0,27.0,0.0,100.0,3.0
2001-11-12 05:30:00,134.4524152138756,134.4524152138756,0.0,0.0,20.0,27.0,0.0,100.0,1.0
2001-11-12 06:30:00,282.4191661985742,282.4191661985742,0.0,0.0,20.0,27.0,0.0,100.0,1.0
2001-11-12 07:30:00,361.43152341615587,361.43152341615587,0.0,0.0,20.0,27.0,0.0,100.0,1.0
2001-11-12 08:30:00,346.3201266368442,346.3201266368442,0.0,0.0,20.0,27.0,0.0,100.0,1.0
2001-11-12 09:30:00,0.0,0.0,0.0,0.0,20.0,27.0,0.0,100.0,3.0
2001-11-12 10:30:00,0.0,0.0,0.0,0.0,20.0,27.0,0.0,100.0,3.0
2001-11-12 11:30:00,0.0,0.0,0.0,0.0,20.0,27.0,0.0,100.0,3.0
2001-11-12 12:30:00,-125.2521843485556,-125.2521843485556,0.0,0.0,20.0,27.0,0.0,100.0,-1.0
2001-11-12 13:30:00,-523.0355729908997,-523.0355729908997,0.0,0.0,20.0,27.0,0.0,100.0,-1.0
2001-11-12 14:30:00,-433.7302393079217,-433.7302393079217,0.0,0.0,20.0,27.0,0.0,100.0,-1.0
2001-11-12 15:30:00,-334.16832079762116,-334.16832079762116,0.0,0.0,20.0,27.0,0.0,100.0,-1.0
2001-11-12 16:30:00,-129.65161593399807,-129.65161593399807,0.0,0.0,20.0,27.0,0.0,100.0,-1.0
2001-11-12 17:30:00,0.0,0.0,0.0,0.0,20.0,27.0,0.0,100.0,3.0
2001-11-12 18:30:00,0.0,0.0,0.0,0.0,20.0,27.0,0.0,100.0,3.0
2001-11-12 19:30:00,0.0,0.0,0.0,0.0,20.0,27.0,0.0,100.0,3.0
2001-11-12 20:30:00,0.0,0.0,0.0,0.0,20.0,27.0,0.0,100.0,3.0
2001-11-12 21:30:00,0.0,0.0,0.0,0.0,20.0,27.0,0.0,100.0,3.0
2001-11-12 22:30:00,0.0,0.0,0.0,0.0,20.0,27.0,0.0,100.0,3.0
2001-11-12 23:30:00,0.0,0.0,0.0,0.0,20.0,27.0,0.0,100.0,3.0
2001-11-13 00:30:00,151.539096221014,151.539096221014,0.0,0.0,20.0,27.0,0.0,100.0,1.0
2001-11-13 01:30:00,317.8562253587734,317.8562253587734,0.0,0.0,20.0,27.0,0.0,100.0,1.0
2001-11-13 02:30:00,425.7630173611251,425.7630173611251,0.0,0.0,20.0,27.0,0.0,100.0,1.0
2001-11-13 03:30:00,504.4521472485849,504.4521472485849,0.0,0.0,20.0,27.0,0.0,100.0,1.0
2001-11-13 04:30:00,571.2105809517434,571.2105809517434,0.0,0.0,20.0,27.0,0.0,100.0,1.0
2001-11-13 05:30:00,631.2105315727658,631.2105315727658,0.0,0.0,20.0,27.0,0.0,100.0,1.0
2001-11-13 06:30:00,687.0300032414161,687.0300032414161,0.0,0.0,20.0,27.0,0.0,100.0,1.0
2001-11-13 07:30:00,673.2373006579392,673.2373006579392,0.0,0.0,20.0,27.0,0.0,100.0,1.0
2001-11-13 08:30:00,0.0,0.0,0.0,0.0,20.0,27.0,0.0,100.0,3.0
2001-11-13 09:30:00,0.0,0.0,0.0,0.0,20.0,27.0,0.0,100.0,3.0
2001-11-13 10:30:00,-1633.367022836267,-1633.367022836267,0.0,0.0,20.0,27.0,0.0,100.0,-1.0
2001-11-13 11:30:00,-2704.0288198580756,-2704.0288198580756,0.0,0.0,20.0,27.0,0.0,100.0,-1.0
2001-11-13 12:30:00,-3532.6524308358885,-3532.6524308358885,0.0,0.0,20.0,27.0,0.0,100.0,-1.0
2001-11-13 13:30:00,-3913.589608504223,-3913.589608504223,0.0,0.0,20.0,27.0,0.0,100.0,-1.0
2001-11-13 14:30:00,-3908.305139716188,-3908.305139716188,0.0,0.0,20.0,27.0,0.0,100.0,-1.0
2001-11-13 15:30:00,-3507.1765905741386,-3507.1765905741386,0.0,0.0,20.0,27.0,0.0,100.0,-1.0
2001-11-13 16:30:00,-2523.037162214957,-2523.037162214957,0.0,0.0,20.0,27.0,0.0,100.0,-1.0
2001-11-13 17:30:00,-1309.9398955645202,-1309.9398955645202,0.0,0.0,20.0,27.0,0.0,100.0,-1.0
2001-11-13 18:30:00,-408.33330421480696,-408.33330421480696,0.0,0.0,20.0,27.0,0.0,100.0,-1.0
2001-11-13 19:30:00,0.0,0.0,0.0,0.0,20.0,27.0,0.0,100.0,3.0
2001-11-13 20:30:00,0.0,0.0,0.0,0.0,20.0,27.0,0.0,100.0,3.0
2001-11-13 21:30:00,0.0,0.0,0.0,0.0,20.0,27.0,0.0,100.0,3.0
2001-11-13 22:30:00,0.0,0.0,0.0,0.0,20.0,27.0,0.0,100.0,3.0
2001-11-13 23:30:00,0.0,0.0,0.0,0.0,20.0,27.0,0.0,100.0,3.0
2001-11-14 00:30:00,0.0,0.0,0.0,0.0,20.0,27.0,0.0,100.0,3.0
2001-11-14 01:30:00,79.56416488922878,79.56416488922878,0.0,0.0,20.0,27.0,0.0,100.0,1.0
2001-11-14 02:30:00,309.6322302902281,309.6322302902281,0.0,0.0,20.0,27.0,0.0,100.0,1.0
2001-11-14 03:30:00,443.5201005350764,443.5201005350764,0.0,0.0,20.0,27.0,0.0,100.0,1.0
2001-11-14 04:30:00,541.2771679657071,541.2771679657071,0.0,0.0,20.0,27.0,0.0,100.0,1.0
2001-11-14 05:30:00,619.9285383562838,619.9285383562838,0.0,0.0,20.0,27.0,0.0,100.0,1.0
2001-11-14 06:30:00,685.5772819524991,685.5772819524991,0.0,0.0,20.0,27.0,0.0,100.0,1.0
2001-11-14 07:30:00,676.0017305732654,676.0017305732654,0.0,0.0,20.0,27.0,0.0,100.0,1.0
2001-11-14 08:30:00,17.892122092869613,17.892122092869613,0.0,0.0,20.0,27.0,0.0,100.0,1.0
2001-11-14 09:30:00,0.0,0.0,0.0,0.0,20.0,27.0,0.0,100.0,3.0
2001-11-14 10:30:00,-54.672102674402595,-54.672102674402595,0.0,0.0,20.0,27.0,0.0,100.0,-1.0
2001-11-14 11:30:00,-952.2687009763313,-952.2687009763313,0.0,0.0,20.0,27.0,0.0,100.0,-1.0
2001-11-14 12:30:00,-1763.7384180021609,-1763.7384180021609,0.0,0.0,20.0,27.0,0.0,100.0,-1.0
2001-11-14 13:30:00,-2525.022714650292,-2525.022714650292,0.0,0.0,20.0,27.0,0.0,100.0,-1.0
2001-11-14 14:30:00,-2966.3035379077055,-2966.3035379077055,0.0,0.0,20.0,27.0,0.0,100.0,-1.0
2001-11-14 15:30:00,-2714.5546714015245,-2714.5546714015245,0.0,0.0,20.0,27.0,0.0,100.0,-1.0
2001-11-14 16:30:00,-1877.6211552309187,-1877.6211552309187,0.0,0.0,20.0,27.0,0.0,100.0,-1.0
2001-11-14 17:30:00,-840.1100456892791,-840.1100456892791,0.0,0.0,20.0,27.0,0.0,100.0,-1.0
2001-11-14 18:30:00,-79.83444170641451,-79.83444170641451,0.0,0.0,20.0,27.0,0.0,100.0,-1.0
2001-11-14 19:30:00,0.0,0.0,0.0,0.0,20.0,27.0,0.0,100.0,3.0
2001-11-14 20:30:00,0.0,0.0,0.0,0.0,20.0,27.0,0.0,100.0,3.0
2001-11-14 21:30:00,0.0,0.0,0.0,0.0,20.0,27.0,0.0,100.0,3.0
2001-11-14 22:30:00,0.0,0.0,0.0,0.0,20.0,27.0,0.0,100.0,3.0
2001-11-14 23:30:00,0.0,0.0,0.0,0.0,20.0,27.0,0.0,100.0,3.0
2001-11-15 00:30:00,247.2660384026658,247.2660384026658,0.0,0.0,20.0,27.0,0.0,100.0,1.0
2001-11-15 01:30:00,466.81958937303716,466.81958937303716,0.0,0.0,20.0,27.0,0.0,100.0,1.0
2001-11-15 02:30:00,613.3282642157492,613.3282642157492,0.0,0.0,20.0,27.0,0.0,100.0,1.0
2001-11-15 03:30:00,726.8330129375345,726.8330129375345,0.0,0.0,20.0,27.0,0.0,100.0,1.0
2001-11-15 04:30:00,822.190041282679,822.190041282679,0.0,0.0,20.0,27.0,0.0,100.0,1.0
2001-11-15 05:30:00,903.1938328490196,903.1938328490196,0.0,0.0,20.0,27.0,0.0,100.0,1.0
2001-11-15 06:30:00,976.6590023459385,976.6590023459385,0.0,0.0,20.0,27.0,0.0,100.0,1.0
2001-11-15 07:30:00,987.7251823485312,987.7251823485312,0.0,0.0,20.0,27.0,0.0,100.0,1.0
2001-11-15 08:30:00,0.0,0.0,0.0,0.0,20.0,27.0,0.0,100.0,3.0
2001-11-15 09:30:00,0.0,0.0,0.0,0.0,20.0,27.0,0.0,100.0,3.0
2001-11-15 10:30:00,-1432.6911694188193,-1432.6911694188193,0.0,0.0,20.0,27.0,0.0,100.0,-1.0
2001-11-15 11:30:00,-2618.5341897128756,-2618.5341897128756,0.0,0.0,20.0,27.0,0.0,100.0,-1.0
2001-11-15 12:30:00,-3222.6262669437792,-3222.6262669437792,0.0,0.0,20.0,27.0,0.0,100.0,-1.0
2001-11-15 13:30:00,-3462.7723718915668,-3462.7723718915668,0.0,0.0,20.0,27.0,0.0,100.0,-1.0
2001-11-15 14:30:00,-3355.2277582696433,-3355.2277582696433,0.0,0.0,20.0,27.0,0.0,100.0,-1.0
2001-11-15 15:30:00,-2756.0260718261443,-2756.0260718261443,0.0,0.0,20.0,27.0,0.0,100.0,-1.0
2001-11-15 16:30:00,-1519.1620214969416,-1519.1620214969416,0.0,0.0,20.0,27.0,0.0,100.0,-1.0
2001-11-15 17:30:00,-402.14405131270087,-402.14405131270087,0.0,0.0,20.0,27.0,0.0,100.0,-1.0
2001-11-15 18:30:00,0.0,0.0,0.0,0.0,20.0,27.0,0.0,100.0,3.0
2001-11-15 19:30:00,0.0,0.0,0.0,0.0,20.0,27.0,0.0,100.0,3.0
2001-11-15 20:30:00,0.0,0.0,0.0,0.0,20.0,27.0,0.0,100.0,3.0
2001-11-15 21:30:00,0.0,0.0,0.0,0.0,20.0,27.0,0.0,100.0,3.0
2001-11-15 22:30:00,60.08093380286664,60.08093380286664,0.0,0.0,20.0,27.0,0.0,100.0,1.0
2001-11-15 23:30:00,397.75810131744583,397.75810131744583,0.0,0.0,20.0,27.0,0.0,100.0,1.0
2001-11-16 00:30:00,580.7802204061536,580.7802204061536,0.0,0.0,20.0,27.0,0.0,100.0,1.0
2001-11-16 01:30:00,701.2682715432211,701.2682715432211,0.0,0.0,20.0,27.0,0.0,100.0,1.0
2001-11-16 02:30:00,786.6187004123167,786.6187004123167,0.0,0.0,20.0,27.0,0.0,100.0,1.0
2001-11-16 03:30:00,853.3774835720451,853.3774835720451,0.0,0.0,20.0,27.0,0.0,100.0,1.0
2001-11-16 04:30:00,910.2619676482536,910.2619676482536,0.0,0.0,20.0,27.0,0.0,100.0,1.0
2001-11-16 05:30:00,957.3745328406894,957.3745328406894,0.0,0.0,20.0,27.0,0.0,100.0,1.0
2001-11-16 06:30:00,999.4788749610598,999.4788749610598,0.0,0.0,20.0,27.0,0.0,100.0,1.0
2001-11-16 07:30:00,978.0835994051231,978.0835994051231,0.0,0.0,20.0,27.0,0.0,100.0,1.0
2001-11-16 08:30:00,0.0,0.0,0.0,0.0,20.0,27.0,0.0,100.0,3.0
2001-11-16 09:30:00,0.0,0.0,0.0,0.0,20.0,27.0,0.0,100.0,3.0
2001-11-16 10:30:00,-1304.8706019842693,-1304.8706019842693,0.0,0.0,20.0,27.0,0.0,100.0,-1.0
2001-11-16 11:30:00,-2428.0272430314444,-2428.0272430314444,0.0,0.0,20.0,27.0,0.0,100.0,-1.0
2001-11-16 12:30:00,-3275.973040896225,-3275.973040896225,0.0,0.0,20.0,27.0,0.0,100.0,-1.0
2001-11-16 13:30:00,-3755.365291521691,-3755.365291521691,0.0,0.0,20.0,27.0,0.0,100.0,-1.0
2001-11-16 14:30:00,-3774.0480522178177,-3774.0480522178177,0.0,0.0,20.0,27.0,0.0,100.0,-1.0
2001-11-16 15:30:00,-3233.6600599556177,-3233.6600599556177,0.0,0.0,20.0,27.0,0.0,100.0,-1.0
2001-11-16 16:30:00,-2161.8709260248006,-2161.8709260248006,0.0,0.0,20.0,27.0,0.0,100.0,-1.0
2001-11-16 17:30:00,-943.787757962461,-943.787757962461,0.0,0.0,20.0,27.0,0.0,100.0,-1.0
2001-11-16 18:30:00,-75.29768461525327,-75.29768461525327,0.0,0.0,20.0,27.0,0.0,100.0,-1.0
2001-11-16 19:30:00,0.0,0.0,0.0,0.0,20.0,27.0,0.0,100.0,3.0
2001-11-16 20:30:00,0.0,0.0,0.0,0.0,20.0,27.0,0.0,100.0,3.0
2001-11-16 21:30:00,0.0,0.0,0.0,0.0,20.0,27.0,0.0,100.0,3.0
2001-11-16 22:30:00,0.0,0.0,0.0,0.0,20.0,27.0,0.0,100.0,3.0
2001-11-16 23:30:00,55.00292891532263,55.00292891532263,0.0,0.0,20.0,27.0,0.0,100.0,1.0
2001-11-17 00:30:00,354.4206936242181,354.4206936242181,0.0,0.0,20.0,27.0,0.0,100.0,1.0
2001-11-17 01:30:00,516.571863116571,516.571863116571,0.0,0.0,20.0,27.0,0.0,100.0,1.0
2001-11-17 02:30:00,624.0457190638899,624.0457190638899,0.0,0.0,20.0,27.0,0.0,100.0,1.0
2001-11-17 03:30:00,698.9590742273413,698.9590742273413,0.0,0.0,20.0,27.0,0.0,100.0,1.0
2001-11-17 04:30:00,758.500561786961,758.500561786961,0.0,0.0,20.0,27.0,0.0,100.0,1.0
2001-11-17 05:30:00,807.7989526385791,807.7989526385791,0.0,0.0,20.0,27.0,0.0,100.0,1.0
2001-11-17 06:30:00,849.4348796083541,849.4348796083541,0.0,0.0,20.0,27.0,0.0,100.0,1.0
2001-11-17 07:30:00,829.4502263130953,829.4502263130953,0.0,0.0,20.0,27.0,0.0,100.0,1.0
2001-11-17 08:30:00,0.0,0.0,0.0,0.0,20.0,27.0,0.0,100.0,3.0
2001-11-17 09:30:00,0.0,0.0,0.0,0.0,20.0,27.0,0.0,100.0,3.0
2001-11-17 10:30:00,-1374.7217788042062,-1374.7217788042062,0.0,0.0,20.0,27.0,0.0,100.0,-1.0
2001-11-17 11:30:00,-2725.990177572953,-2725.990177572953,0.0,0.0,20.0,27.0,0.0,100.0,-1.0
2001-11-17 12:30:00,-3661.0003739692884,-3661.0003739692884,0.0,0.0,20.0,27.0,0.0,100.0,-1.0
2001-11-17 13:30:00,-4087.5168290887696,-4087.5168290887696,0.0,0.0,20.0,27.0,0.0,100.0,-1.0
2001-11-17 14:30:00,-3936.610827833213,-3936.610827833213,0.0,0.0,20.0,27.0,0.0,100.0,-1.0
2001-11-17 15:30:00,-3210.109392665382,-3210.109392665382,0.0,0.0,20.0,27.0,0.0,100.0,-1.0
2001-11-17 16:30:00,-2269.6040568092167,-2269.6040568092167,0.0,0.0,20.0,27.0,0.0,100.0,-1.0
2001-11-17 17:30:00,-1079.7308352232603,-1079.7308352232603,0.0,0.0,20.0,27.0,0.0,100.0,-1.0
2001-11-17 18:30:00,-218.90619320441147,-218.90619320441147,0.0,0.0,20.0,27.0,0.0,100.0,-1.0
2001-11-17 19:30:00,0.0,0.0,0.0,0.0,20.0,27.0,0.0,100.0,3.0
2001-11-17 20:30:00,0.0,0.0,0.0,0.0,20.0,27.0,0.0,100.0,3.0
2001-11-17 21:30:00,0.0,0.0,0.0,0.0,20.0,27.0,0.0,100.0,3.0
2001-11-17 22:30:00,0.0,0.0,0.0,0.0,20.0,27.0,0.0,100.0,3.0
2001-11-17 23:30:00,0.0,0.0,0.0,0.0,20.0,27.0,0.0,100.0,3.0
2001-11-18 00:30:00,145.20930310603308,145.20930310603308,0.0,0.0,20.0,27.0,0.0,100.0,1.0
2001-11-18 01:30:00,398.3178200642178,398.3178200642178,0.0,0.0,20.0,27.0,0.0,100.0,1.0
2001-11-18 02:30:00,557.5869689184001,557.5869689184001,0.0,0.0,20.0,27.0,0.0,100.0,1.0
2001-11-18 03:30:00,681.8004274208615,681.8004274208615,0.0,0.0,20.0,27.0,0.0,100.0,1.0
2001-11-18 04:30:00,783.862511210209,783.862511210209,0.0,0.0,20.0,27.0,0.0,100.0,1.0
2001-11-18 05:30:00,871.2366506032877,871.2366506032877,0.0,0.0,20.0,27.0,0.0,100.0,1.0
2001-11-18 06:30:00,951.0899548604284,951.0899548604284,0.0,0.0,20.0,27.0,0.0,100.0,1.0
2001-11-18 07:30:00,971.9725650823248,971.9725650823248,0.0,0.0,20.0,27.0,0.0,100.0,1.0
2001-11-18 08:30:00,243.25283496239354,243.25283496239354,0.0,0.0,20.0,27.0,0.0,100.0,1.0
2001-11-18 09:30:00,0.0,0.0,0.0,0.0,20.0,27.0,0.0,100.0,3.0
2001-11-18 10:30:00,-698.8841476712305,-698.8841476712305,0.0,0.0,20.0,27.0,0.0,100.0,-1.0
2001-11-18 11:30:00,-2328.6521296938727,-2328.6521296938727,0.0,0.0,20.0,27.0,0.0,100.0,-1.0
2001-11-18 12:30:00,-3194.452332187285,-3194.452332187285,0.0,0.0,20.0,27.0,0.0,100.0,-1.0
2001-11-18 13:30:00,-3392.7044147553415,-3392.7044147553415,0.0,0.0,20.0,27.0,0.0,100.0,-1.0
2001-11-18 14:30:00,-3316.1022803674487,-3316.1022803674487,0.0,0.0,20.0,27.0,0.0,100.0,-1.0
2001-11-18 15:30:00,-2887.9546548458848,-2887.9546548458848,0.0,0.0,20.0,27.0,0.0,100.0,-1.0
2001-11-18 16:30:00,-1936.8976871135628,-1936.8976871135628,0.0,0.0,20.0,27.0,0.0,100.0,-1.0
2001-11-18 17:30:00,-608.5808578262104,-608.5808578262104,0.0,0.0,20.0,27.0,0.0,100.0,-1.0
2001-11-18 18:30:00,0.0,0.0,0.0,0.0,20.0,27.0,0.0,100.0,3.0
2001-11-18 19:30:00,0.0,0.0,0.0,0.0,20.0,27.0,0.0,100.0,3.0
2001-11-18 20:30:00,0.0,0.0,0.0,0.0,20.0,27.0,0.0,100.0,3.0
2001-11-18 21:30:00,0.0,0.0,0.0,0.0,20.0,27.0,0.0,100.0,3.0
2001-11-18 22:30:00,0.0,0.0,0.0,0.0,20.0,27.0,0.0,100.0,3.0
2001-11-18 23:30:00,79.8925360883477,79.8925360883477,0.0,0.0,20.0,27.0,0.0,100.0,1.0
2001-11-19 00:30:00,312.387657230709,312.387657230709,0.0,0.0,20.0,27.0,0.0,100.0,1.0
2001-11-19 01:30:00,425.07691477019034,425.07691477019034,0.0,0.0,20.0,27.0,0.0,100.0,1.0
2001-11-19 02:30:00,485.68382382722484,485.68382382722484,0.0,0.0,20.0,27.0,0.0,100.0,1.0
2001-11-19 03:30:00,517.0053433607109,517.0053433607109,0.0,0.0,20.0,27.0,0.0,100.0,1.0
2001-11-19 04:30:00,531.4881237470981,531.4881237470981,0.0,0.0,20.0,27.0,0.0,100.0,1.0
2001-11-19 05:30:00,535.5756677469808,535.5756677469808,0.0,0.0,20.0,27.0,0.0,100.0,1.0
2001-11-19 06:30:00,531.694271968835,531.694271968835,0.0,0.0,20.0,27.0,0.0,100.0,1.0
2001-11-19 07:30:00,477.8708373437512,477.8708373437512,0.0,0.0,20.0,27.0,0.0,100.0,1.0
2001-11-19 08:30:00,0.0,0.0,0.0,0.0,20.0,27.0,0.0,100.0,3.0
2001-11-19 09:30:00,0.0,0.0,0.0,0.0,20.0,27.0,0.0,100.0,3.0
2001-11-19 10:30:00,-1628.5714702885734,-1628.5714702885734,0.0,0.0,20.0,27.0,0.0,100.0,-1.0
2001-11-19 11:30:00,-2988.520893957416,-2988.520893957416,0.0,0.0,20.0,27.0,0.0,100.0,-1.0
2001-11-19 12:30:00,-3957.8090432107083,-3957.8090432107083,0.0,0.0,20.0,27.0,0.0,100.0,-1.0
2001-11-19 13:30:00,-4318.613442774043,-4318.613442774043,0.0,0.0,20.0,27.0,0.0,100.0,-1.0
2001-11-19 14:30:00,-4168.934125891526,-4168.934125891526,0.0,0.0,20.0,27.0,0.0,100.0,-1.0
2001-11-19 15:30:00,-3768.367807962127,-3768.367807962127,0.0,0.0,20.0,27.0,0.0,100.0,-1.0
2001-11-19 16:30:00,-2694.2677973820164,-2694.2677973820164,0.0,0.0,20.0,27.0,0.0,100.0,-1.0
2001-11-19 17:30:00,-1337.2676810046732,-1337.2676810046732,0.0,0.0,20.0,27.0,0.0,100.0,-1.0
2001-11-19 18:30:00,-539.480909783334,-539.480909783334,0.0,0.0,20.0,27.0,0.0,100.0,-1.0
2001-11-19 19:30:00,-55.16557169444695,-55.16557169444695,0.0,0.0,20.0,27.0,0.0,100.0,-1.0
2001-11-19 20:30:00,0.0,0.0,0.0,0.0,20.0,27.0,0.0,100.0,3.0
2001-11-19 21:30:00,0.0,0.0,0.0,0.0,20.0,27.0,0.0,100.0,3.0
2001-11-19 22:30:00,0.0,0.0,0.0,0.0,20.0,27.0,0.0,100.0,3.0
2001-11-19 23:30:00,0.0,0.0,0.0,0.0,20.0,27.0,0.0,100.0,3.0
2001-11-20 00:30:00,0.0,0.0,0.0,0.0,20.0,27.0,0.0,100.0,3.0
2001-11-20 01:30:00,0.0,0.0,0.0,0.0,20.0,27.0,0.0,100.0,3.0
2001-11-20 02:30:00,0.0,0.0,0.0,0.0,20.0,27.0,0.0,100.0,3.0
2001-11-20 03:30:00,38.815003256184355,38.815003256184355,0.0,0.0,20.0,27.0,0.0,100.0,1.0
2001-11-20 04:30:00,261.3587729077217,261.3587729077217,0.0,0.0,20.0,27.0,0.0,100.0,1.0
2001-11-20 05:30:00,401.04739305608564,401.04739305608564,0.0,0.0,20.0,27.0,0.0,100.0,1.0
2001-11-20 06:30:00,509.3602022640007,509.3602022640007,0.0,0.0,20.0,27.0,0.0,100.0,1.0
2001-11-20 07:30:00,543.5850491066894,543.5850491066894,0.0,0.0,20.0,27.0,0.0,100.0,1.0
2001-11-20 08:30:00,0.0,0.0,0.0,0.0,20.0,27.0,0.0,100.0,3.0
2001-11-20 09:30:00,-355.5551194750469,-355.5551194750469,0.0,0.0,20.0,27.0,0.0,100.0,-1.0
2001-11-20 10:30:00,-2164.0735521761626,-2164.0735521761626,0.0,0.0,20.0,27.0,0.0,100.0,-1.0
2001-11-20 11:30:00,-3292.612627226509,-3292.612627226509,0.0,0.0,20.0,27.0,0.0,100.0,-1.0
2001-11-20 12:30:00,-4047.1263956265766,-4047.1263956265766,0.0,0.0,20.0,27.0,0.0,100.0,-1.0
2001-11-20 13:30:00,-4267.475736120868,-4267.475736120868,0.0,0.0,20.0,27.0,0.0,100.0,-1.0
2001-11-20 14:30:00,-4007.5305525851754,-4007.5305525851754,0.0,0.0,20.0,27.0,0.0,100.0,-1.0
2001-11-20 15:30:00,-3572.2705436254446,-3572.2705436254446,0.0,0.0,20.0,27.0,0.0,100.0,-1.0
2001-11-20 16:30:00,-2649.831551446322,-2649.831551446322,0.0,0.0,20.0,27.0,0.0,100.0,-1.0
2001-11-20 17:30:00,-1343.6568386837125,-1343.6568386837125,0.0,0.0,20.0,27.0,0.0,100.0,-1.0
2001-11-20 18:30:00,-445.79830307929933,-445.79830307929933,0.0,0.0,20.0,27.0,0.0,100.0,-1.0
2001-11-20 19:30:00,0.0,0.0,0.0,0.0,20.0,27.0,0.0,100.0,3.0
2001-11-20 20:30:00,0.0,0.0,0.0,0.0,20.0,27.0,0.0,100.0,3.0
2001-11-20 21:30:00,0.0,0.0,0.0,0.0,20.0,27.0,0.0,100.0,3.0
2001-11-20 22:30:00,0.0,0.0,0.0,0.0,20.0,27.0,0.0,100.0,3.0
2001-11-20 23:30:00,0.0,0.0,0.0,0.0,20.0,27.0,0.0,100.0,3.0
2001-11-21 00:30:00,0.0,0.0,0.0,0.0,20.0,27.0,0.0,100.0,3.0
2001-11-21 01:30:00,174.07536368450474,174.07536368450474,0.0,0.0,20.0,27.0,0.0,100.0,1.0
2001-11-21 02:30:00,408.10204786577197,408.10204786577197,0.0,0.0,20.0,27.0,0.0,100.0,1.0
2001-11-21 03:30:00,561.7303472101703,561.7303472101703,0.0,0.0,20.0,27.0,0.0,100.0,1.0
2001-11-21 04:30:00,679.445374678503,679.445374678503,0.0,0.0,20.0,27.0,0.0,100.0,1.0
2001-11-21 05:30:00,775.3524812219566,775.3524812219566,0.0,0.0,20.0,27.0,0.0,100.0,1.0
2001-11-21 06:30:00,862.6154480362839,862.6154480362839,0.0,0.0,20.0,27.0,0.0,100.0,1.0
2001-11-21 07:30:00,893.8260492459794,893.8260492459794,0.0,0.0,20.0,27.0,0.0,100.0,1.0
2001-11-21 08:30:00,0.0,0.0,0.0,0.0,20.0,27.0,0.0,100.0,3.0
2001-11-21 09:30:00,0.0,0.0,0.0,0.0,20.0,27.0,0.0,100.0,3.0
2001-11-21 10:30:00,-1069.292413431941,-1069.292413431941,0.0,0.0,20.0,27.0,0.0,100.0,-1.0
2001-11-21 11:30:00,-2515.463267771548,-2515.463267771548,0.0,0.0,20.0,27.0,0.0,100.0,-1.0
2001-11-21 12:30:00,-3401.8271038303455,-3401.8271038303455,0.0,0.0,20.0,27.0,0.0,100.0,-1.0
2001-11-21 13:30:00,-3856.4491303811637,-3856.4491303811637,0.0,0.0,20.0,27.0,0.0,100.0,-1.0
2001-11-21 14:30:00,-3726.3524471563533,-3726.3524471563533,0.0,0.0,20.0,27.0,0.0,100.0,-1.0
2001-11-21 15:30:00,-2923.0295152402805,-2923.0295152402805,0.0,0.0,20.0,27.0,0.0,100.0,-1.0
2001-11-21 16:30:00,-1792.4305298305326,-1792.4305298305326,0.0,0.0,20.0,27.0,0.0,100.0,-1.0
2001-11-21 17:30:00,-674.7904008999712,-674.7904008999712,0.0,0.0,20.0,27.0,0.0,100.0,-1.0
2001-11-21 18:30:00,0.0,0.0,0.0,0.0,20.0,27.0,0.0,100.0,3.0
2001-11-21 19:30:00,0.0,0.0,0.0,0.0,20.0,27.0,0.0,100.0,3.0
2001-11-21 20:30:00,0.0,0.0,0.0,0.0,20.0,27.0,0.0,100.0,3.0
2001-11-21 21:30:00,0.0,0.0,0.0,0.0,20.0,27.0,0.0,100.0,3.0
2001-11-21 22:30:00,0.0,0.0,0.0,0.0,20.0,27.0,0.0,100.0,3.0
2001-11-21 23:30:00,15.365264488706089,15.365264488706089,0.0,0.0,20.0,27.0,0.0,100.0,1.0
2001-11-22 00:30:00,296.23935568398974,296.23935568398974,0.0,0.0,20.0,27.0,0.0,100.0,1.0
2001-11-22 01:30:00,443.37268801472874,443.37268801472874,0.0,0.0,20.0,27.0,0.0,100.0,1.0
2001-11-22 02:30:00,537.337071133772,537.337071133772,0.0,0.0,20.0,27.0,0.0,100.0,1.0
2001-11-22 03:30:00,598.3288824220381,598.3288824220381,0.0,0.0,20.0,27.0,0.0,100.0,1.0
2001-11-22 04:30:00,646.1428287211274,646.1428287211274,0.0,0.0,20.0,27.0,0.0,100.0,1.0
2001-11-22 05:30:00,681.6750590213533,681.6750590213533,0.0,0.0,20.0,27.0,0.0,100.0,1.0
2001-11-22 06:30:00,707.2974865160595,707.2974865160595,0.0,0.0,20.0,27.0,0.0,100.0,1.0
2001-11-22 07:30:00,721.2633929142057,721.2633929142057,0.0,0.0,20.0,27.0,0.0,100.0,1.0
2001-11-22 08:30:00,633.1785658374592,633.1785658374592,0.0,0.0,20.0,27.0,0.0,100.0,1.0
2001-11-22 09:30:00,126.71322954808056,126.71322954808056,0.0,0.0,20.0,27.0,0.0,100.0,1.0
2001-11-22 10:30:00,0.0,0.0,0.0,0.0,20.0,27.0,0.0,100.0,3.0
2001-11-22 11:30:00,0.0,0.0,0.0,0.0,20.0,27.0,0.0,100.0,3.0
2001-11-22 12:30:00,-663.4744282638267,-663.4744282638267,0.0,0.0,20.0,27.0,0.0,100.0,-1.0
2001-11-22 13:30:00,-1269.2472277069928,-1269.2472277069928,0.0,0.0,20.0,27.0,0.0,100.0,-1.0
2001-11-22 14:30:00,-1616.9023943171987,-1616.9023943171987,0.0,0.0,20.0,27.0,0.0,100.0,-1.0
2001-11-22 15:30:00,-1361.5444145936808,-1361.5444145936808,0.0,0.0,20.0,27.0,0.0,100.0,-1.0
2001-11-22 16:30:00,-553.973290163839,-553.973290163839,0.0,0.0,20.0,27.0,0.0,100.0,-1.0
2001-11-22 17:30:00,0.0,0.0,0.0,0.0,20.0,27.0,0.0,100.0,3.0
2001-11-22 18:30:00,0.0,0.0,0.0,0.0,20.0,27.0,0.0,100.0,3.0
2001-11-22 19:30:00,0.0,0.0,0.0,0.0,20.0,27.0,0.0,100.0,3.0
2001-11-22 20:30:00,0.0,0.0,0.0,0.0,20.0,27.0,0.0,100.0,3.0
2001-11-22 21:30:00,0.0,0.0,0.0,0.0,20.0,27.0,0.0,100.0,3.0
2001-11-22 22:30:00,0.0,0.0,0.0,0.0,20.0,27.0,0.0,100.0,3.0
2001-11-22 23:30:00,0.0,0.0,0.0,0.0,20.0,27.0,0.0,100.0,3.0
2001-11-23 00:30:00,185.77127768015544,185.77127768015544,0.0,0.0,20.0,27.0,0.0,100.0,1.0
2001-11-23 01:30:00,285.374079167098,285.374079167098,0.0,0.0,20.0,27.0,0.0,100.0,1.0
2001-11-23 02:30:00,344.2218666094104,344.2218666094104,0.0,0.0,20.0,27.0,0.0,100.0,1.0
2001-11-23 03:30:00,379.02842062374657,379.02842062374657,0.0,0.0,20.0,27.0,0.0,100.0,1.0
2001-11-23 04:30:00,403.99417692915813,403.99417692915813,0.0,0.0,20.0,27.0,0.0,100.0,1.0
2001-11-23 05:30:00,419.9960513497035,419.9960513497035,0.0,0.0,20.0,27.0,0.0,100.0,1.0
2001-11-23 06:30:00,427.40274414920714,427.40274414920714,0.0,0.0,20.0,27.0,0.0,100.0,1.0
2001-11-23 07:30:00,427.2309069868188,427.2309069868188,0.0,0.0,20.0,27.0,0.0,100.0,1.0
2001-11-23 08:30:00,413.68178317019283,413.68178317019283,0.0,0.0,20.0,27.0,0.0,100.0,1.0
2001-11-23 09:30:00,325.7069574121606,325.7069574121606,0.0,0.0,20.0,27.0,0.0,100.0,1.0
2001-11-23 10:30:00,143.32304128198393,143.32304128198393,0.0,0.0,20.0,27.0,0.0,100.0,1.0
2001-11-23 11:30:00,7.4582282069422945,7.4582282069422945,0.0,0.0,20.0,27.0,0.0,100.0,1.0
2001-11-23 12:30:00,0.0,0.0,0.0,0.0,20.0,27.0,0.0,100.0,3.0
2001-11-23 13:30:00,0.0,0.0,0.0,0.0,20.0,27.0,0.0,100.0,3.0
2001-11-23 14:30:00,0.0,0.0,0.0,0.0,20.0,27.0,0.0,100.0,3.0
2001-11-23 15:30:00,0.0,0.0,0.0,0.0,20.0,27.0,0.0,100.0,3.0
2001-11-23 16:30:00,0.0,0.0,0.0,0.0,20.0,27.0,0.0,100.0,3.0
2001-11-23 17:30:00,0.0,0.0,0.0,0.0,20.0,27.0,0.0,100.0,3.0
2001-11-23 18:30:00,0.0,0.0,0.0,0.0,20.0,27.0,0.0,100.0,3.0
2001-11-23 19:30:00,0.0,0.0,0.0,0.0,20.0,27.0,0.0,100.0,3.0
2001-11-23 20:30:00,0.0,0.0,0.0,0.0,20.0,27.0,0.0,100.0,3.0
2001-11-23 21:30:00,0.0,0.0,0.0,0.0,20.0,27.0,0.0,100.0,3.0
2001-11-23 22:30:00,37.97275679594895,37.97275679594895,0.0,0.0,20.0,27.0,0.0,100.0,1.0
2001-11-23 23:30:00,193.98607902947606,193.98607902947606,0.0,0.0,20.0,27.0,0.0,100.0,1.0
2001-11-24 00:30:00,289.47375516038665,289.47375516038665,0.0,0.0,20.0,27.0,0.0,100.0,1.0
2001-11-24 01:30:00,366.48791441447884,366.48791441447884,0.0,0.0,20.0,27.0,0.0,100.0,1.0
2001-11-24 02:30:00,435.17541944616187,435.17541944616187,0.0,0.0,20.0,27.0,0.0,100.0,1.0
2001-11-24 03:30:00,498.20003744613587,498.20003744613587,0.0,0.0,20.0,27.0,0.0,100.0,1.0
2001-11-24 04:30:00,557.4587897707634,557.4587897707634,0.0,0.0,20.0,27.0,0.0,100.0,1.0
2001-11-24 05:30:00,614.4550620262053,614.4550620262053,0.0,0.0,20.0,27.0,0.0,100.0,1.0
2001-11-24 06:30:00,670.1525243682136,670.1525243682136,0.0,0.0,20.0,27.0,0.0,100.0,1.0
2001-11-24 07:30:00,706.1626765362807,706.1626765362807,0.0,0.0,20.0,27.0,0.0,100.0,1.0
2001-11-24 08:30:00,697.3074033692119,697.3074033692119,0.0,0.0,20.0,27.0,0.0,100.0,1.0
2001-11-24 09:30:00,646.1475762355867,646.1475762355867,0.0,0.0,20.0,27.0,0.0,100.0,1.0
2001-11-24 10:30:00,542.8358388545157,542.8358388545157,0.0,0.0,20.0,27.0,0.0,100.0,1.0
2001-11-24 11:30:00,479.4424144173063,479.4424144173063,0.0,0.0,20.0,27.0,0.0,100.0,1.0
2001-11-24 12:30:00,382.1637593843534,382.1637593843534,0.0,0.0,20.0,27.0,0.0,100.0,1.0
2001-11-24 13:30:00,190.68065590491824,190.68065590491824,0.0,0.0,20.0,27.0,0.0,100.0,1.0
2001-11-24 14:30:00,43.555847648447525,43.555847648447525,0.0,0.0,20.0,27.0,0.0,100.0,1.0
2001-11-24 15:30:00,0.0,0.0,0.0,0.0,20.0,27.0,0.0,100.0,3.0
2001-11-24 16:30:00,112.60448671132144,112.60448671132144,0.0,0.0,20.0,27.0,0.0,100.0,1.0
2001-11-24 17:30:00,316.3920508521114,316.3920508521114,0.0,0.0,20.0,27.0,0.0,100.0,1.0
2001-11-24 18:30:00,449.93490465012746,449.93490465012746,0.0,0.0,20.0,27.0,0.0,100.0,1.0
2001-11-24 19:30:00,533.6060293006194,533.6060293006194,0.0,0.0,20.0,27.0,0.0,100.0,1.0
2001-11-24 20:30:00,587.3017920420089,587.3017920420089,0.0,0.0,20.0,27.0,0.0,100.0,1.0
2001-11-24 21:30:00,622.8009650323602,622.8009650323602,0.0,0.0,20.0,27.0,0.0,100.0,1.0
2001-11-24 22:30:00,650.4457759034913,650.4457759034913,0.0,0.0,20.0,27.0,0.0,100.0,1.0
2001-11-24 23:30:00,671.3994236812568,671.3994236812568,0.0,0.0,20.0,27.0,0.0,100.0,1.0
2001-11-25 00:30:00,688.9269642617501,688.9269642617501,0.0,0.0,20.0,27.0,0.0,100.0,1.0
2001-11-25 01:30:00,697.5344549416386,697.5344549416386,0.0,0.0,20.0,27.0,0.0,100.0,1.0
2001-11-25 02:30:00,702.4471844892232,702.4471844892232,0.0,0.0,20.0,27.0,0.0,100.0,1.0
2001-11-25 03:30:00,705.2709253271323,705.2709253271323,0.0,0.0,20.0,27.0,0.0,100.0,1.0
2001-11-25 04:30:00,706.7324882709645,706.7324882709645,0.0,0.0,20.0,27.0,0.0,100.0,1.0
2001-11-25 05:30:00,705.5566498356056,705.5566498356056,0.0,0.0,20.0,27.0,0.0,100.0,1.0
2001-11-25 06:30:00,701.614181612671,701.614181612671,0.0,0.0,20.0,27.0,0.0,100.0,1.0
2001-11-25 07:30:00,680.9457415354182,680.9457415354182,0.0,0.0,20.0,27.0,0.0,100.0,1.0
2001-11-25 08:30:00,535.5950422191208,535.5950422191208,0.0,0.0,20.0,27.0,0.0,100.0,1.0
2001-11-25 09:30:00,0.0,0.0,0.0,0.0,20.0,27.0,0.0,100.0,3.0
2001-11-25 10:30:00,0.0,0.0,0.0,0.0,20.0,27.0,0.0,100.0,3.0
2001-11-25 11:30:00,0.0,0.0,0.0,0.0,20.0,27.0,0.0,100.0,3.0
2001-11-25 12:30:00,-352.71682621523087,-352.71682621523087,0.0,0.0,20.0,27.0,0.0,100.0,-1.0
2001-11-25 13:30:00,-572.2654262091482,-572.2654262091482,0.0,0.0,20.0,27.0,0.0,100.0,-1.0
2001-11-25 14:30:00,-611.6838477852407,-611.6838477852407,0.0,0.0,20.0,27.0,0.0,100.0,-1.0
2001-11-25 15:30:00,-344.6707319356028,-344.6707319356028,0.0,0.0,20.0,27.0,0.0,100.0,-1.0
2001-11-25 16:30:00,-154.0386121532183,-154.0386121532183,0.0,0.0,20.0,27.0,0.0,100.0,-1.0
2001-11-25 17:30:00,0.0,0.0,0.0,0.0,20.0,27.0,0.0,100.0,3.0
2001-11-25 18:30:00,0.0,0.0,0.0,0.0,20.0,27.0,0.0,100.0,3.0
2001-11-25 19:30:00,0.0,0.0,0.0,0.0,20.0,27.0,0.0,100.0,3.0
2001-11-25 20:30:00,0.0,0.0,0.0,0.0,20.0,27.0,0.0,100.0,3.0
2001-11-25 21:30:00,0.0,0.0,0.0,0.0,20.0,27.0,0.0,100.0,3.0
2001-11-25 22:30:00,52.292340128122305,52.292340128122305,0.0,0.0,20.0,27.0,0.0,100.0,1.0
2001-11-25 23:30:00,297.3411344263077,297.3411344263077,0.0,0.0,20.0,27.0,0.0,100.0,1.0
2001-11-26 00:30:00,441.64109135492254,441.64109135492254,0.0,0.0,20.0,27.0,0.0,100.0,1.0
2001-11-26 01:30:00,545.885591183659,545.885591183659,0.0,0.0,20.0,27.0,0.0,100.0,1.0
2001-11-26 02:30:00,628.5945010638397,628.5945010638397,0.0,0.0,20.0,27.0,0.0,100.0,1.0
2001-11-26 03:30:00,696.3063344010752,696.3063344010752,0.0,0.0,20.0,27.0,0.0,100.0,1.0
2001-11-26 04:30:00,759.3116959771405,759.3116959771405,0.0,0.0,20.0,27.0,0.0,100.0,1.0
2001-11-26 05:30:00,818.1417830844002,818.1417830844002,0.0,0.0,20.0,27.0,0.0,100.0,1.0
2001-11-26 06:30:00,874.4235901500579,874.4235901500579,0.0,0.0,20.0,27.0,0.0,100.0,1.0
2001-11-26 07:30:00,894.1319984534994,894.1319984534994,0.0,0.0,20.0,27.0,0.0,100.0,1.0
2001-11-26 08:30:00,784.0824907762699,784.0824907762699,0.0,0.0,20.0,27.0,0.0,100.0,1.0
2001-11-26 09:30:00,0.0,0.0,0.0,0.0,20.0,27.0,0.0,100.0,3.0
2001-11-26 10:30:00,0.0,0.0,0.0,0.0,20.0,27.0,0.0,100.0,3.0
2001-11-26 11:30:00,-761.1429536864116,-761.1429536864116,0.0,0.0,20.0,27.0,0.0,100.0,-1.0
2001-11-26 12:30:00,-2023.5231149004076,-2023.5231149004076,0.0,0.0,20.0,27.0,0.0,100.0,-1.0
2001-11-26 13:30:00,-3022.5945566011223,-3022.5945566011223,0.0,0.0,20.0,27.0,0.0,100.0,-1.0
2001-11-26 14:30:00,-3051.246516051241,-3051.246516051241,0.0,0.0,20.0,27.0,0.0,100.0,-1.0
2001-11-26 15:30:00,-1955.4393736462562,-1955.4393736462562,0.0,0.0,20.0,27.0,0.0,100.0,-1.0
2001-11-26 16:30:00,-849.8984245900529,-849.8984245900529,0.0,0.0,20.0,27.0,0.0,100.0,-1.0
2001-11-26 17:30:00,-36.444607376352906,-36.444607376352906,0.0,0.0,20.0,27.0,0.0,100.0,-1.0
2001-11-26 18:30:00,0.0,0.0,0.0,0.0,20.0,27.0,0.0,100.0,3.0
2001-11-26 19:30:00,0.0,0.0,0.0,0.0,20.0,27.0,0.0,100.0,3.0
2001-11-26 20:30:00,0.0,0.0,0.0,0.0,20.0,27.0,0.0,100.0,3.0
2001-11-26 21:30:00,0.0,0.0,0.0,0.0,20.0,27.0,0.0,100.0,3.0
2001-11-26 22:30:00,126.89109785815708,126.89109785815708,0.0,0.0,20.0,27.0,0.0,100.0,1.0
2001-11-26 23:30:00,404.72451151616497,404.72451151616497,0.0,0.0,20.0,27.0,0.0,100.0,1.0
2001-11-27 00:30:00,561.7076948788545,561.7076948788545,0.0,0.0,20.0,27.0,0.0,100.0,1.0
2001-11-27 01:30:00,673.0262878485792,673.0262878485792,0.0,0.0,20.0,27.0,0.0,100.0,1.0
2001-11-27 02:30:00,758.2625663137687,758.2625663137687,0.0,0.0,20.0,27.0,0.0,100.0,1.0
2001-11-27 03:30:00,829.2369218003751,829.2369218003751,0.0,0.0,20.0,27.0,0.0,100.0,1.0
2001-11-27 04:30:00,889.550384420023,889.550384420023,0.0,0.0,20.0,27.0,0.0,100.0,1.0
2001-11-27 05:30:00,942.9939957610541,942.9939957610541,0.0,0.0,20.0,27.0,0.0,100.0,1.0
2001-11-27 06:30:00,993.1044430310158,993.1044430310158,0.0,0.0,20.0,27.0,0.0,100.0,1.0
2001-11-27 07:30:00,1002.5785499004814,1002.5785499004814,0.0,0.0,20.0,27.0,0.0,100.0,1.0
2001-11-27 08:30:00,857.9401536664955,857.9401536664955,0.0,0.0,20.0,27.0,0.0,100.0,1.0
2001-11-27 09:30:00,0.0,0.0,0.0,0.0,20.0,27.0,0.0,100.0,3.0
2001-11-27 10:30:00,-321.3606811412028,-321.3606811412028,0.0,0.0,20.0,27.0,0.0,100.0,-1.0
2001-11-27 11:30:00,-2098.4204808989352,-2098.4204808989352,0.0,0.0,20.0,27.0,0.0,100.0,-1.0
2001-11-27 12:30:00,-3056.606096437662,-3056.606096437662,0.0,0.0,20.0,27.0,0.0,100.0,-1.0
2001-11-27 13:30:00,-3682.72066589726,-3682.72066589726,0.0,0.0,20.0,27.0,0.0,100.0,-1.0
2001-11-27 14:30:00,-3795.515198103217,-3795.515198103217,0.0,0.0,20.0,27.0,0.0,100.0,-1.0
2001-11-27 15:30:00,-3283.5974690371922,-3283.5974690371922,0.0,0.0,20.0,27.0,0.0,100.0,-1.0
2001-11-27 16:30:00,-2020.0115073895531,-2020.0115073895531,0.0,0.0,20.0,27.0,0.0,100.0,-1.0
2001-11-27 17:30:00,-678.5196510945598,-678.5196510945598,0.0,0.0,20.0,27.0,0.0,100.0,-1.0
2001-11-27 18:30:00,0.0,0.0,0.0,0.0,20.0,27.0,0.0,100.0,3.0
2001-11-27 19:30:00,0.0,0.0,0.0,0.0,20.0,27.0,0.0,100.0,3.0
2001-11-27 20:30:00,0.0,0.0,0.0,0.0,20.0,27.0,0.0,100.0,3.0
2001-11-27 21:30:00,0.0,0.0,0.0,0.0,20.0,27.0,0.0,100.0,3.0
2001-11-27 22:30:00,0.0,0.0,0.0,0.0,20.0,27.0,0.0,100.0,3.0
2001-11-27 23:30:00,377.93865134125735,377.93865134125735,0.0,0.0,20.0,27.0,0.0,100.0,1.0
2001-11-28 00:30:00,589.39799679915,589.39799679915,0.0,0.0,20.0,27.0,0.0,100.0,1.0
2001-11-28 01:30:00,734.2363496226981,734.2363496226981,0.0,0.0,20.0,27.0,0.0,100.0,1.0
2001-11-28 02:30:00,839.3246854159606,839.3246854159606,0.0,0.0,20.0,27.0,0.0,100.0,1.0
2001-11-28 03:30:00,918.7243200544399,918.7243200544399,0.0,0.0,20.0,27.0,0.0,100.0,1.0
2001-11-28 04:30:00,987.6677367513121,987.6677367513121,0.0,0.0,20.0,27.0,0.0,100.0,1.0
2001-11-28 05:30:00,1050.2436087590995,1050.2436087590995,0.0,0.0,20.0,27.0,0.0,100.0,1.0
2001-11-28 06:30:00,1109.5138357725764,1109.5138357725764,0.0,0.0,20.0,27.0,0.0,100.0,1.0
2001-11-28 07:30:00,1133.7298801445158,1133.7298801445158,0.0,0.0,20.0,27.0,0.0,100.0,1.0
2001-11-28 08:30:00,987.9257699359223,987.9257699359223,0.0,0.0,20.0,27.0,0.0,100.0,1.0
2001-11-28 09:30:00,0.0,0.0,0.0,0.0,20.0,27.0,0.0,100.0,3.0
2001-11-28 10:30:00,0.0,0.0,0.0,0.0,20.0,27.0,0.0,100.0,3.0
2001-11-28 11:30:00,-789.2701621253173,-789.2701621253173,0.0,0.0,20.0,27.0,0.0,100.0,-1.0
2001-11-28 12:30:00,-2095.895318248132,-2095.895318248132,0.0,0.0,20.0,27.0,0.0,100.0,-1.0
2001-11-28 13:30:00,-2433.4866426958824,-2433.4866426958824,0.0,0.0,20.0,27.0,0.0,100.0,-1.0
2001-11-28 14:30:00,-2798.997075437558,-2798.997075437558,0.0,0.0,20.0,27.0,0.0,100.0,-1.0
2001-11-28 15:30:00,-2317.927748598836,-2317.927748598836,0.0,0.0,20.0,27.0,0.0,100.0,-1.0
2001-11-28 16:30:00,-1482.1775489730016,-1482.1775489730016,0.0,0.0,20.0,27.0,0.0,100.0,-1.0
2001-11-28 17:30:00,-287.08244754255156,-287.08244754255156,0.0,0.0,20.0,27.0,0.0,100.0,-1.0
2001-11-28 18:30:00,0.0,0.0,0.0,0.0,20.0,27.0,0.0,100.0,3.0
2001-11-28 19:30:00,0.0,0.0,0.0,0.0,20.0,27.0,0.0,100.0,3.0
2001-11-28 20:30:00,0.0,0.0,0.0,0.0,20.0,27.0,0.0,100.0,3.0
2001-11-28 21:30:00,0.0,0.0,0.0,0.0,20.0,27.0,0.0,100.0,3.0
2001-11-28 22:30:00,426.22208799594864,426.22208799594864,0.0,0.0,20.0,27.0,0.0,100.0,1.0
2001-11-28 23:30:00,662.1438670323432,662.1438670323432,0.0,0.0,20.0,27.0,0.0,100.0,1.0
2001-11-29 00:30:00,818.7311975171779,818.7311975171779,0.0,0.0,20.0,27.0,0.0,100.0,1.0
2001-11-29 01:30:00,932.1715919879816,932.1715919879816,0.0,0.0,20.0,27.0,0.0,100.0,1.0
2001-11-29 02:30:00,1017.9756466302752,1017.9756466302752,0.0,0.0,20.0,27.0,0.0,100.0,1.0
2001-11-29 03:30:00,1090.3254438481645,1090.3254438481645,0.0,0.0,20.0,27.0,0.0,100.0,1.0
2001-11-29 04:30:00,1151.4778761120715,1151.4778761120715,0.0,0.0,20.0,27.0,0.0,100.0,1.0
2001-11-29 05:30:00,1211.2653504605914,1211.2653504605914,0.0,0.0,20.0,27.0,0.0,100.0,1.0
2001-11-29 06:30:00,1268.637232680985,1268.637232680985,0.0,0.0,20.0,27.0,0.0,100.0,1.0
2001-11-29 07:30:00,1285.6120110124784,1285.6120110124784,0.0,0.0,20.0,27.0,0.0,100.0,1.0
2001-11-29 08:30:00,1151.0767428167583,1151.0767428167583,0.0,0.0,20.0,27.0,0.0,100.0,1.0
2001-11-29 09:30:00,0.0,0.0,0.0,0.0,20.0,27.0,0.0,100.0,3.0
2001-11-29 10:30:00,0.0,0.0,0.0,0.0,20.0,27.0,0.0,100.0,3.0
2001-11-29 11:30:00,-1333.7132512811431,-1333.7132512811431,0.0,0.0,20.0,27.0,0.0,100.0,-1.0
2001-11-29 12:30:00,-2413.6417292790093,-2413.6417292790093,0.0,0.0,20.0,27.0,0.0,100.0,-1.0
2001-11-29 13:30:00,-3009.067917119627,-3009.067917119627,0.0,0.0,20.0,27.0,0.0,100.0,-1.0
2001-11-29 14:30:00,-2762.806956874075,-2762.806956874075,0.0,0.0,20.0,27.0,0.0,100.0,-1.0
2001-11-29 15:30:00,-2201.6084464926744,-2201.6084464926744,0.0,0.0,20.0,27.0,0.0,100.0,-1.0
2001-11-29 16:30:00,-1430.7798053656834,-1430.7798053656834,0.0,0.0,20.0,27.0,0.0,100.0,-1.0
2001-11-29 17:30:00,-222.61716568802785,-222.61716568802785,0.0,0.0,20.0,27.0,0.0,100.0,-1.0
2001-11-29 18:30:00,0.0,0.0,0.0,0.0,20.0,27.0,0.0,100.0,3.0
2001-11-29 19:30:00,0.0,0.0,0.0,0.0,20.0,27.0,0.0,100.0,3.0
2001-11-29 20:30:00,0.0,0.0,0.0,0.0,20.0,27.0,0.0,100.0,3.0
2001-11-29 21:30:00,132.95329728065735,132.95329728065735,0.0,0.0,20.0,27.0,0.0,100.0,1.0
2001-11-29 22:30:00,527.0927456911095,527.0927456911095,0.0,0.0,20.0,27.0,0.0,100.0,1.0
2001-11-29 23:30:00,738.1712760115151,738.1712760115151,0.0,0.0,20.0,27.0,0.0,100.0,1.0
2001-11-30 00:30:00,874.9369865440212,874.9369865440212,0.0,0.0,20.0,27.0,0.0,100.0,1.0
2001-11-30 01:30:00,968.2492272048021,968.2492272048021,0.0,0.0,20.0,27.0,0.0,100.0,1.0
2001-11-30 02:30:00,1041.0226187229346,1041.0226187229346,0.0,0.0,20.0,27.0,0.0,100.0,1.0
2001-11-30 03:30:00,1094.7994599946605,1094.7994599946605,0.0,0.0,20.0,27.0,0.0,100.0,1.0
2001-11-30 04:30:00,1140.6886863228647,1140.6886863228647,0.0,0.0,20.0,27.0,0.0,100.0,1.0
2001-11-30 05:30:00,1179.0485690233327,1179.0485690233327,0.0,0.0,20.0,27.0,0.0,100.0,1.0
2001-11-30 06:30:00,1215.5091692264232,1215.5091692264232,0.0,0.0,20.0,27.0,0.0,100.0,1.0
2001-11-30 07:30:00,1223.8533371853819,1223.8533371853819,0.0,0.0,20.0,27.0,0.0,100.0,1.0
2001-11-30 08:30:00,1086.0659033965203,1086.0659033965203,0.0,0.0,20.0,27.0,0.0,100.0,1.0
2001-11-30 09:30:00,0.0,0.0,0.0,0.0,20.0,27.0,0.0,100.0,3.0
2001-11-30 10:30:00,-456.34843792842275,-456.34843792842275,0.0,0.0,20.0,27.0,0.0,100.0,-1.0
2001-11-30 11:30:00,-2104.649680780959,-2104.649680780959,0.0,0.0,20.0,27.0,0.0,100.0,-1.0
2001-11-30 12:30:00,-2914.1662936315597,-2914.1662936315597,0.0,0.0,20.0,27.0,0.0,100.0,-1.0
2001-11-30 13:30:00,-3076.3471900922623,-3076.3471900922623,0.0,0.0,20.0,27.0,0.0,100.0,-1.0
2001-11-30 14:30:00,-2503.2629691695174,-2503.2629691695174,0.0,0.0,20.0,27.0,0.0,100.0,-1.0
2001-11-30 15:30:00,-1826.3489849110274,-1826.3489849110274,0.0,0.0,20.0,27.0,0.0,100.0,-1.0
2001-11-30 16:30:00,-950.7225497886748,-950.7225497886748,0.0,0.0,20.0,27.0,0.0,100.0,-1.0
2001-11-30 17:30:00,0.0,0.0,0.0,0.0,20.0,27.0,0.0,100.0,3.0
2001-11-30 18:30:00,0.0,0.0,0.0,0.0,20.0,27.0,0.0,100.0,3.0
2001-11-30 19:30:00,0.0,0.0,0.0,0.0,20.0,27.0,0.0,100.0,3.0
2001-11-30 20:30:00,0.0,0.0,0.0,0.0,20.0,27.0,0.0,100.0,3.0
2001-11-30 21:30:00,116.31443196951932,116.31443196951932,0.0,0.0,20.0,27.0,0.0,100.0,1.0
2001-11-30 22:30:00,463.18121790319765,463.18121790319765,0.0,0.0,20.0,27.0,0.0,100.0,1.0
2001-11-30 23:30:00,642.8106626407089,642.8106626407089,0.0,0.0,20.0,27.0,0.0,100.0,1.0
2001-12-01 00:30:00,761.2530075151408,761.2530075151408,0.0,0.0,20.0,27.0,0.0,100.0,1.0
2001-12-01 01:30:00,846.8335518313779,846.8335518313779,0.0,0.0,20.0,27.0,0.0,100.0,1.0
2001-12-01 02:30:00,903.9875548601103,903.9875548601103,0.0,0.0,20.0,27.0,0.0,100.0,1.0
2001-12-01 03:30:00,944.7989306089185,944.7989306089185,0.0,0.0,20.0,27.0,0.0,100.0,1.0
2001-12-01 04:30:00,974.4457979892368,974.4457979892368,0.0,0.0,20.0,27.0,0.0,100.0,1.0
2001-12-01 05:30:00,995.5455050700821,995.5455050700821,0.0,0.0,20.0,27.0,0.0,100.0,1.0
2001-12-01 06:30:00,1016.221054440739,1016.221054440739,0.0,0.0,20.0,27.0,0.0,100.0,1.0
2001-12-01 07:30:00,1012.9763961780136,1012.9763961780136,0.0,0.0,20.0,27.0,0.0,100.0,1.0
2001-12-01 08:30:00,887.257233235392,887.257233235392,0.0,0.0,20.0,27.0,0.0,100.0,1.0
2001-12-01 09:30:00,0.0,0.0,0.0,0.0,20.0,27.0,0.0,100.0,3.0
2001-12-01 10:30:00,0.0,0.0,0.0,0.0,20.0,27.0,0.0,100.0,3.0
2001-12-01 11:30:00,-1945.6251979413255,-1945.6251979413255,0.0,0.0,20.0,27.0,0.0,100.0,-1.0
2001-12-01 12:30:00,-3105.876229462586,-3105.876229462586,0.0,0.0,20.0,27.0,0.0,100.0,-1.0
2001-12-01 13:30:00,-3657.8145561995816,-3657.8145561995816,0.0,0.0,20.0,27.0,0.0,100.0,-1.0
2001-12-01 14:30:00,-3784.2479294515024,-3784.2479294515024,0.0,0.0,20.0,27.0,0.0,100.0,-1.0
2001-12-01 15:30:00,-3303.2253895269723,-3303.2253895269723,0.0,0.0,20.0,27.0,0.0,100.0,-1.0
2001-12-01 16:30:00,-2073.2783210747793,-2073.2783210747793,0.0,0.0,20.0,27.0,0.0,100.0,-1.0
2001-12-01 17:30:00,-751.2180543833756,-751.2180543833756,0.0,0.0,20.0,27.0,0.0,100.0,-1.0
2001-12-01 18:30:00,0.0,0.0,0.0,0.0,20.0,27.0,0.0,100.0,3.0
2001-12-01 19:30:00,0.0,0.0,0.0,0.0,20.0,27.0,0.0,100.0,3.0
2001-12-01 20:30:00,0.0,0.0,0.0,0.0,20.0,27.0,0.0,100.0,3.0
2001-12-01 21:30:00,0.0,0.0,0.0,0.0,20.0,27.0,0.0,100.0,3.0
2001-12-01 22:30:00,0.0,0.0,0.0,0.0,20.0,27.0,0.0,100.0,3.0
2001-12-01 23:30:00,204.2094713476472,204.2094713476472,0.0,0.0,20.0,27.0,0.0,100.0,1.0
2001-12-02 00:30:00,481.9926386652378,481.9926386652378,0.0,0.0,20.0,27.0,0.0,100.0,1.0
2001-12-02 01:30:00,658.7553664358038,658.7553664358038,0.0,0.0,20.0,27.0,0.0,100.0,1.0
2001-12-02 02:30:00,793.2751148845309,793.2751148845309,0.0,0.0,20.0,27.0,0.0,100.0,1.0
2001-12-02 03:30:00,905.2089952200104,905.2089952200104,0.0,0.0,20.0,27.0,0.0,100.0,1.0
2001-12-02 04:30:00,1001.1688549881637,1001.1688549881637,0.0,0.0,20.0,27.0,0.0,100.0,1.0
2001-12-02 05:30:00,1092.1277876285785,1092.1277876285785,0.0,0.0,20.0,27.0,0.0,100.0,1.0
2001-12-02 06:30:00,1177.239065024245,1177.239065024245,0.0,0.0,20.0,27.0,0.0,100.0,1.0
2001-12-02 07:30:00,1228.218358412054,1228.218358412054,0.0,0.0,20.0,27.0,0.0,100.0,1.0
2001-12-02 08:30:00,1129.7491192040561,1129.7491192040561,0.0,0.0,20.0,27.0,0.0,100.0,1.0
2001-12-02 09:30:00,0.0,0.0,0.0,0.0,20.0,27.0,0.0,100.0,3.0
2001-12-02 10:30:00,0.0,0.0,0.0,0.0,20.0,27.0,0.0,100.0,3.0
2001-12-02 11:30:00,-1624.5467955970826,-1624.5467955970826,0.0,0.0,20.0,27.0,0.0,100.0,-1.0
2001-12-02 12:30:00,-2823.2472889739374,-2823.2472889739374,0.0,0.0,20.0,27.0,0.0,100.0,-1.0
2001-12-02 13:30:00,-3384.3950966020793,-3384.3950966020793,0.0,0.0,20.0,27.0,0.0,100.0,-1.0
2001-12-02 14:30:00,-3286.2553225710553,-3286.2553225710553,0.0,0.0,20.0,27.0,0.0,100.0,-1.0
2001-12-02 15:30:00,-2495.0555402003747,-2495.0555402003747,0.0,0.0,20.0,27.0,0.0,100.0,-1.0
2001-12-02 16:30:00,-1169.7660709190486,-1169.7660709190486,0.0,0.0,20.0,27.0,0.0,100.0,-1.0
2001-12-02 17:30:00,-105.111934204323,-105.111934204323,0.0,0.0,20.0,27.0,0.0,100.0,-1.0
2001-12-02 18:30:00,0.0,0.0,0.0,0.0,20.0,27.0,0.0,100.0,3.0
2001-12-02 19:30:00,0.0,0.0,0.0,0.0,20.0,27.0,0.0,100.0,3.0
2001-12-02 20:30:00,0.0,0.0,0.0,0.0,20.0,27.0,0.0,100.0,3.0
2001-12-02 21:30:00,20.707150177004223,20.707150177004223,0.0,0.0,20.0,27.0,0.0,100.0,1.0
2001-12-02 22:30:00,397.8840108452532,397.8840108452532,0.0,0.0,20.0,27.0,0.0,100.0,1.0
2001-12-02 23:30:00,585.9112009649944,585.9112009649944,0.0,0.0,20.0,27.0,0.0,100.0,1.0
2001-12-03 00:30:00,696.7649437644595,696.7649437644595,0.0,0.0,20.0,27.0,0.0,100.0,1.0
2001-12-03 01:30:00,759.4946717351104,759.4946717351104,0.0,0.0,20.0,27.0,0.0,100.0,1.0
2001-12-03 02:30:00,791.2544830137394,791.2544830137394,0.0,0.0,20.0,27.0,0.0,100.0,1.0
2001-12-03 03:30:00,805.7319493175719,805.7319493175719,0.0,0.0,20.0,27.0,0.0,100.0,1.0
2001-12-03 04:30:00,811.8072426169401,811.8072426169401,0.0,0.0,20.0,27.0,0.0,100.0,1.0
2001-12-03 05:30:00,814.542450594854,814.542450594854,0.0,0.0,20.0,27.0,0.0,100.0,1.0
2001-12-03 06:30:00,810.8936322267746,810.8936322267746,0.0,0.0,20.0,27.0,0.0,100.0,1.0
2001-12-03 07:30:00,789.3880168505493,789.3880168505493,0.0,0.0,20.0,27.0,0.0,100.0,1.0
2001-12-03 08:30:00,665.675510048618,665.675510048618,0.0,0.0,20.0,27.0,0.0,100.0,1.0
2001-12-03 09:30:00,0.0,0.0,0.0,0.0,20.0,27.0,0.0,100.0,3.0
2001-12-03 10:30:00,-161.9120242602985,-161.9120242602985,0.0,0.0,20.0,27.0,0.0,100.0,-1.0
2001-12-03 11:30:00,-1746.315754354021,-1746.315754354021,0.0,0.0,20.0,27.0,0.0,100.0,-1.0
2001-12-03 12:30:00,-2937.9313326078855,-2937.9313326078855,0.0,0.0,20.0,27.0,0.0,100.0,-1.0
2001-12-03 13:30:00,-3623.485710672626,-3623.485710672626,0.0,0.0,20.0,27.0,0.0,100.0,-1.0
2001-12-03 14:30:00,-3652.702295244363,-3652.702295244363,0.0,0.0,20.0,27.0,0.0,100.0,-1.0
2001-12-03 15:30:00,-2914.510586766478,-2914.510586766478,0.0,0.0,20.0,27.0,0.0,100.0,-1.0
2001-12-03 16:30:00,-1653.3004102786954,-1653.3004102786954,0.0,0.0,20.0,27.0,0.0,100.0,-1.0
2001-12-03 17:30:00,-599.965280481013,-599.965280481013,0.0,0.0,20.0,27.0,0.0,100.0,-1.0
2001-12-03 18:30:00,0.0,0.0,0.0,0.0,20.0,27.0,0.0,100.0,3.0
2001-12-03 19:30:00,0.0,0.0,0.0,0.0,20.0,27.0,0.0,100.0,3.0
2001-12-03 20:30:00,0.0,0.0,0.0,0.0,20.0,27.0,0.0,100.0,3.0
2001-12-03 21:30:00,0.0,0.0,0.0,0.0,20.0,27.0,0.0,100.0,3.0
2001-12-03 22:30:00,0.0,0.0,0.0,0.0,20.0,27.0,0.0,100.0,3.0
2001-12-03 23:30:00,0.0,0.0,0.0,0.0,20.0,27.0,0.0,100.0,3.0
2001-12-04 00:30:00,0.0,0.0,0.0,0.0,20.0,27.0,0.0,100.0,3.0
2001-12-04 01:30:00,157.1405200056961,157.1405200056961,0.0,0.0,20.0,27.0,0.0,100.0,1.0
2001-12-04 02:30:00,327.27078574392726,327.27078574392726,0.0,0.0,20.0,27.0,0.0,100.0,1.0
2001-12-04 03:30:00,435.71419311315003,435.71419311315003,0.0,0.0,20.0,27.0,0.0,100.0,1.0
2001-12-04 04:30:00,515.4585255792263,515.4585255792263,0.0,0.0,20.0,27.0,0.0,100.0,1.0
2001-12-04 05:30:00,581.8372237677868,581.8372237677868,0.0,0.0,20.0,27.0,0.0,100.0,1.0
2001-12-04 06:30:00,642.8371614307825,642.8371614307825,0.0,0.0,20.0,27.0,0.0,100.0,1.0
2001-12-04 07:30:00,672.4286821418273,672.4286821418273,0.0,0.0,20.0,27.0,0.0,100.0,1.0
2001-12-04 08:30:00,588.8034774418884,588.8034774418884,0.0,0.0,20.0,27.0,0.0,100.0,1.0
2001-12-04 09:30:00,0.0,0.0,0.0,0.0,20.0,27.0,0.0,100.0,3.0
2001-12-04 10:30:00,0.0,0.0,0.0,0.0,20.0,27.0,0.0,100.0,3.0
2001-12-04 11:30:00,-330.06495206992986,-330.06495206992986,0.0,0.0,20.0,27.0,0.0,100.0,-1.0
2001-12-04 12:30:00,-1123.4164828523799,-1123.4164828523799,0.0,0.0,20.0,27.0,0.0,100.0,-1.0
2001-12-04 13:30:00,-1268.7525561415778,-1268.7525561415778,0.0,0.0,20.0,27.0,0.0,100.0,-1.0
2001-12-04 14:30:00,-1308.9154671853967,-1308.9154671853967,0.0,0.0,20.0,27.0,0.0,100.0,-1.0
2001-12-04 15:30:00,-725.9250726877681,-725.9250726877681,0.0,0.0,20.0,27.0,0.0,100.0,-1.0
2001-12-04 16:30:00,-417.5600521627139,-417.5600521627139,0.0,0.0,20.0,27.0,0.0,100.0,-1.0
2001-12-04 17:30:00,0.0,0.0,0.0,0.0,20.0,27.0,0.0,100.0,3.0
2001-12-04 18:30:00,0.0,0.0,0.0,0.0,20.0,27.0,0.0,100.0,3.0
2001-12-04 19:30:00,0.0,0.0,0.0,0.0,20.0,27.0,0.0,100.0,3.0
2001-12-04 20:30:00,0.0,0.0,0.0,0.0,20.0,27.0,0.0,100.0,3.0
2001-12-04 21:30:00,0.0,0.0,0.0,0.0,20.0,27.0,0.0,100.0,3.0
2001-12-04 22:30:00,0.0,0.0,0.0,0.0,20.0,27.0,0.0,100.0,3.0
2001-12-04 23:30:00,252.46775116980825,252.46775116980825,0.0,0.0,20.0,27.0,0.0,100.0,1.0
2001-12-05 00:30:00,415.59632265293476,415.59632265293476,0.0,0.0,20.0,27.0,0.0,100.0,1.0
2001-12-05 01:30:00,527.4856275091215,527.4856275091215,0.0,0.0,20.0,27.0,0.0,100.0,1.0
2001-12-05 02:30:00,611.5331225291129,611.5331225291129,0.0,0.0,20.0,27.0,0.0,100.0,1.0
2001-12-05 03:30:00,678.2076522184143,678.2076522184143,0.0,0.0,20.0,27.0,0.0,100.0,1.0
2001-12-05 04:30:00,732.819819164336,732.819819164336,0.0,0.0,20.0,27.0,0.0,100.0,1.0
2001-12-05 05:30:00,784.4386346337451,784.4386346337451,0.0,0.0,20.0,27.0,0.0,100.0,1.0
2001-12-05 06:30:00,833.3203848593366,833.3203848593366,0.0,0.0,20.0,27.0,0.0,100.0,1.0
2001-12-05 07:30:00,858.7466055784289,858.7466055784289,0.0,0.0,20.0,27.0,0.0,100.0,1.0
2001-12-05 08:30:00,744.7526492428678,744.7526492428678,0.0,0.0,20.0,27.0,0.0,100.0,1.0
2001-12-05 09:30:00,0.0,0.0,0.0,0.0,20.0,27.0,0.0,100.0,3.0
2001-12-05 10:30:00,0.0,0.0,0.0,0.0,20.0,27.0,0.0,100.0,3.0
2001-12-05 11:30:00,-212.05199700438698,-212.05199700438698,0.0,0.0,20.0,27.0,0.0,100.0,-1.0
2001-12-05 12:30:00,-803.7335242922281,-803.7335242922281,0.0,0.0,20.0,27.0,0.0,100.0,-1.0
2001-12-05 13:30:00,-1094.5779193267708,-1094.5779193267708,0.0,0.0,20.0,27.0,0.0,100.0,-1.0
2001-12-05 14:30:00,-583.6997975079075,-583.6997975079075,0.0,0.0,20.0,27.0,0.0,100.0,-1.0
2001-12-05 15:30:00,-640.126371864103,-640.126371864103,0.0,0.0,20.0,27.0,0.0,100.0,-1.0
2001-12-05 16:30:00,-426.53873324405777,-426.53873324405777,0.0,0.0,20.0,27.0,0.0,100.0,-1.0
2001-12-05 17:30:00,0.0,0.0,0.0,0.0,20.0,27.0,0.0,100.0,3.0
2001-12-05 18:30:00,0.0,0.0,0.0,0.0,20.0,27.0,0.0,100.0,3.0
2001-12-05 19:30:00,0.0,0.0,0.0,0.0,20.0,27.0,0.0,100.0,3.0
2001-12-05 20:30:00,0.0,0.0,0.0,0.0,20.0,27.0,0.0,100.0,3.0
2001-12-05 21:30:00,67.28928145366808,67.28928145366808,0.0,0.0,20.0,27.0,0.0,100.0,1.0
2001-12-05 22:30:00,400.2790684749216,400.2790684749216,0.0,0.0,20.0,27.0,0.0,100.0,1.0
2001-12-05 23:30:00,584.2956668465331,584.2956668465331,0.0,0.0,20.0,27.0,0.0,100.0,1.0
2001-12-06 00:30:00,708.069548225476,708.069548225476,0.0,0.0,20.0,27.0,0.0,100.0,1.0
2001-12-06 01:30:00,803.3929732929973,803.3929732929973,0.0,0.0,20.0,27.0,0.0,100.0,1.0
2001-12-06 02:30:00,878.2143192311305,878.2143192311305,0.0,0.0,20.0,27.0,0.0,100.0,1.0
2001-12-06 03:30:00,944.8258182500085,944.8258182500085,0.0,0.0,20.0,27.0,0.0,100.0,1.0
2001-12-06 04:30:00,1005.846651300033,1005.846651300033,0.0,0.0,20.0,27.0,0.0,100.0,1.0
2001-12-06 05:30:00,1060.4475175287216,1060.4475175287216,0.0,0.0,20.0,27.0,0.0,100.0,1.0
2001-12-06 06:30:00,1115.0421582712133,1115.0421582712133,0.0,0.0,20.0,27.0,0.0,100.0,1.0
2001-12-06 07:30:00,1142.8962875082025,1142.8962875082025,0.0,0.0,20.0,27.0,0.0,100.0,1.0
2001-12-06 08:30:00,1034.2995288470383,1034.2995288470383,0.0,0.0,20.0,27.0,0.0,100.0,1.0
2001-12-06 09:30:00,0.0,0.0,0.0,0.0,20.0,27.0,0.0,100.0,3.0
2001-12-06 10:30:00,-359.19315648286374,-359.19315648286374,0.0,0.0,20.0,27.0,0.0,100.0,-1.0
2001-12-06 11:30:00,-2210.8866676888,-2210.8866676888,0.0,0.0,20.0,27.0,0.0,100.0,-1.0
2001-12-06 12:30:00,-3157.8207519800408,-3157.8207519800408,0.0,0.0,20.0,27.0,0.0,100.0,-1.0
2001-12-06 13:30:00,-3521.239453241539,-3521.239453241539,0.0,0.0,20.0,27.0,0.0,100.0,-1.0
2001-12-06 14:30:00,-3626.806196080569,-3626.806196080569,0.0,0.0,20.0,27.0,0.0,100.0,-1.0
2001-12-06 15:30:00,-3192.623999792183,-3192.623999792183,0.0,0.0,20.0,27.0,0.0,100.0,-1.0
2001-12-06 16:30:00,-2129.9239858552164,-2129.9239858552164,0.0,0.0,20.0,27.0,0.0,100.0,-1.0
2001-12-06 17:30:00,-672.1163872402403,-672.1163872402403,0.0,0.0,20.0,27.0,0.0,100.0,-1.0
2001-12-06 18:30:00,0.0,0.0,0.0,0.0,20.0,27.0,0.0,100.0,3.0
2001-12-06 19:30:00,0.0,0.0,0.0,0.0,20.0,27.0,0.0,100.0,3.0
2001-12-06 20:30:00,0.0,0.0,0.0,0.0,20.0,27.0,0.0,100.0,3.0
2001-12-06 21:30:00,0.0,0.0,0.0,0.0,20.0,27.0,0.0,100.0,3.0
2001-12-06 22:30:00,81.99928220315996,81.99928220315996,0.0,0.0,20.0,27.0,0.0,100.0,1.0
2001-12-06 23:30:00,429.8908676561332,429.8908676561332,0.0,0.0,20.0,27.0,0.0,100.0,1.0
2001-12-07 00:30:00,616.6588442598113,616.6588442598113,0.0,0.0,20.0,27.0,0.0,100.0,1.0
2001-12-07 01:30:00,737.8369415153102,737.8369415153102,0.0,0.0,20.0,27.0,0.0,100.0,1.0
2001-12-07 02:30:00,816.3730248047877,816.3730248047877,0.0,0.0,20.0,27.0,0.0,100.0,1.0
2001-12-07 03:30:00,878.5806351014853,878.5806351014853,0.0,0.0,20.0,27.0,0.0,100.0,1.0
2001-12-07 04:30:00,928.7854357939705,928.7854357939705,0.0,0.0,20.0,27.0,0.0,100.0,1.0
2001-12-07 05:30:00,969.5713327383291,969.5713327383291,0.0,0.0,20.0,27.0,0.0,100.0,1.0
2001-12-07 06:30:00,1009.4574815831238,1009.4574815831238,0.0,0.0,20.0,27.0,0.0,100.0,1.0
2001-12-07 07:30:00,1025.3004061726442,1025.3004061726442,0.0,0.0,20.0,27.0,0.0,100.0,1.0
2001-12-07 08:30:00,914.9283262545605,914.9283262545605,0.0,0.0,20.0,27.0,0.0,100.0,1.0
2001-12-07 09:30:00,0.0,0.0,0.0,0.0,20.0,27.0,0.0,100.0,3.0
2001-12-07 10:30:00,0.0,0.0,0.0,0.0,20.0,27.0,0.0,100.0,3.0
2001-12-07 11:30:00,-830.6876961817497,-830.6876961817497,0.0,0.0,20.0,27.0,0.0,100.0,-1.0
2001-12-07 12:30:00,-2175.8691140766014,-2175.8691140766014,0.0,0.0,20.0,27.0,0.0,100.0,-1.0
2001-12-07 13:30:00,-2833.7654519951802,-2833.7654519951802,0.0,0.0,20.0,27.0,0.0,100.0,-1.0
2001-12-07 14:30:00,-2540.9701010816398,-2540.9701010816398,0.0,0.0,20.0,27.0,0.0,100.0,-1.0
2001-12-07 15:30:00,-1711.2096844403304,-1711.2096844403304,0.0,0.0,20.0,27.0,0.0,100.0,-1.0
2001-12-07 16:30:00,-1039.5395509283017,-1039.5395509283017,0.0,0.0,20.0,27.0,0.0,100.0,-1.0
2001-12-07 17:30:00,-90.52410813611914,-90.52410813611914,0.0,0.0,20.0,27.0,0.0,100.0,-1.0
2001-12-07 18:30:00,0.0,0.0,0.0,0.0,20.0,27.0,0.0,100.0,3.0
2001-12-07 19:30:00,0.0,0.0,0.0,0.0,20.0,27.0,0.0,100.0,3.0
2001-12-07 20:30:00,0.0,0.0,0.0,0.0,20.0,27.0,0.0,100.0,3.0
2001-12-07 21:30:00,0.0,0.0,0.0,0.0,20.0,27.0,0.0,100.0,3.0
2001-12-07 22:30:00,132.33177473868636,132.33177473868636,0.0,0.0,20.0,27.0,0.0,100.0,1.0
2001-12-07 23:30:00,398.189284415158,398.189284415158,0.0,0.0,20.0,27.0,0.0,100.0,1.0
2001-12-08 00:30:00,543.9690543084007,543.9690543084007,0.0,0.0,20.0,27.0,0.0,100.0,1.0
2001-12-08 01:30:00,640.5362245669548,640.5362245669548,0.0,0.0,20.0,27.0,0.0,100.0,1.0
2001-12-08 02:30:00,709.039203275961,709.039203275961,0.0,0.0,20.0,27.0,0.0,100.0,1.0
2001-12-08 03:30:00,762.8760086457287,762.8760086457287,0.0,0.0,20.0,27.0,0.0,100.0,1.0
2001-12-08 04:30:00,805.4847782077359,805.4847782077359,0.0,0.0,20.0,27.0,0.0,100.0,1.0
2001-12-08 05:30:00,842.7032463137457,842.7032463137457,0.0,0.0,20.0,27.0,0.0,100.0,1.0
2001-12-08 06:30:00,878.8700734649874,878.8700734649874,0.0,0.0,20.0,27.0,0.0,100.0,1.0
2001-12-08 07:30:00,893.6003984498902,893.6003984498902,0.0,0.0,20.0,27.0,0.0,100.0,1.0
2001-12-08 08:30:00,799.1509792926709,799.1509792926709,0.0,0.0,20.0,27.0,0.0,100.0,1.0
2001-12-08 09:30:00,0.0,0.0,0.0,0.0,20.0,27.0,0.0,100.0,3.0
2001-12-08 10:30:00,0.0,0.0,0.0,0.0,20.0,27.0,0.0,100.0,3.0
2001-12-08 11:30:00,-445.71317080459175,-445.71317080459175,0.0,0.0,20.0,27.0,0.0,100.0,-1.0
2001-12-08 12:30:00,-1595.1684993065346,-1595.1684993065346,0.0,0.0,20.0,27.0,0.0,100.0,-1.0
2001-12-08 13:30:00,-2196.7491649721405,-2196.7491649721405,0.0,0.0,20.0,27.0,0.0,100.0,-1.0
2001-12-08 14:30:00,-1971.5643268138783,-1971.5643268138783,0.0,0.0,20.0,27.0,0.0,100.0,-1.0
2001-12-08 15:30:00,-1325.1457170013155,-1325.1457170013155,0.0,0.0,20.0,27.0,0.0,100.0,-1.0
2001-12-08 16:30:00,-422.94620139663766,-422.94620139663766,0.0,0.0,20.0,27.0,0.0,100.0,-1.0
2001-12-08 17:30:00,0.0,0.0,0.0,0.0,20.0,27.0,0.0,100.0,3.0
2001-12-08 18:30:00,0.0,0.0,0.0,0.0,20.0,27.0,0.0,100.0,3.0
2001-12-08 19:30:00,0.0,0.0,0.0,0.0,20.0,27.0,0.0,100.0,3.0
2001-12-08 20:30:00,0.0,0.0,0.0,0.0,20.0,27.0,0.0,100.0,3.0
2001-12-08 21:30:00,0.0,0.0,0.0,0.0,20.0,27.0,0.0,100.0,3.0
2001-12-08 22:30:00,296.25524397501795,296.25524397501795,0.0,0.0,20.0,27.0,0.0,100.0,1.0
2001-12-08 23:30:00,500.7117672168324,500.7117672168324,0.0,0.0,20.0,27.0,0.0,100.0,1.0
2001-12-09 00:30:00,638.1002169291132,638.1002169291132,0.0,0.0,20.0,27.0,0.0,100.0,1.0
2001-12-09 01:30:00,741.5355025073395,741.5355025073395,0.0,0.0,20.0,27.0,0.0,100.0,1.0
2001-12-09 02:30:00,827.0701438513033,827.0701438513033,0.0,0.0,20.0,27.0,0.0,100.0,1.0
2001-12-09 03:30:00,906.115816713158,906.115816713158,0.0,0.0,20.0,27.0,0.0,100.0,1.0
2001-12-09 04:30:00,973.5394847007974,973.5394847007974,0.0,0.0,20.0,27.0,0.0,100.0,1.0
2001-12-09 05:30:00,1037.6213652527267,1037.6213652527267,0.0,0.0,20.0,27.0,0.0,100.0,1.0
2001-12-09 06:30:00,1104.8477700906878,1104.8477700906878,0.0,0.0,20.0,27.0,0.0,100.0,1.0
2001-12-09 07:30:00,1143.5290779827137,1143.5290779827137,0.0,0.0,20.0,27.0,0.0,100.0,1.0
2001-12-09 08:30:00,1041.6016687039628,1041.6016687039628,0.0,0.0,20.0,27.0,0.0,100.0,1.0
2001-12-09 09:30:00,0.0,0.0,0.0,0.0,20.0,27.0,0.0,100.0,3.0
2001-12-09 10:30:00,-462.2335769167739,-462.2335769167739,0.0,0.0,20.0,27.0,0.0,100.0,-1.0
2001-12-09 11:30:00,-2194.307232147955,-2194.307232147955,0.0,0.0,20.0,27.0,0.0,100.0,-1.0
2001-12-09 12:30:00,-3141.2772248233678,-3141.2772248233678,0.0,0.0,20.0,27.0,0.0,100.0,-1.0
2001-12-09 13:30:00,-3318.39856749887,-3318.39856749887,0.0,0.0,20.0,27.0,0.0,100.0,-1.0
2001-12-09 14:30:00,-2837.330294176464,-2837.330294176464,0.0,0.0,20.0,27.0,0.0,100.0,-1.0
2001-12-09 15:30:00,-2476.7080350950264,-2476.7080350950264,0.0,0.0,20.0,27.0,0.0,100.0,-1.0
2001-12-09 16:30:00,-1273.4386936748515,-1273.4386936748515,0.0,0.0,20.0,27.0,0.0,100.0,-1.0
2001-12-09 17:30:00,-192.2629091044637,-192.2629091044637,0.0,0.0,20.0,27.0,0.0,100.0,-1.0
2001-12-09 18:30:00,0.0,0.0,0.0,0.0,20.0,27.0,0.0,100.0,3.0
2001-12-09 19:30:00,0.0,0.0,0.0,0.0,20.0,27.0,0.0,100.0,3.0
2001-12-09 20:30:00,0.0,0.0,0.0,0.0,20.0,27.0,0.0,100.0,3.0
2001-12-09 21:30:00,0.0,0.0,0.0,0.0,20.0,27.0,0.0,100.0,3.0
2001-12-09 22:30:00,358.63459462569153,358.63459462569153,0.0,0.0,20.0,27.0,0.0,100.0,1.0
2001-12-09 23:30:00,594.8790361616948,594.8790361616948,0.0,0.0,20.0,27.0,0.0,100.0,1.0
2001-12-10 00:30:00,742.320154721052,742.320154721052,0.0,0.0,20.0,27.0,0.0,100.0,1.0
2001-12-10 01:30:00,842.314414928107,842.314414928107,0.0,0.0,20.0,27.0,0.0,100.0,1.0
2001-12-10 02:30:00,911.3067021031584,911.3067021031584,0.0,0.0,20.0,27.0,0.0,100.0,1.0
2001-12-10 03:30:00,964.0226362210296,964.0226362210296,0.0,0.0,20.0,27.0,0.0,100.0,1.0
2001-12-10 04:30:00,1009.7992356741743,1009.7992356741743,0.0,0.0,20.0,27.0,0.0,100.0,1.0
2001-12-10 05:30:00,1046.5478106080163,1046.5478106080163,0.0,0.0,20.0,27.0,0.0,100.0,1.0
2001-12-10 06:30:00,1081.547760753826,1081.547760753826,0.0,0.0,20.0,27.0,0.0,100.0,1.0
2001-12-10 07:30:00,1106.546491199978,1106.546491199978,0.0,0.0,20.0,27.0,0.0,100.0,1.0
2001-12-10 08:30:00,1022.1454095354002,1022.1454095354002,0.0,0.0,20.0,27.0,0.0,100.0,1.0
2001-12-10 09:30:00,0.0,0.0,0.0,0.0,20.0,27.0,0.0,100.0,3.0
2001-12-10 10:30:00,0.0,0.0,0.0,0.0,20.0,27.0,0.0,100.0,3.0
2001-12-10 11:30:00,-1806.8324741230635,-1806.8324741230635,0.0,0.0,20.0,27.0,0.0,100.0,-1.0
2001-12-10 12:30:00,-2671.17100354213,-2671.17100354213,0.0,0.0,20.0,27.0,0.0,100.0,-1.0
2001-12-10 13:30:00,-3430.806134184485,-3430.806134184485,0.0,0.0,20.0,27.0,0.0,100.0,-1.0
2001-12-10 14:30:00,-3599.503162554288,-3599.503162554288,0.0,0.0,20.0,27.0,0.0,100.0,-1.0
2001-12-10 15:30:00,-2920.461533043289,-2920.461533043289,0.0,0.0,20.0,27.0,0.0,100.0,-1.0
2001-12-10 16:30:00,-1472.8788527411625,-1472.8788527411625,0.0,0.0,20.0,27.0,0.0,100.0,-1.0
2001-12-10 17:30:00,-347.9638231845838,-347.9638231845838,0.0,0.0,20.0,27.0,0.0,100.0,-1.0
2001-12-10 18:30:00,0.0,0.0,0.0,0.0,20.0,27.0,0.0,100.0,3.0
2001-12-10 19:30:00,0.0,0.0,0.0,0.0,20.0,27.0,0.0,100.0,3.0
2001-12-10 20:30:00,0.0,0.0,0.0,0.0,20.0,27.0,0.0,100.0,3.0
2001-12-10 21:30:00,0.0,0.0,0.0,0.0,20.0,27.0,0.0,100.0,3.0
2001-12-10 22:30:00,140.53741947768503,140.53741947768503,0.0,0.0,20.0,27.0,0.0,100.0,1.0
2001-12-10 23:30:00,446.7782940534653,446.7782940534653,0.0,0.0,20.0,27.0,0.0,100.0,1.0
2001-12-11 00:30:00,622.242384839863,622.242384839863,0.0,0.0,20.0,27.0,0.0,100.0,1.0
2001-12-11 01:30:00,748.1206406139754,748.1206406139754,0.0,0.0,20.0,27.0,0.0,100.0,1.0
2001-12-11 02:30:00,844.3726265227069,844.3726265227069,0.0,0.0,20.0,27.0,0.0,100.0,1.0
2001-12-11 03:30:00,923.4454776895582,923.4454776895582,0.0,0.0,20.0,27.0,0.0,100.0,1.0
2001-12-11 04:30:00,992.9424263803248,992.9424263803248,0.0,0.0,20.0,27.0,0.0,100.0,1.0
2001-12-11 05:30:00,1060.2156024842043,1060.2156024842043,0.0,0.0,20.0,27.0,0.0,100.0,1.0
2001-12-11 06:30:00,1120.7821290488782,1120.7821290488782,0.0,0.0,20.0,27.0,0.0,100.0,1.0
2001-12-11 07:30:00,1165.063968001231,1165.063968001231,0.0,0.0,20.0,27.0,0.0,100.0,1.0
2001-12-11 08:30:00,1112.593742494284,1112.593742494284,0.0,0.0,20.0,27.0,0.0,100.0,1.0
2001-12-11 09:30:00,170.85165891630004,170.85165891630004,0.0,0.0,20.0,27.0,0.0,100.0,1.0
2001-12-11 10:30:00,0.0,0.0,0.0,0.0,20.0,27.0,0.0,100.0,3.0
2001-12-11 11:30:00,0.0,0.0,0.0,0.0,20.0,27.0,0.0,100.0,3.0
2001-12-11 12:30:00,0.0,0.0,0.0,0.0,20.0,27.0,0.0,100.0,3.0
2001-12-11 13:30:00,-429.5049693520823,-429.5049693520823,0.0,0.0,20.0,27.0,0.0,100.0,-1.0
2001-12-11 14:30:00,-19.343773440555196,-19.343773440555196,0.0,0.0,20.0,27.0,0.0,100.0,-1.0
2001-12-11 15:30:00,0.0,0.0,0.0,0.0,20.0,27.0,0.0,100.0,3.0
2001-12-11 16:30:00,0.0,0.0,0.0,0.0,20.0,27.0,0.0,100.0,3.0
2001-12-11 17:30:00,0.0,0.0,0.0,0.0,20.0,27.0,0.0,100.0,3.0
2001-12-11 18:30:00,0.0,0.0,0.0,0.0,20.0,27.0,0.0,100.0,3.0
2001-12-11 19:30:00,324.10465785567885,324.10465785567885,0.0,0.0,20.0,27.0,0.0,100.0,1.0
2001-12-11 20:30:00,583.1151505642792,583.1151505642792,0.0,0.0,20.0,27.0,0.0,100.0,1.0
2001-12-11 21:30:00,725.5900264643906,725.5900264643906,0.0,0.0,20.0,27.0,0.0,100.0,1.0
2001-12-11 22:30:00,808.1787676156746,808.1787676156746,0.0,0.0,20.0,27.0,0.0,100.0,1.0
2001-12-11 23:30:00,861.4573119593651,861.4573119593651,0.0,0.0,20.0,27.0,0.0,100.0,1.0
2001-12-12 00:30:00,894.4543296076736,894.4543296076736,0.0,0.0,20.0,27.0,0.0,100.0,1.0
2001-12-12 01:30:00,908.2179370253289,908.2179370253289,0.0,0.0,20.0,27.0,0.0,100.0,1.0
2001-12-12 02:30:00,912.456373255267,912.456373255267,0.0,0.0,20.0,27.0,0.0,100.0,1.0
2001-12-12 03:30:00,911.1880229257276,911.1880229257276,0.0,0.0,20.0,27.0,0.0,100.0,1.0
2001-12-12 04:30:00,906.6182807517034,906.6182807517034,0.0,0.0,20.0,27.0,0.0,100.0,1.0
2001-12-12 05:30:00,899.6834936853702,899.6834936853702,0.0,0.0,20.0,27.0,0.0,100.0,1.0
2001-12-12 06:30:00,891.5000399881528,891.5000399881528,0.0,0.0,20.0,27.0,0.0,100.0,1.0
2001-12-12 07:30:00,873.3341725924765,873.3341725924765,0.0,0.0,20.0,27.0,0.0,100.0,1.0
2001-12-12 08:30:00,805.7086137869137,805.7086137869137,0.0,0.0,20.0,27.0,0.0,100.0,1.0
2001-12-12 09:30:00,596.50665936531,596.50665936531,0.0,0.0,20.0,27.0,0.0,100.0,1.0
2001-12-12 10:30:00,0.0,0.0,0.0,0.0,20.0,27.0,0.0,100.0,3.0
2001-12-12 11:30:00,0.0,0.0,0.0,0.0,20.0,27.0,0.0,100.0,3.0
2001-12-12 12:30:00,-862.7924212952557,-862.7924212952557,0.0,0.0,20.0,27.0,0.0,100.0,-1.0
2001-12-12 13:30:00,-2157.6846765018227,-2157.6846765018227,0.0,0.0,20.0,27.0,0.0,100.0,-1.0
2001-12-12 14:30:00,-2756.5770436260073,-2756.5770436260073,0.0,0.0,20.0,27.0,0.0,100.0,-1.0
2001-12-12 15:30:00,-2635.26431923138,-2635.26431923138,0.0,0.0,20.0,27.0,0.0,100.0,-1.0
2001-12-12 16:30:00,-1459.892508824275,-1459.892508824275,0.0,0.0,20.0,27.0,0.0,100.0,-1.0
2001-12-12 17:30:00,-392.10184951403517,-392.10184951403517,0.0,0.0,20.0,27.0,0.0,100.0,-1.0
2001-12-12 18:30:00,0.0,0.0,0.0,0.0,20.0,27.0,0.0,100.0,3.0
2001-12-12 19:30:00,0.0,0.0,0.0,0.0,20.0,27.0,0.0,100.0,3.0
2001-12-12 20:30:00,0.0,0.0,0.0,0.0,20.0,27.0,0.0,100.0,3.0
2001-12-12 21:30:00,0.0,0.0,0.0,0.0,20.0,27.0,0.0,100.0,3.0
2001-12-12 22:30:00,0.0,0.0,0.0,0.0,20.0,27.0,0.0,100.0,3.0
2001-12-12 23:30:00,215.60190960214823,215.60190960214823,0.0,0.0,20.0,27.0,0.0,100.0,1.0
2001-12-13 00:30:00,438.2666471008797,438.2666471008797,0.0,0.0,20.0,27.0,0.0,100.0,1.0
2001-12-13 01:30:00,590.5324149188618,590.5324149188618,0.0,0.0,20.0,27.0,0.0,100.0,1.0
2001-12-13 02:30:00,710.0066509032622,710.0066509032622,0.0,0.0,20.0,27.0,0.0,100.0,1.0
2001-12-13 03:30:00,809.8758323590437,809.8758323590437,0.0,0.0,20.0,27.0,0.0,100.0,1.0
2001-12-13 04:30:00,899.315605474224,899.315605474224,0.0,0.0,20.0,27.0,0.0,100.0,1.0
2001-12-13 05:30:00,985.1583629278848,985.1583629278848,0.0,0.0,20.0,27.0,0.0,100.0,1.0
2001-12-13 06:30:00,1061.3045191958536,1061.3045191958536,0.0,0.0,20.0,27.0,0.0,100.0,1.0
2001-12-13 07:30:00,1118.6724495863273,1118.6724495863273,0.0,0.0,20.0,27.0,0.0,100.0,1.0
2001-12-13 08:30:00,1067.7634091387245,1067.7634091387245,0.0,0.0,20.0,27.0,0.0,100.0,1.0
2001-12-13 09:30:00,96.76117258845716,96.76117258845716,0.0,0.0,20.0,27.0,0.0,100.0,1.0
2001-12-13 10:30:00,0.0,0.0,0.0,0.0,20.0,27.0,0.0,100.0,3.0
2001-12-13 11:30:00,-322.6328673740836,-322.6328673740836,0.0,0.0,20.0,27.0,0.0,100.0,-1.0
2001-12-13 12:30:00,-1164.4824748183282,-1164.4824748183282,0.0,0.0,20.0,27.0,0.0,100.0,-1.0
2001-12-13 13:30:00,-2030.3312213817453,-2030.3312213817453,0.0,0.0,20.0,27.0,0.0,100.0,-1.0
2001-12-13 14:30:00,-2423.7276363877018,-2423.7276363877018,0.0,0.0,20.0,27.0,0.0,100.0,-1.0
2001-12-13 15:30:00,-2248.6629056209795,-2248.6629056209795,0.0,0.0,20.0,27.0,0.0,100.0,-1.0
2001-12-13 16:30:00,-1339.7675910370463,-1339.7675910370463,0.0,0.0,20.0,27.0,0.0,100.0,-1.0
2001-12-13 17:30:00,-167.71153893374958,-167.71153893374958,0.0,0.0,20.0,27.0,0.0,100.0,-1.0
2001-12-13 18:30:00,0.0,0.0,0.0,0.0,20.0,27.0,0.0,100.0,3.0
2001-12-13 19:30:00,0.0,0.0,0.0,0.0,20.0,27.0,0.0,100.0,3.0
2001-12-13 20:30:00,0.0,0.0,0.0,0.0,20.0,27.0,0.0,100.0,3.0
2001-12-13 21:30:00,0.0,0.0,0.0,0.0,20.0,27.0,0.0,100.0,3.0
2001-12-13 22:30:00,319.7339155451682,319.7339155451682,0.0,0.0,20.0,27.0,0.0,100.0,1.0
2001-12-13 23:30:00,518.4836110228207,518.4836110228207,0.0,0.0,20.0,27.0,0.0,100.0,1.0
2001-12-14 00:30:00,628.2857686313046,628.2857686313046,0.0,0.0,20.0,27.0,0.0,100.0,1.0
2001-12-14 01:30:00,681.4696024555224,681.4696024555224,0.0,0.0,20.0,27.0,0.0,100.0,1.0
2001-12-14 02:30:00,702.8858481441666,702.8858481441666,0.0,0.0,20.0,27.0,0.0,100.0,1.0
2001-12-14 03:30:00,708.0089002660989,708.0089002660989,0.0,0.0,20.0,27.0,0.0,100.0,1.0
2001-12-14 04:30:00,702.5761560370192,702.5761560370192,0.0,0.0,20.0,27.0,0.0,100.0,1.0
2001-12-14 05:30:00,689.1901862410214,689.1901862410214,0.0,0.0,20.0,27.0,0.0,100.0,1.0
2001-12-14 06:30:00,672.3458857957557,672.3458857957557,0.0,0.0,20.0,27.0,0.0,100.0,1.0
2001-12-14 07:30:00,652.6144981207062,652.6144981207062,0.0,0.0,20.0,27.0,0.0,100.0,1.0
2001-12-14 08:30:00,614.8055088455258,614.8055088455258,0.0,0.0,20.0,27.0,0.0,100.0,1.0
2001-12-14 09:30:00,470.74067686210583,470.74067686210583,0.0,0.0,20.0,27.0,0.0,100.0,1.0
2001-12-14 10:30:00,291.0012953333189,291.0012953333189,0.0,0.0,20.0,27.0,0.0,100.0,1.0
2001-12-14 11:30:00,43.83004448852262,43.83004448852262,0.0,0.0,20.0,27.0,0.0,100.0,1.0
2001-12-14 12:30:00,0.0,0.0,0.0,0.0,20.0,27.0,0.0,100.0,3.0
2001-12-14 13:30:00,0.0,0.0,0.0,0.0,20.0,27.0,0.0,100.0,3.0
2001-12-14 14:30:00,0.0,0.0,0.0,0.0,20.0,27.0,0.0,100.0,3.0
2001-12-14 15:30:00,0.0,0.0,0.0,0.0,20.0,27.0,0.0,100.0,3.0
2001-12-14 16:30:00,0.0,0.0,0.0,0.0,20.0,27.0,0.0,100.0,3.0
2001-12-14 17:30:00,0.0,0.0,0.0,0.0,20.0,27.0,0.0,100.0,3.0
2001-12-14 18:30:00,93.28601812638408,93.28601812638408,0.0,0.0,20.0,27.0,0.0,100.0,1.0
2001-12-14 19:30:00,266.0967779032653,266.0967779032653,0.0,0.0,20.0,27.0,0.0,100.0,1.0
2001-12-14 20:30:00,363.3930786739347,363.3930786739347,0.0,0.0,20.0,27.0,0.0,100.0,1.0
2001-12-14 21:30:00,423.26529532132645,423.26529532132645,0.0,0.0,20.0,27.0,0.0,100.0,1.0
2001-12-14 22:30:00,467.53802012963024,467.53802012963024,0.0,0.0,20.0,27.0,0.0,100.0,1.0
2001-12-14 23:30:00,504.0496669856502,504.0496669856502,0.0,0.0,20.0,27.0,0.0,100.0,1.0
2001-12-15 00:30:00,535.6795995836901,535.6795995836901,0.0,0.0,20.0,27.0,0.0,100.0,1.0
2001-12-15 01:30:00,578.0418192401949,578.0418192401949,0.0,0.0,20.0,27.0,0.0,100.0,1.0
2001-12-15 02:30:00,628.2738172137542,628.2738172137542,0.0,0.0,20.0,27.0,0.0,100.0,1.0
2001-12-15 03:30:00,674.9981961826688,674.9981961826688,0.0,0.0,20.0,27.0,0.0,100.0,1.0
2001-12-15 04:30:00,722.020996663603,722.020996663603,0.0,0.0,20.0,27.0,0.0,100.0,1.0
2001-12-15 05:30:00,774.7589524666337,774.7589524666337,0.0,0.0,20.0,27.0,0.0,100.0,1.0
2001-12-15 06:30:00,823.9042541871131,823.9042541871131,0.0,0.0,20.0,27.0,0.0,100.0,1.0
2001-12-15 07:30:00,870.9937198956595,870.9937198956595,0.0,0.0,20.0,27.0,0.0,100.0,1.0
2001-12-15 08:30:00,826.900735902942,826.900735902942,0.0,0.0,20.0,27.0,0.0,100.0,1.0
2001-12-15 09:30:00,0.0,0.0,0.0,0.0,20.0,27.0,0.0,100.0,3.0
2001-12-15 10:30:00,-260.89772490534324,-260.89772490534324,0.0,0.0,20.0,27.0,0.0,100.0,-1.0
2001-12-15 11:30:00,-2244.708712031038,-2244.708712031038,0.0,0.0,20.0,27.0,0.0,100.0,-1.0
2001-12-15 12:30:00,-3291.156254616989,-3291.156254616989,0.0,0.0,20.0,27.0,0.0,100.0,-1.0
2001-12-15 13:30:00,-3474.291221842307,-3474.291221842307,0.0,0.0,20.0,27.0,0.0,100.0,-1.0
2001-12-15 14:30:00,-3194.0657329868836,-3194.0657329868836,0.0,0.0,20.0,27.0,0.0,100.0,-1.0
2001-12-15 15:30:00,-2616.6563911435233,-2616.6563911435233,0.0,0.0,20.0,27.0,0.0,100.0,-1.0
2001-12-15 16:30:00,-1259.848927931368,-1259.848927931368,0.0,0.0,20.0,27.0,0.0,100.0,-1.0
2001-12-15 17:30:00,-274.2539905369413,-274.2539905369413,0.0,0.0,20.0,27.0,0.0,100.0,-1.0
2001-12-15 18:30:00,0.0,0.0,0.0,0.0,20.0,27.0,0.0,100.0,3.0
2001-12-15 19:30:00,0.0,0.0,0.0,0.0,20.0,27.0,0.0,100.0,3.0
2001-12-15 20:30:00,0.0,0.0,0.0,0.0,20.0,27.0,0.0,100.0,3.0
2001-12-15 21:30:00,0.0,0.0,0.0,0.0,20.0,27.0,0.0,100.0,3.0
2001-12-15 22:30:00,0.0,0.0,0.0,0.0,20.0,27.0,0.0,100.0,3.0
2001-12-15 23:30:00,3.6636740868361812,3.6636740868361812,0.0,0.0,20.0,27.0,0.0,100.0,1.0
2001-12-16 00:30:00,233.8226201310299,233.8226201310299,0.0,0.0,20.0,27.0,0.0,100.0,1.0
2001-12-16 01:30:00,347.53998320570827,347.53998320570827,0.0,0.0,20.0,27.0,0.0,100.0,1.0
2001-12-16 02:30:00,412.44448925315737,412.44448925315737,0.0,0.0,20.0,27.0,0.0,100.0,1.0
2001-12-16 03:30:00,449.7701594498303,449.7701594498303,0.0,0.0,20.0,27.0,0.0,100.0,1.0
2001-12-16 04:30:00,468.0228934114193,468.0228934114193,0.0,0.0,20.0,27.0,0.0,100.0,1.0
2001-12-16 05:30:00,474.7513224398235,474.7513224398235,0.0,0.0,20.0,27.0,0.0,100.0,1.0
2001-12-16 06:30:00,479.4882055879589,479.4882055879589,0.0,0.0,20.0,27.0,0.0,100.0,1.0
2001-12-16 07:30:00,482.3784994143907,482.3784994143907,0.0,0.0,20.0,27.0,0.0,100.0,1.0
2001-12-16 08:30:00,424.22832725820535,424.22832725820535,0.0,0.0,20.0,27.0,0.0,100.0,1.0
2001-12-16 09:30:00,0.0,0.0,0.0,0.0,20.0,27.0,0.0,100.0,3.0
2001-12-16 10:30:00,0.0,0.0,0.0,0.0,20.0,27.0,0.0,100.0,3.0
2001-12-16 11:30:00,-723.8914654814953,-723.8914654814953,0.0,0.0,20.0,27.0,0.0,100.0,-1.0
2001-12-16 12:30:00,-1749.975673870841,-1749.975673870841,0.0,0.0,20.0,27.0,0.0,100.0,-1.0
2001-12-16 13:30:00,-1764.513223188932,-1764.513223188932,0.0,0.0,20.0,27.0,0.0,100.0,-1.0
2001-12-16 14:30:00,-1442.1355122887717,-1442.1355122887717,0.0,0.0,20.0,27.0,0.0,100.0,-1.0
2001-12-16 15:30:00,-1319.6493179734107,-1319.6493179734107,0.0,0.0,20.0,27.0,0.0,100.0,-1.0
2001-12-16 16:30:00,-712.5225550243931,-712.5225550243931,0.0,0.0,20.0,27.0,0.0,100.0,-1.0
2001-12-16 17:30:00,-99.9413340177889,-99.9413340177889,0.0,0.0,20.0,27.0,0.0,100.0,-1.0
2001-12-16 18:30:00,0.0,0.0,0.0,0.0,20.0,27.0,0.0,100.0,3.0
2001-12-16 19:30:00,0.0,0.0,0.0,0.0,20.0,27.0,0.0,100.0,3.0
2001-12-16 20:30:00,0.0,0.0,0.0,0.0,20.0,27.0,0.0,100.0,3.0
2001-12-16 21:30:00,0.0,0.0,0.0,0.0,20.0,27.0,0.0,100.0,3.0
2001-12-16 22:30:00,0.0,0.0,0.0,0.0,20.0,27.0,0.0,100.0,3.0
2001-12-16 23:30:00,0.0,0.0,0.0,0.0,20.0,27.0,0.0,100.0,3.0
2001-12-17 00:30:00,0.0,0.0,0.0,0.0,20.0,27.0,0.0,100.0,3.0
2001-12-17 01:30:00,198.4823131403682,198.4823131403682,0.0,0.0,20.0,27.0,0.0,100.0,1.0
2001-12-17 02:30:00,371.2621571943173,371.2621571943173,0.0,0.0,20.0,27.0,0.0,100.0,1.0
2001-12-17 03:30:00,497.4694749736682,497.4694749736682,0.0,0.0,20.0,27.0,0.0,100.0,1.0
2001-12-17 04:30:00,600.9369531788743,600.9369531788743,0.0,0.0,20.0,27.0,0.0,100.0,1.0
2001-12-17 05:30:00,691.9415632033888,691.9415632033888,0.0,0.0,20.0,27.0,0.0,100.0,1.0
2001-12-17 06:30:00,778.2022861952173,778.2022861952173,0.0,0.0,20.0,27.0,0.0,100.0,1.0
2001-12-17 07:30:00,851.244349978414,851.244349978414,0.0,0.0,20.0,27.0,0.0,100.0,1.0
2001-12-17 08:30:00,849.3663839481296,849.3663839481296,0.0,0.0,20.0,27.0,0.0,100.0,1.0
2001-12-17 09:30:00,11.56516634890886,11.56516634890886,0.0,0.0,20.0,27.0,0.0,100.0,1.0
2001-12-17 10:30:00,0.0,0.0,0.0,0.0,20.0,27.0,0.0,100.0,3.0
2001-12-17 11:30:00,-804.0264665051973,-804.0264665051973,0.0,0.0,20.0,27.0,0.0,100.0,-1.0
2001-12-17 12:30:00,-1503.7285929831587,-1503.7285929831587,0.0,0.0,20.0,27.0,0.0,100.0,-1.0
2001-12-17 13:30:00,-2341.6715649953994,-2341.6715649953994,0.0,0.0,20.0,27.0,0.0,100.0,-1.0
2001-12-17 14:30:00,-2969.341674272332,-2969.341674272332,0.0,0.0,20.0,27.0,0.0,100.0,-1.0
2001-12-17 15:30:00,-2712.365254331423,-2712.365254331423,0.0,0.0,20.0,27.0,0.0,100.0,-1.0
2001-12-17 16:30:00,-1456.8205702014557,-1456.8205702014557,0.0,0.0,20.0,27.0,0.0,100.0,-1.0
2001-12-17 17:30:00,-340.7014114404619,-340.7014114404619,0.0,0.0,20.0,27.0,0.0,100.0,-1.0
2001-12-17 18:30:00,0.0,0.0,0.0,0.0,20.0,27.0,0.0,100.0,3.0
2001-12-17 19:30:00,0.0,0.0,0.0,0.0,20.0,27.0,0.0,100.0,3.0
2001-12-17 20:30:00,0.0,0.0,0.0,0.0,20.0,27.0,0.0,100.0,3.0
2001-12-17 21:30:00,0.0,0.0,0.0,0.0,20.0,27.0,0.0,100.0,3.0
2001-12-17 22:30:00,0.0,0.0,0.0,0.0,20.0,27.0,0.0,100.0,3.0
2001-12-17 23:30:00,200.26452840900856,200.26452840900856,0.0,0.0,20.0,27.0,0.0,100.0,1.0
2001-12-18 00:30:00,392.0273722521615,392.0273722521615,0.0,0.0,20.0,27.0,0.0,100.0,1.0
2001-12-18 01:30:00,496.3850363251013,496.3850363251013,0.0,0.0,20.0,27.0,0.0,100.0,1.0
2001-12-18 02:30:00,560.951774911653,560.951774911653,0.0,0.0,20.0,27.0,0.0,100.0,1.0
2001-12-18 03:30:00,601.8551948359564,601.8551948359564,0.0,0.0,20.0,27.0,0.0,100.0,1.0
2001-12-18 04:30:00,626.3524527456557,626.3524527456557,0.0,0.0,20.0,27.0,0.0,100.0,1.0
2001-12-18 05:30:00,644.5288791464882,644.5288791464882,0.0,0.0,20.0,27.0,0.0,100.0,1.0
2001-12-18 06:30:00,658.5164273422679,658.5164273422679,0.0,0.0,20.0,27.0,0.0,100.0,1.0
2001-12-18 07:30:00,668.83965360616,668.83965360616,0.0,0.0,20.0,27.0,0.0,100.0,1.0
2001-12-18 08:30:00,630.1461473152413,630.1461473152413,0.0,0.0,20.0,27.0,0.0,100.0,1.0
2001-12-18 09:30:00,0.0,0.0,0.0,0.0,20.0,27.0,0.0,100.0,3.0
2001-12-18 10:30:00,0.0,0.0,0.0,0.0,20.0,27.0,0.0,100.0,3.0
2001-12-18 11:30:00,-1580.829198971921,-1580.829198971921,0.0,0.0,20.0,27.0,0.0,100.0,-1.0
2001-12-18 12:30:00,-3117.9643221084907,-3117.9643221084907,0.0,0.0,20.0,27.0,0.0,100.0,-1.0
2001-12-18 13:30:00,-3823.478530725185,-3823.478530725185,0.0,0.0,20.0,27.0,0.0,100.0,-1.0
2001-12-18 14:30:00,-3929.61100098698,-3929.61100098698,0.0,0.0,20.0,27.0,0.0,100.0,-1.0
2001-12-18 15:30:00,-3601.116228442447,-3601.116228442447,0.0,0.0,20.0,27.0,0.0,100.0,-1.0
2001-12-18 16:30:00,-2589.9463867607183,-2589.9463867607183,0.0,0.0,20.0,27.0,0.0,100.0,-1.0
2001-12-18 17:30:00,-1127.6698460852776,-1127.6698460852776,0.0,0.0,20.0,27.0,0.0,100.0,-1.0
2001-12-18 18:30:00,-321.5245581259733,-321.5245581259733,0.0,0.0,20.0,27.0,0.0,100.0,-1.0
2001-12-18 19:30:00,0.0,0.0,0.0,0.0,20.0,27.0,0.0,100.0,3.0
2001-12-18 20:30:00,0.0,0.0,0.0,0.0,20.0,27.0,0.0,100.0,3.0
2001-12-18 21:30:00,0.0,0.0,0.0,0.0,20.0,27.0,0.0,100.0,3.0
2001-12-18 22:30:00,0.0,0.0,0.0,0.0,20.0,27.0,0.0,100.0,3.0
2001-12-18 23:30:00,0.0,0.0,0.0,0.0,20.0,27.0,0.0,100.0,3.0
2001-12-19 00:30:00,0.0,0.0,0.0,0.0,20.0,27.0,0.0,100.0,3.0
2001-12-19 01:30:00,11.835247918818823,11.835247918818823,0.0,0.0,20.0,27.0,0.0,100.0,1.0
2001-12-19 02:30:00,256.4442759555932,256.4442759555932,0.0,0.0,20.0,27.0,0.0,100.0,1.0
2001-12-19 03:30:00,398.48625269564945,398.48625269564945,0.0,0.0,20.0,27.0,0.0,100.0,1.0
2001-12-19 04:30:00,503.5908948887218,503.5908948887218,0.0,0.0,20.0,27.0,0.0,100.0,1.0
2001-12-19 05:30:00,587.4219026565625,587.4219026565625,0.0,0.0,20.0,27.0,0.0,100.0,1.0
2001-12-19 06:30:00,658.8337992361439,658.8337992361439,0.0,0.0,20.0,27.0,0.0,100.0,1.0
2001-12-19 07:30:00,718.2926483439096,718.2926483439096,0.0,0.0,20.0,27.0,0.0,100.0,1.0
2001-12-19 08:30:00,701.7634872021736,701.7634872021736,0.0,0.0,20.0,27.0,0.0,100.0,1.0
2001-12-19 09:30:00,0.0,0.0,0.0,0.0,20.0,27.0,0.0,100.0,3.0
2001-12-19 10:30:00,-74.17580026718679,-74.17580026718679,0.0,0.0,20.0,27.0,0.0,100.0,-1.0
2001-12-19 11:30:00,-1948.843058461981,-1948.843058461981,0.0,0.0,20.0,27.0,0.0,100.0,-1.0
2001-12-19 12:30:00,-3155.812188555504,-3155.812188555504,0.0,0.0,20.0,27.0,0.0,100.0,-1.0
2001-12-19 13:30:00,-3756.0773457186506,-3756.0773457186506,0.0,0.0,20.0,27.0,0.0,100.0,-1.0
2001-12-19 14:30:00,-3701.797625299204,-3701.797625299204,0.0,0.0,20.0,27.0,0.0,100.0,-1.0
2001-12-19 15:30:00,-3245.0190884169197,-3245.0190884169197,0.0,0.0,20.0,27.0,0.0,100.0,-1.0
2001-12-19 16:30:00,-1882.8697869672806,-1882.8697869672806,0.0,0.0,20.0,27.0,0.0,100.0,-1.0
2001-12-19 17:30:00,-690.6296772648939,-690.6296772648939,0.0,0.0,20.0,27.0,0.0,100.0,-1.0
2001-12-19 18:30:00,-7.369011454334213,-7.369011454334213,0.0,0.0,20.0,27.0,0.0,100.0,-1.0
2001-12-19 19:30:00,0.0,0.0,0.0,0.0,20.0,27.0,0.0,100.0,3.0
2001-12-19 20:30:00,0.0,0.0,0.0,0.0,20.0,27.0,0.0,100.0,3.0
2001-12-19 21:30:00,0.0,0.0,0.0,0.0,20.0,27.0,0.0,100.0,3.0
2001-12-19 22:30:00,0.0,0.0,0.0,0.0,20.0,27.0,0.0,100.0,3.0
2001-12-19 23:30:00,0.0,0.0,0.0,0.0,20.0,27.0,0.0,100.0,3.0
2001-12-20 00:30:00,147.40394549732628,147.40394549732628,0.0,0.0,20.0,27.0,0.0,100.0,1.0
2001-12-20 01:30:00,370.6791038947613,370.6791038947613,0.0,0.0,20.0,27.0,0.0,100.0,1.0
2001-12-20 02:30:00,504.8797065304543,504.8797065304543,0.0,0.0,20.0,27.0,0.0,100.0,1.0
2001-12-20 03:30:00,601.7445279335834,601.7445279335834,0.0,0.0,20.0,27.0,0.0,100.0,1.0
2001-12-20 04:30:00,677.0443501910195,677.0443501910195,0.0,0.0,20.0,27.0,0.0,100.0,1.0
2001-12-20 05:30:00,740.5732209238686,740.5732209238686,0.0,0.0,20.0,27.0,0.0,100.0,1.0
2001-12-20 06:30:00,801.0689236693215,801.0689236693215,0.0,0.0,20.0,27.0,0.0,100.0,1.0
2001-12-20 07:30:00,848.9408946340891,848.9408946340891,0.0,0.0,20.0,27.0,0.0,100.0,1.0
2001-12-20 08:30:00,823.3566334244506,823.3566334244506,0.0,0.0,20.0,27.0,0.0,100.0,1.0
2001-12-20 09:30:00,0.0,0.0,0.0,0.0,20.0,27.0,0.0,100.0,3.0
2001-12-20 10:30:00,-170.5964395730025,-170.5964395730025,0.0,0.0,20.0,27.0,0.0,100.0,-1.0
2001-12-20 11:30:00,-1796.3422110207293,-1796.3422110207293,0.0,0.0,20.0,27.0,0.0,100.0,-1.0
2001-12-20 12:30:00,-3047.325222087841,-3047.325222087841,0.0,0.0,20.0,27.0,0.0,100.0,-1.0
2001-12-20 13:30:00,-3657.5585394045384,-3657.5585394045384,0.0,0.0,20.0,27.0,0.0,100.0,-1.0
2001-12-20 14:30:00,-3628.706249677117,-3628.706249677117,0.0,0.0,20.0,27.0,0.0,100.0,-1.0
2001-12-20 15:30:00,-2966.3250691479234,-2966.3250691479234,0.0,0.0,20.0,27.0,0.0,100.0,-1.0
2001-12-20 16:30:00,-2064.49157898077,-2064.49157898077,0.0,0.0,20.0,27.0,0.0,100.0,-1.0
2001-12-20 17:30:00,-745.1992819804736,-745.1992819804736,0.0,0.0,20.0,27.0,0.0,100.0,-1.0
2001-12-20 18:30:00,0.0,0.0,0.0,0.0,20.0,27.0,0.0,100.0,3.0
2001-12-20 19:30:00,0.0,0.0,0.0,0.0,20.0,27.0,0.0,100.0,3.0
2001-12-20 20:30:00,0.0,0.0,0.0,0.0,20.0,27.0,0.0,100.0,3.0
2001-12-20 21:30:00,0.0,0.0,0.0,0.0,20.0,27.0,0.0,100.0,3.0
2001-12-20 22:30:00,0.0,0.0,0.0,0.0,20.0,27.0,0.0,100.0,3.0
2001-12-20 23:30:00,156.0446710412043,156.0446710412043,0.0,0.0,20.0,27.0,0.0,100.0,1.0
2001-12-21 00:30:00,465.43229455220535,465.43229455220535,0.0,0.0,20.0,27.0,0.0,100.0,1.0
2001-12-21 01:30:00,660.3417179740791,660.3417179740791,0.0,0.0,20.0,27.0,0.0,100.0,1.0
2001-12-21 02:30:00,813.0138936159492,813.0138936159492,0.0,0.0,20.0,27.0,0.0,100.0,1.0
2001-12-21 03:30:00,939.6846516827727,939.6846516827727,0.0,0.0,20.0,27.0,0.0,100.0,1.0
2001-12-21 04:30:00,1051.1604975846913,1051.1604975846913,0.0,0.0,20.0,27.0,0.0,100.0,1.0
2001-12-21 05:30:00,1154.170172405541,1154.170172405541,0.0,0.0,20.0,27.0,0.0,100.0,1.0
2001-12-21 06:30:00,1252.6564178430617,1252.6564178430617,0.0,0.0,20.0,27.0,0.0,100.0,1.0
2001-12-21 07:30:00,1347.3699409210703,1347.3699409210703,0.0,0.0,20.0,27.0,0.0,100.0,1.0
2001-12-21 08:30:00,1348.4406163541971,1348.4406163541971,0.0,0.0,20.0,27.0,0.0,100.0,1.0
2001-12-21 09:30:00,0.0,0.0,0.0,0.0,20.0,27.0,0.0,100.0,3.0
2001-12-21 10:30:00,0.0,0.0,0.0,0.0,20.0,27.0,0.0,100.0,3.0
2001-12-21 11:30:00,-1786.2654435670984,-1786.2654435670984,0.0,0.0,20.0,27.0,0.0,100.0,-1.0
2001-12-21 12:30:00,-2944.5882748015583,-2944.5882748015583,0.0,0.0,20.0,27.0,0.0,100.0,-1.0
2001-12-21 13:30:00,-3296.447953213429,-3296.447953213429,0.0,0.0,20.0,27.0,0.0,100.0,-1.0
2001-12-21 14:30:00,-2609.300915067567,-2609.300915067567,0.0,0.0,20.0,27.0,0.0,100.0,-1.0
2001-12-21 15:30:00,-2447.3931224052185,-2447.3931224052185,0.0,0.0,20.0,27.0,0.0,100.0,-1.0
2001-12-21 16:30:00,-1663.265611644213,-1663.265611644213,0.0,0.0,20.0,27.0,0.0,100.0,-1.0
2001-12-21 17:30:00,-241.6543366001515,-241.6543366001515,0.0,0.0,20.0,27.0,0.0,100.0,-1.0
2001-12-21 18:30:00,0.0,0.0,0.0,0.0,20.0,27.0,0.0,100.0,3.0
2001-12-21 19:30:00,0.0,0.0,0.0,0.0,20.0,27.0,0.0,100.0,3.0
2001-12-21 20:30:00,0.0,0.0,0.0,0.0,20.0,27.0,0.0,100.0,3.0
2001-12-21 21:30:00,234.9366462435337,234.9366462435337,0.0,0.0,20.0,27.0,0.0,100.0,1.0
2001-12-21 22:30:00,591.929927091941,591.929927091941,0.0,0.0,20.0,27.0,0.0,100.0,1.0
2001-12-21 23:30:00,777.6019944107666,777.6019944107666,0.0,0.0,20.0,27.0,0.0,100.0,1.0
2001-12-22 00:30:00,893.3131293286451,893.3131293286451,0.0,0.0,20.0,27.0,0.0,100.0,1.0
2001-12-22 01:30:00,957.7112748601676,957.7112748601676,0.0,0.0,20.0,27.0,0.0,100.0,1.0
2001-12-22 02:30:00,986.0158582707109,986.0158582707109,0.0,0.0,20.0,27.0,0.0,100.0,1.0
2001-12-22 03:30:00,999.9981685861712,999.9981685861712,0.0,0.0,20.0,27.0,0.0,100.0,1.0
2001-12-22 04:30:00,1003.3927215743452,1003.3927215743452,0.0,0.0,20.0,27.0,0.0,100.0,1.0
2001-12-22 05:30:00,997.2312556000415,997.2312556000415,0.0,0.0,20.0,27.0,0.0,100.0,1.0
2001-12-22 06:30:00,990.2204592657126,990.2204592657126,0.0,0.0,20.0,27.0,0.0,100.0,1.0
2001-12-22 07:30:00,982.5137418737595,982.5137418737595,0.0,0.0,20.0,27.0,0.0,100.0,1.0
2001-12-22 08:30:00,931.2071693067319,931.2071693067319,0.0,0.0,20.0,27.0,0.0,100.0,1.0
2001-12-22 09:30:00,0.0,0.0,0.0,0.0,20.0,27.0,0.0,100.0,3.0
2001-12-22 10:30:00,-503.54697734224555,-503.54697734224555,0.0,0.0,20.0,27.0,0.0,100.0,-1.0
2001-12-22 11:30:00,-2213.475893910024,-2213.475893910024,0.0,0.0,20.0,27.0,0.0,100.0,-1.0
2001-12-22 12:30:00,-3328.9235988676583,-3328.9235988676583,0.0,0.0,20.0,27.0,0.0,100.0,-1.0
2001-12-22 13:30:00,-3793.1079013028475,-3793.1079013028475,0.0,0.0,20.0,27.0,0.0,100.0,-1.0
2001-12-22 14:30:00,-3531.5224104575273,-3531.5224104575273,0.0,0.0,20.0,27.0,0.0,100.0,-1.0
2001-12-22 15:30:00,-3020.014157493436,-3020.014157493436,0.0,0.0,20.0,27.0,0.0,100.0,-1.0
2001-12-22 16:30:00,-1832.7098387873457,-1832.7098387873457,0.0,0.0,20.0,27.0,0.0,100.0,-1.0
2001-12-22 17:30:00,-608.6594485990418,-608.6594485990418,0.0,0.0,20.0,27.0,0.0,100.0,-1.0
2001-12-22 18:30:00,0.0,0.0,0.0,0.0,20.0,27.0,0.0,100.0,3.0
2001-12-22 19:30:00,0.0,0.0,0.0,0.0,20.0,27.0,0.0,100.0,3.0
2001-12-22 20:30:00,0.0,0.0,0.0,0.0,20.0,27.0,0.0,100.0,3.0
2001-12-22 21:30:00,0.0,0.0,0.0,0.0,20.0,27.0,0.0,100.0,3.0
2001-12-22 22:30:00,0.0,0.0,0.0,0.0,20.0,27.0,0.0,100.0,3.0
2001-12-22 23:30:00,62.47845178937041,62.47845178937041,0.0,0.0,20.0,27.0,0.0,100.0,1.0
2001-12-23 00:30:00,349.0346475235492,349.0346475235492,0.0,0.0,20.0,27.0,0.0,100.0,1.0
2001-12-23 01:30:00,524.7241541605035,524.7241541605035,0.0,0.0,20.0,27.0,0.0,100.0,1.0
2001-12-23 02:30:00,656.7564648312145,656.7564648312145,0.0,0.0,20.0,27.0,0.0,100.0,1.0
2001-12-23 03:30:00,761.0268898287886,761.0268898287886,0.0,0.0,20.0,27.0,0.0,100.0,1.0
2001-12-23 04:30:00,852.5500709504522,852.5500709504522,0.0,0.0,20.0,27.0,0.0,100.0,1.0
2001-12-23 05:30:00,934.8264350233367,934.8264350233367,0.0,0.0,20.0,27.0,0.0,100.0,1.0
2001-12-23 06:30:00,1004.5312474338989,1004.5312474338989,0.0,0.0,20.0,27.0,0.0,100.0,1.0
2001-12-23 07:30:00,1072.6661602873746,1072.6661602873746,0.0,0.0,20.0,27.0,0.0,100.0,1.0
2001-12-23 08:30:00,1079.0669651110784,1079.0669651110784,0.0,0.0,20.0,27.0,0.0,100.0,1.0
2001-12-23 09:30:00,591.1852244421916,591.1852244421916,0.0,0.0,20.0,27.0,0.0,100.0,1.0
2001-12-23 10:30:00,416.0066698869359,416.0066698869359,0.0,0.0,20.0,27.0,0.0,100.0,1.0
2001-12-23 11:30:00,0.0,0.0,0.0,0.0,20.0,27.0,0.0,100.0,3.0
2001-12-23 12:30:00,-164.41583104096298,-164.41583104096298,0.0,0.0,20.0,27.0,0.0,100.0,-1.0
2001-12-23 13:30:00,-765.6845494868985,-765.6845494868985,0.0,0.0,20.0,27.0,0.0,100.0,-1.0
2001-12-23 14:30:00,-311.28670328099724,-311.28670328099724,0.0,0.0,20.0,27.0,0.0,100.0,-1.0
2001-12-23 15:30:00,-908.0714891722082,-908.0714891722082,0.0,0.0,20.0,27.0,0.0,100.0,-1.0
2001-12-23 16:30:00,-439.7814275913415,-439.7814275913415,0.0,0.0,20.0,27.0,0.0,100.0,-1.0
2001-12-23 17:30:00,0.0,0.0,0.0,0.0,20.0,27.0,0.0,100.0,3.0
2001-12-23 18:30:00,0.0,0.0,0.0,0.0,20.0,27.0,0.0,100.0,3.0
2001-12-23 19:30:00,0.0,0.0,0.0,0.0,20.0,27.0,0.0,100.0,3.0
2001-12-23 20:30:00,41.58097923441255,41.58097923441255,0.0,0.0,20.0,27.0,0.0,100.0,1.0
2001-12-23 21:30:00,482.60383217053186,482.60383217053186,0.0,0.0,20.0,27.0,0.0,100.0,1.0
2001-12-23 22:30:00,718.7058704896854,718.7058704896854,0.0,0.0,20.0,27.0,0.0,100.0,1.0
2001-12-23 23:30:00,874.6829653640461,874.6829653640461,0.0,0.0,20.0,27.0,0.0,100.0,1.0
2001-12-24 00:30:00,985.0309664374963,985.0309664374963,0.0,0.0,20.0,27.0,0.0,100.0,1.0
2001-12-24 01:30:00,1067.7119160459497,1067.7119160459497,0.0,0.0,20.0,27.0,0.0,100.0,1.0
2001-12-24 02:30:00,1130.284582593773,1130.284582593773,0.0,0.0,20.0,27.0,0.0,100.0,1.0
2001-12-24 03:30:00,1186.772208501594,1186.772208501594,0.0,0.0,20.0,27.0,0.0,100.0,1.0
2001-12-24 04:30:00,1239.0048166282832,1239.0048166282832,0.0,0.0,20.0,27.0,0.0,100.0,1.0
2001-12-24 05:30:00,1283.196034009432,1283.196034009432,0.0,0.0,20.0,27.0,0.0,100.0,1.0
2001-12-24 06:30:00,1324.9400008649463,1324.9400008649463,0.0,0.0,20.0,27.0,0.0,100.0,1.0
2001-12-24 07:30:00,1366.5491322400358,1366.5491322400358,0.0,0.0,20.0,27.0,0.0,100.0,1.0
2001-12-24 08:30:00,1353.338804261335,1353.338804261335,0.0,0.0,20.0,27.0,0.0,100.0,1.0
2001-12-24 09:30:00,41.536822323684646,41.536822323684646,0.0,0.0,20.0,27.0,0.0,100.0,1.0
2001-12-24 10:30:00,0.0,0.0,0.0,0.0,20.0,27.0,0.0,100.0,3.0
2001-12-24 11:30:00,-1162.0778340785755,-1162.0778340785755,0.0,0.0,20.0,27.0,0.0,100.0,-1.0
2001-12-24 12:30:00,-1721.6156175478873,-1721.6156175478873,0.0,0.0,20.0,27.0,0.0,100.0,-1.0
2001-12-24 13:30:00,-1969.5296362538456,-1969.5296362538456,0.0,0.0,20.0,27.0,0.0,100.0,-1.0
2001-12-24 14:30:00,-1874.227265414057,-1874.227265414057,0.0,0.0,20.0,27.0,0.0,100.0,-1.0
2001-12-24 15:30:00,-986.0291258067618,-986.0291258067618,0.0,0.0,20.0,27.0,0.0,100.0,-1.0
2001-12-24 16:30:00,-218.0801964408438,-218.0801964408438,0.0,0.0,20.0,27.0,0.0,100.0,-1.0
2001-12-24 17:30:00,0.0,0.0,0.0,0.0,20.0,27.0,0.0,100.0,3.0
2001-12-24 18:30:00,0.0,0.0,0.0,0.0,20.0,27.0,0.0,100.0,3.0
2001-12-24 19:30:00,0.0,0.0,0.0,0.0,20.0,27.0,0.0,100.0,3.0
2001-12-24 20:30:00,290.6989348784491,290.6989348784491,0.0,0.0,20.0,27.0,0.0,100.0,1.0
2001-12-24 21:30:00,651.6714244965915,651.6714244965915,0.0,0.0,20.0,27.0,0.0,100.0,1.0
2001-12-24 22:30:00,859.4570635834443,859.4570635834443,0.0,0.0,20.0,27.0,0.0,100.0,1.0
2001-12-24 23:30:00,998.27949158912,998.27949158912,0.0,0.0,20.0,27.0,0.0,100.0,1.0
2001-12-25 00:30:00,1099.8852785972394,1099.8852785972394,0.0,0.0,20.0,27.0,0.0,100.0,1.0
2001-12-25 01:30:00,1182.5843634307294,1182.5843634307294,0.0,0.0,20.0,27.0,0.0,100.0,1.0
2001-12-25 02:30:00,1249.3100284737857,1249.3100284737857,0.0,0.0,20.0,27.0,0.0,100.0,1.0
2001-12-25 03:30:00,1315.016457495859,1315.016457495859,0.0,0.0,20.0,27.0,0.0,100.0,1.0
2001-12-25 04:30:00,1375.72556823814,1375.72556823814,0.0,0.0,20.0,27.0,0.0,100.0,1.0
2001-12-25 05:30:00,1433.0623996674685,1433.0623996674685,0.0,0.0,20.0,27.0,0.0,100.0,1.0
2001-12-25 06:30:00,1484.4581451760405,1484.4581451760405,0.0,0.0,20.0,27.0,0.0,100.0,1.0
2001-12-25 07:30:00,1535.7134823191027,1535.7134823191027,0.0,0.0,20.0,27.0,0.0,100.0,1.0
2001-12-25 08:30:00,1536.013611972341,1536.013611972341,0.0,0.0,20.0,27.0,0.0,100.0,1.0
2001-12-25 09:30:00,703.4200128451021,703.4200128451021,0.0,0.0,20.0,27.0,0.0,100.0,1.0
2001-12-25 10:30:00,0.0,0.0,0.0,0.0,20.0,27.0,0.0,100.0,3.0
2001-12-25 11:30:00,-51.0380807421634,-51.0380807421634,0.0,0.0,20.0,27.0,0.0,100.0,-1.0
2001-12-25 12:30:00,-1660.050808268522,-1660.050808268522,0.0,0.0,20.0,27.0,0.0,100.0,-1.0
2001-12-25 13:30:00,-2137.0478960282717,-2137.0478960282717,0.0,0.0,20.0,27.0,0.0,100.0,-1.0
2001-12-25 14:30:00,-2079.3970660838595,-2079.3970660838595,0.0,0.0,20.0,27.0,0.0,100.0,-1.0
2001-12-25 15:30:00,-1705.9650888346032,-1705.9650888346032,0.0,0.0,20.0,27.0,0.0,100.0,-1.0
2001-12-25 16:30:00,-774.753334508915,-774.753334508915,0.0,0.0,20.0,27.0,0.0,100.0,-1.0
2001-12-25 17:30:00,0.0,0.0,0.0,0.0,20.0,27.0,0.0,100.0,3.0
2001-12-25 18:30:00,0.0,0.0,0.0,0.0,20.0,27.0,0.0,100.0,3.0
2001-12-25 19:30:00,0.0,0.0,0.0,0.0,20.0,27.0,0.0,100.0,3.0
2001-12-25 20:30:00,354.7822354742875,354.7822354742875,0.0,0.0,20.0,27.0,0.0,100.0,1.0
2001-12-25 21:30:00,760.6984097096283,760.6984097096283,0.0,0.0,20.0,27.0,0.0,100.0,1.0
2001-12-25 22:30:00,989.1717261612321,989.1717261612321,0.0,0.0,20.0,27.0,0.0,100.0,1.0
2001-12-25 23:30:00,1138.0509623547696,1138.0509623547696,0.0,0.0,20.0,27.0,0.0,100.0,1.0
2001-12-26 00:30:00,1235.6569865294405,1235.6569865294405,0.0,0.0,20.0,27.0,0.0,100.0,1.0
2001-12-26 01:30:00,1309.113541231649,1309.113541231649,0.0,0.0,20.0,27.0,0.0,100.0,1.0
2001-12-26 02:30:00,1362.5569888320806,1362.5569888320806,0.0,0.0,20.0,27.0,0.0,100.0,1.0
2001-12-26 03:30:00,1409.5852170639118,1409.5852170639118,0.0,0.0,20.0,27.0,0.0,100.0,1.0
2001-12-26 04:30:00,1446.9674278941284,1446.9674278941284,0.0,0.0,20.0,27.0,0.0,100.0,1.0
2001-12-26 05:30:00,1480.652541614767,1480.652541614767,0.0,0.0,20.0,27.0,0.0,100.0,1.0
2001-12-26 06:30:00,1522.5517646881126,1522.5517646881126,0.0,0.0,20.0,27.0,0.0,100.0,1.0
2001-12-26 07:30:00,1554.7314763967406,1554.7314763967406,0.0,0.0,20.0,27.0,0.0,100.0,1.0
2001-12-26 08:30:00,1539.0780780993136,1539.0780780993136,0.0,0.0,20.0,27.0,0.0,100.0,1.0
2001-12-26 09:30:00,230.21728314667598,230.21728314667598,0.0,0.0,20.0,27.0,0.0,100.0,1.0
2001-12-26 10:30:00,0.0,0.0,0.0,0.0,20.0,27.0,0.0,100.0,3.0
2001-12-26 11:30:00,-1249.2939182832897,-1249.2939182832897,0.0,0.0,20.0,27.0,0.0,100.0,-1.0
2001-12-26 12:30:00,-2468.133513837168,-2468.133513837168,0.0,0.0,20.0,27.0,0.0,100.0,-1.0
2001-12-26 13:30:00,-3136.064488439203,-3136.064488439203,0.0,0.0,20.0,27.0,0.0,100.0,-1.0
2001-12-26 14:30:00,-3167.2889958847472,-3167.2889958847472,0.0,0.0,20.0,27.0,0.0,100.0,-1.0
2001-12-26 15:30:00,-2868.339662047657,-2868.339662047657,0.0,0.0,20.0,27.0,0.0,100.0,-1.0
2001-12-26 16:30:00,-1901.7291617272267,-1901.7291617272267,0.0,0.0,20.0,27.0,0.0,100.0,-1.0
2001-12-26 17:30:00,-349.58858868460175,-349.58858868460175,0.0,0.0,20.0,27.0,0.0,100.0,-1.0
2001-12-26 18:30:00,0.0,0.0,0.0,0.0,20.0,27.0,0.0,100.0,3.0
2001-12-26 19:30:00,0.0,0.0,0.0,0.0,20.0,27.0,0.0,100.0,3.0
2001-12-26 20:30:00,0.0,0.0,0.0,0.0,20.0,27.0,0.0,100.0,3.0
2001-12-26 21:30:00,355.37957244198424,355.37957244198424,0.0,0.0,20.0,27.0,0.0,100.0,1.0
2001-12-26 22:30:00,718.2913573654396,718.2913573654396,0.0,0.0,20.0,27.0,0.0,100.0,1.0
2001-12-26 23:30:00,920.7441576235815,920.7441576235815,0.0,0.0,20.0,27.0,0.0,100.0,1.0
2001-12-27 00:30:00,1050.5885883034534,1050.5885883034534,0.0,0.0,20.0,27.0,0.0,100.0,1.0
2001-12-27 01:30:00,1143.4435666987192,1143.4435666987192,0.0,0.0,20.0,27.0,0.0,100.0,1.0
2001-12-27 02:30:00,1212.878931238777,1212.878931238777,0.0,0.0,20.0,27.0,0.0,100.0,1.0
2001-12-27 03:30:00,1268.0742833552822,1268.0742833552822,0.0,0.0,20.0,27.0,0.0,100.0,1.0
2001-12-27 04:30:00,1310.7081175677313,1310.7081175677313,0.0,0.0,20.0,27.0,0.0,100.0,1.0
2001-12-27 05:30:00,1351.8297856248091,1351.8297856248091,0.0,0.0,20.0,27.0,0.0,100.0,1.0
2001-12-27 06:30:00,1389.8811711268518,1389.8811711268518,0.0,0.0,20.0,27.0,0.0,100.0,1.0
2001-12-27 07:30:00,1420.6845815602146,1420.6845815602146,0.0,0.0,20.0,27.0,0.0,100.0,1.0
2001-12-27 08:30:00,1404.7432685283566,1404.7432685283566,0.0,0.0,20.0,27.0,0.0,100.0,1.0
2001-12-27 09:30:00,0.0,0.0,0.0,0.0,20.0,27.0,0.0,100.0,3.0
2001-12-27 10:30:00,0.0,0.0,0.0,0.0,20.0,27.0,0.0,100.0,3.0
2001-12-27 11:30:00,-1230.5662552781205,-1230.5662552781205,0.0,0.0,20.0,27.0,0.0,100.0,-1.0
2001-12-27 12:30:00,-2335.9675594477294,-2335.9675594477294,0.0,0.0,20.0,27.0,0.0,100.0,-1.0
2001-12-27 13:30:00,-3134.8841437660876,-3134.8841437660876,0.0,0.0,20.0,27.0,0.0,100.0,-1.0
2001-12-27 14:30:00,-3279.080715344163,-3279.080715344163,0.0,0.0,20.0,27.0,0.0,100.0,-1.0
2001-12-27 15:30:00,-2598.027742467836,-2598.027742467836,0.0,0.0,20.0,27.0,0.0,100.0,-1.0
2001-12-27 16:30:00,-1710.8813561902489,-1710.8813561902489,0.0,0.0,20.0,27.0,0.0,100.0,-1.0
2001-12-27 17:30:00,-303.9920908168515,-303.9920908168515,0.0,0.0,20.0,27.0,0.0,100.0,-1.0
2001-12-27 18:30:00,0.0,0.0,0.0,0.0,20.0,27.0,0.0,100.0,3.0
2001-12-27 19:30:00,0.0,0.0,0.0,0.0,20.0,27.0,0.0,100.0,3.0
2001-12-27 20:30:00,0.0,0.0,0.0,0.0,20.0,27.0,0.0,100.0,3.0
2001-12-27 21:30:00,194.41601095287479,194.41601095287479,0.0,0.0,20.0,27.0,0.0,100.0,1.0
2001-12-27 22:30:00,587.7815023070561,587.7815023070561,0.0,0.0,20.0,27.0,0.0,100.0,1.0
2001-12-27 23:30:00,801.1260693038166,801.1260693038166,0.0,0.0,20.0,27.0,0.0,100.0,1.0
2001-12-28 00:30:00,936.5524007029289,936.5524007029289,0.0,0.0,20.0,27.0,0.0,100.0,1.0
2001-12-28 01:30:00,1041.735107624053,1041.735107624053,0.0,0.0,20.0,27.0,0.0,100.0,1.0
2001-12-28 02:30:00,1121.530888506978,1121.530888506978,0.0,0.0,20.0,27.0,0.0,100.0,1.0
2001-12-28 03:30:00,1182.2590663997053,1182.2590663997053,0.0,0.0,20.0,27.0,0.0,100.0,1.0
2001-12-28 04:30:00,1237.753757780839,1237.753757780839,0.0,0.0,20.0,27.0,0.0,100.0,1.0
2001-12-28 05:30:00,1288.4878960845008,1288.4878960845008,0.0,0.0,20.0,27.0,0.0,100.0,1.0
2001-12-28 06:30:00,1332.651716179349,1332.651716179349,0.0,0.0,20.0,27.0,0.0,100.0,1.0
2001-12-28 07:30:00,1382.5287613979144,1382.5287613979144,0.0,0.0,20.0,27.0,0.0,100.0,1.0
2001-12-28 08:30:00,1377.4971527701728,1377.4971527701728,0.0,0.0,20.0,27.0,0.0,100.0,1.0
2001-12-28 09:30:00,0.0,0.0,0.0,0.0,20.0,27.0,0.0,100.0,3.0
2001-12-28 10:30:00,0.0,0.0,0.0,0.0,20.0,27.0,0.0,100.0,3.0
2001-12-28 11:30:00,-1302.0451497807744,-1302.0451497807744,0.0,0.0,20.0,27.0,0.0,100.0,-1.0
2001-12-28 12:30:00,-2442.864784546292,-2442.864784546292,0.0,0.0,20.0,27.0,0.0,100.0,-1.0
2001-12-28 13:30:00,-2870.689503029803,-2870.689503029803,0.0,0.0,20.0,27.0,0.0,100.0,-1.0
2001-12-28 14:30:00,-3066.379990748869,-3066.379990748869,0.0,0.0,20.0,27.0,0.0,100.0,-1.0
2001-12-28 15:30:00,-2758.4568645602676,-2758.4568645602676,0.0,0.0,20.0,27.0,0.0,100.0,-1.0
2001-12-28 16:30:00,-1578.5419016995993,-1578.5419016995993,0.0,0.0,20.0,27.0,0.0,100.0,-1.0
2001-12-28 17:30:00,-231.6034637806797,-231.6034637806797,0.0,0.0,20.0,27.0,0.0,100.0,-1.0
2001-12-28 18:30:00,0.0,0.0,0.0,0.0,20.0,27.0,0.0,100.0,3.0
2001-12-28 19:30:00,0.0,0.0,0.0,0.0,20.0,27.0,0.0,100.0,3.0
2001-12-28 20:30:00,0.0,0.0,0.0,0.0,20.0,27.0,0.0,100.0,3.0
2001-12-28 21:30:00,202.839168305949,202.839168305949,0.0,0.0,20.0,27.0,0.0,100.0,1.0
2001-12-28 22:30:00,576.931025128496,576.931025128496,0.0,0.0,20.0,27.0,0.0,100.0,1.0
2001-12-28 23:30:00,777.3072958108633,777.3072958108633,0.0,0.0,20.0,27.0,0.0,100.0,1.0
2001-12-29 00:30:00,900.7536386353886,900.7536386353886,0.0,0.0,20.0,27.0,0.0,100.0,1.0
2001-12-29 01:30:00,984.9585475327804,984.9585475327804,0.0,0.0,20.0,27.0,0.0,100.0,1.0
2001-12-29 02:30:00,1045.21076478352,1045.21076478352,0.0,0.0,20.0,27.0,0.0,100.0,1.0
2001-12-29 03:30:00,1087.0452470121327,1087.0452470121327,0.0,0.0,20.0,27.0,0.0,100.0,1.0
2001-12-29 04:30:00,1124.0859388550816,1124.0859388550816,0.0,0.0,20.0,27.0,0.0,100.0,1.0
2001-12-29 05:30:00,1156.7351025912967,1156.7351025912967,0.0,0.0,20.0,27.0,0.0,100.0,1.0
2001-12-29 06:30:00,1183.067796837804,1183.067796837804,0.0,0.0,20.0,27.0,0.0,100.0,1.0
2001-12-29 07:30:00,1203.4784793190502,1203.4784793190502,0.0,0.0,20.0,27.0,0.0,100.0,1.0
2001-12-29 08:30:00,1193.0280164776723,1193.0280164776723,0.0,0.0,20.0,27.0,0.0,100.0,1.0
2001-12-29 09:30:00,153.50355672422847,153.50355672422847,0.0,0.0,20.0,27.0,0.0,100.0,1.0
2001-12-29 10:30:00,0.0,0.0,0.0,0.0,20.0,27.0,0.0,100.0,3.0
2001-12-29 11:30:00,-318.9521443714493,-318.9521443714493,0.0,0.0,20.0,27.0,0.0,100.0,-1.0
2001-12-29 12:30:00,-2138.0993064719396,-2138.0993064719396,0.0,0.0,20.0,27.0,0.0,100.0,-1.0
2001-12-29 13:30:00,-2928.2918779872807,-2928.2918779872807,0.0,0.0,20.0,27.0,0.0,100.0,-1.0
2001-12-29 14:30:00,-2943.684848574164,-2943.684848574164,0.0,0.0,20.0,27.0,0.0,100.0,-1.0
2001-12-29 15:30:00,-2236.4616162826323,-2236.4616162826323,0.0,0.0,20.0,27.0,0.0,100.0,-1.0
2001-12-29 16:30:00,-1442.5137156243954,-1442.5137156243954,0.0,0.0,20.0,27.0,0.0,100.0,-1.0
2001-12-29 17:30:00,-221.29949031587603,-221.29949031587603,0.0,0.0,20.0,27.0,0.0,100.0,-1.0
2001-12-29 18:30:00,0.0,0.0,0.0,0.0,20.0,27.0,0.0,100.0,3.0
2001-12-29 19:30:00,0.0,0.0,0.0,0.0,20.0,27.0,0.0,100.0,3.0
2001-12-29 20:30:00,0.0,0.0,0.0,0.0,20.0,27.0,0.0,100.0,3.0
2001-12-29 21:30:00,0.0,0.0,0.0,0.0,20.0,27.0,0.0,100.0,3.0
2001-12-29 22:30:00,339.8134264823402,339.8134264823402,0.0,0.0,20.0,27.0,0.0,100.0,1.0
2001-12-29 23:30:00,563.6048504442488,563.6048504442488,0.0,0.0,20.0,27.0,0.0,100.0,1.0
2001-12-30 00:30:00,695.1014213500075,695.1014213500075,0.0,0.0,20.0,27.0,0.0,100.0,1.0
2001-12-30 01:30:00,785.0057240620272,785.0057240620272,0.0,0.0,20.0,27.0,0.0,100.0,1.0
2001-12-30 02:30:00,848.9304203317206,848.9304203317206,0.0,0.0,20.0,27.0,0.0,100.0,1.0
2001-12-30 03:30:00,897.6352711609443,897.6352711609443,0.0,0.0,20.0,27.0,0.0,100.0,1.0
2001-12-30 04:30:00,937.0500655471042,937.0500655471042,0.0,0.0,20.0,27.0,0.0,100.0,1.0
2001-12-30 05:30:00,966.6982698831052,966.6982698831052,0.0,0.0,20.0,27.0,0.0,100.0,1.0
2001-12-30 06:30:00,999.1556062868312,999.1556062868312,0.0,0.0,20.0,27.0,0.0,100.0,1.0
2001-12-30 07:30:00,1026.0663732476041,1026.0663732476041,0.0,0.0,20.0,27.0,0.0,100.0,1.0
2001-12-30 08:30:00,986.8153089849056,986.8153089849056,0.0,0.0,20.0,27.0,0.0,100.0,1.0
2001-12-30 09:30:00,0.0,0.0,0.0,0.0,20.0,27.0,0.0,100.0,3.0
2001-12-30 10:30:00,0.0,0.0,0.0,0.0,20.0,27.0,0.0,100.0,3.0
2001-12-30 11:30:00,-844.8161000202335,-844.8161000202335,0.0,0.0,20.0,27.0,0.0,100.0,-1.0
2001-12-30 12:30:00,-2538.9807888205387,-2538.9807888205387,0.0,0.0,20.0,27.0,0.0,100.0,-1.0
2001-12-30 13:30:00,-3417.677532216584,-3417.677532216584,0.0,0.0,20.0,27.0,0.0,100.0,-1.0
2001-12-30 14:30:00,-3671.291837667174,-3671.291837667174,0.0,0.0,20.0,27.0,0.0,100.0,-1.0
2001-12-30 15:30:00,-3023.7145175301584,-3023.7145175301584,0.0,0.0,20.0,27.0,0.0,100.0,-1.0
2001-12-30 16:30:00,-1960.5668286567352,-1960.5668286567352,0.0,0.0,20.0,27.0,0.0,100.0,-1.0
2001-12-30 17:30:00,-636.3329009662639,-636.3329009662639,0.0,0.0,20.0,27.0,0.0,100.0,-1.0
2001-12-30 18:30:00,0.0,0.0,0.0,0.0,20.0,27.0,0.0,100.0,3.0
2001-12-30 19:30:00,0.0,0.0,0.0,0.0,20.0,27.0,0.0,100.0,3.0
2001-12-30 20:30:00,0.0,0.0,0.0,0.0,20.0,27.0,0.0,100.0,3.0
2001-12-30 21:30:00,0.0,0.0,0.0,0.0,20.0,27.0,0.0,100.0,3.0
2001-12-30 22:30:00,0.0,0.0,0.0,0.0,20.0,27.0,0.0,100.0,3.0
2001-12-30 23:30:00,350.73648737850453,350.73648737850453,0.0,0.0,20.0,27.0,0.0,100.0,1.0
2001-12-31 00:30:00,571.6425026525994,571.6425026525994,0.0,0.0,20.0,27.0,0.0,100.0,1.0
2001-12-31 01:30:00,725.0897485309115,725.0897485309115,0.0,0.0,20.0,27.0,0.0,100.0,1.0
2001-12-31 02:30:00,841.2248136009657,841.2248136009657,0.0,0.0,20.0,27.0,0.0,100.0,1.0
2001-12-31 03:30:00,940.182299979504,940.182299979504,0.0,0.0,20.0,27.0,0.0,100.0,1.0
2001-12-31 04:30:00,1022.861501592889,1022.861501592889,0.0,0.0,20.0,27.0,0.0,100.0,1.0
2001-12-31 05:30:00,1097.349842413878,1097.349842413878,0.0,0.0,20.0,27.0,0.0,100.0,1.0
2001-12-31 06:30:00,1168.1807686673637,1168.1807686673637,0.0,0.0,20.0,27.0,0.0,100.0,1.0
2001-12-31 07:30:00,1242.9288477374184,1242.9288477374184,0.0,0.0,20.0,27.0,0.0,100.0,1.0
2001-12-31 08:30:00,1215.5252087761319,1215.5252087761319,0.0,0.0,20.0,27.0,0.0,100.0,1.0
2001-12-31 09:30:00,28.231683578580487,28.231683578580487,0.0,0.0,20.0,27.0,0.0,100.0,1.0
2001-12-31 10:30:00,0.0,0.0,0.0,0.0,20.0,27.0,0.0,100.0,3.0
2001-12-31 11:30:00,-837.2123470598935,-837.2123470598935,0.0,0.0,20.0,27.0,0.0,100.0,-1.0
2001-12-31 12:30:00,-2042.1622120985112,-2042.1622120985112,0.0,0.0,20.0,27.0,0.0,100.0,-1.0
2001-12-31 13:30:00,-2101.4662394004654,-2101.4662394004654,0.0,0.0,20.0,27.0,0.0,100.0,-1.0
2001-12-31 14:30:00,-2462.894398158179,-2462.894398158179,0.0,0.0,20.0,27.0,0.0,100.0,-1.0
2001-12-31 15:30:00,-2270.545514134382,-2270.545514134382,0.0,0.0,20.0,27.0,0.0,100.0,-1.0
2001-12-31 16:30:00,-1552.419297976091,-1552.419297976091,0.0,0.0,20.0,27.0,0.0,100.0,-1.0
2001-12-31 17:30:00,-267.6089343191734,-267.6089343191734,0.0,0.0,20.0,27.0,0.0,100.0,-1.0
2001-12-31 18:30:00,0.0,0.0,0.0,0.0,20.0,27.0,0.0,100.0,3.0
2001-12-31 19:30:00,0.0,0.0,0.0,0.0,20.0,27.0,0.0,100.0,3.0
2001-12-31 20:30:00,0.0,0.0,0.0,0.0,20.0,27.0,0.0,100.0,3.0
2001-12-31 21:30:00,239.1407992098193,239.1407992098193,0.0,0.0,20.0,27.0,0.0,100.0,1.0
2001-12-31 22:30:00,654.2743193940705,654.2743193940705,0.0,0.0,20.0,27.0,0.0,100.0,1.0
2001-12-31 23:30:00,897.1006298582679,897.1006298582679,0.0,0.0,20.0,27.0,0.0,100.0,1.0
